Date,Open,High,Low,Close,Volume,Dividends,Stock Splits
2014-01-01,21222.189453125,21244.349609375,21133.8203125,21140.48046875,4000,0,0
2014-01-02,21179.91015625,21331.3203125,20846.669921875,20888.330078125,9300,0,0
2014-01-03,20819.580078125,20885.1796875,20731.330078125,20851.330078125,9300,0,0
2014-01-06,20913.7890625,20913.7890625,20721.98046875,20787.30078125,7600,0,0
2014-01-07,20845.76953125,20890.48046875,20637.1796875,20693.240234375,8100,0,0
2014-01-08,20767.419921875,20786.41015625,20688.1796875,20729.380859375,8000,0,0
2014-01-09,20755.73046875,20778.130859375,20652.689453125,20713.369140625,9000,0,0
2014-01-10,20760.720703125,20971.23046875,20625.169921875,20758.490234375,10400,0,0
2014-01-13,20850.5390625,21169.080078125,20850.5390625,21134.2109375,7900,0,0
2014-01-14,21115.0,21154.759765625,21009.05078125,21032.880859375,5600,0,0
2014-01-15,21091.4609375,21302.73046875,21091.4609375,21289.490234375,9400,0,0
2014-01-16,21366.91015625,21379.2890625,21199.650390625,21265.1796875,13400,0,0
2014-01-17,21236.650390625,21270.109375,21015.609375,21063.619140625,12000,0,0
2014-01-20,21083.529296875,21221.369140625,21001.130859375,21205.05078125,6000,0,0
2014-01-21,21237.9609375,21302.51953125,21189.19921875,21251.119140625,9400,0,0
2014-01-22,21251.650390625,21377.91015625,21168.4296875,21337.669921875,13400,0,0
2014-01-23,21319.689453125,21409.66015625,21264.7109375,21373.66015625,6500,0,0
2014-01-24,21289.150390625,21333.66015625,21123.990234375,21133.560546875,10800,0,0
2014-01-27,20899.029296875,20899.029296875,20688.029296875,20707.44921875,10100,0,0
2014-01-28,20721.169921875,20795.349609375,20554.279296875,20683.509765625,8200,0,0
2014-01-29,20784.0390625,20828.6796875,20613.619140625,20647.30078125,7800,0,0
2014-01-30,20491.740234375,20528.41015625,20343.779296875,20498.25,12600,0,0
2014-01-31,20544.640625,20572.3203125,20448.4296875,20513.849609375,6100,0,0
2014-02-03,20479.029296875,20480.349609375,20182.19921875,20209.259765625,5700,0,0
2014-02-04,20050.990234375,20255.51953125,19963.119140625,20211.9296875,9800,0,0
2014-02-05,20241.119140625,20289.330078125,20076.099609375,20261.029296875,9300,0,0
2014-02-06,20286.08984375,20358.189453125,20079.8203125,20310.740234375,12400,0,0
2014-02-07,20441.0390625,20450.509765625,20282.30078125,20376.560546875,11100,0,0
2014-02-10,20429.16015625,20434.5,20312.2109375,20334.26953125,7900,0,0
2014-02-11,20400.939453125,20443.349609375,20349.509765625,20363.369140625,9400,0,0
2014-02-12,20449.830078125,20516.599609375,20427.23046875,20448.490234375,10100,0,0
2014-02-13,20478.669921875,20503.859375,20164.669921875,20193.349609375,7900,0,0
2014-02-14,20265.130859375,20391.94921875,20149.009765625,20366.8203125,8300,0,0
2014-02-17,20438.869140625,20492.4296875,20338.94921875,20464.060546875,6100,0,0
2014-02-18,20457.560546875,20685.01953125,20436.48046875,20634.2109375,9400,0,0
2014-02-19,20643.849609375,20750.51953125,20629.560546875,20722.970703125,4700,0,0
2014-02-20,20661.0703125,20662.66015625,20522.0390625,20536.640625,6000,0,0
2014-02-21,20600.580078125,20725.0390625,20599.91015625,20700.75,6300,0,0
2014-02-24,20695.48046875,20828.630859375,20637.30078125,20811.439453125,12500,0,0
2014-02-25,20877.720703125,20912.5390625,20777.73046875,20852.470703125,9500,0,0
2014-02-26,20869.609375,21005.0390625,20860.01953125,20986.990234375,8500,0,0
2014-02-28,20995.390625,21140.509765625,20989.66015625,21120.119140625,11400,0,0
2014-03-03,21079.26953125,21140.0,20920.98046875,20946.650390625,121600,0,0
2014-03-04,20947.0,21224.640625,20940.390625,21209.73046875,9700,0,0
2014-03-05,21280.359375,21333.19921875,21176.16015625,21276.859375,7500,0,0
2014-03-06,21336.3203125,21525.140625,21329.880859375,21513.869140625,9700,0,0
2014-03-07,21539.439453125,21960.890625,21539.439453125,21919.7890625,15200,0,0
2014-03-10,21819.189453125,22023.98046875,21805.220703125,21934.830078125,15500,0,0
2014-03-11,21918.830078125,22018.51953125,21772.109375,21826.419921875,12000,0,0
2014-03-12,21793.3203125,21965.94921875,21768.140625,21856.220703125,10400,0,0
2014-03-13,21736.609375,21991.359375,21720.130859375,21774.609375,9500,0,0
2014-03-14,21648.05078125,21853.3203125,21573.48046875,21809.80078125,8800,0,0
2014-03-18,21849.650390625,22040.720703125,21785.380859375,21832.609375,8600,0,0
2014-03-19,21872.6796875,21895.830078125,21782.009765625,21832.859375,11000,0,0
2014-03-20,21797.609375,21853.25,21704.66015625,21740.08984375,7600,0,0
2014-03-21,21823.51953125,21870.109375,21729.900390625,21753.75,60600,0,0
2014-03-24,21827.5,22074.33984375,21827.5,22055.48046875,9000,0,0
2014-03-25,21948.310546875,22079.9609375,21916.869140625,22055.2109375,7800,0,0
2014-03-26,22134.7109375,22172.19921875,22020.580078125,22095.30078125,10600,0,0
2014-03-27,22116.23046875,22307.740234375,22094.2890625,22214.369140625,10400,0,0
2014-03-28,22273.439453125,22363.970703125,22185.109375,22339.970703125,9200,0,0
2014-03-31,22423.140625,22467.2109375,22253.779296875,22386.26953125,11200,0,0
2014-04-01,22455.23046875,22485.76953125,22295.650390625,22446.439453125,11000,0,0
2014-04-02,22550.580078125,22592.099609375,22473.4609375,22551.490234375,15700,0,0
2014-04-03,22598.189453125,22620.650390625,22369.279296875,22509.0703125,7400,0,0
2014-04-04,22522.4609375,22525.2109375,22339.400390625,22359.5,7100,0,0
2014-04-07,22355.560546875,22481.619140625,22197.509765625,22343.44921875,4700,0,0
2014-04-09,22389.2109375,22740.0390625,22379.94921875,22702.33984375,8500,0,0
2014-04-10,22729.4609375,22792.490234375,22644.4296875,22715.330078125,10900,0,0
2014-04-11,22642.05078125,22679.1796875,22526.890625,22628.9609375,9500,0,0
2014-04-15,22698.08984375,22737.310546875,22416.240234375,22484.9296875,8600,0,0
2014-04-16,22486.73046875,22533.609375,22247.390625,22277.23046875,6700,0,0
2014-04-17,22327.759765625,22648.689453125,22312.189453125,22628.83984375,8500,0,0
2014-04-21,22644.75,22795.580078125,22636.75,22764.830078125,9100,0,0
2014-04-22,22771.240234375,22853.029296875,22727.630859375,22758.369140625,9000,0,0
2014-04-23,22783.650390625,22912.51953125,22780.130859375,22876.5390625,7200,0,0
2014-04-25,22892.5,22939.310546875,22656.640625,22688.0703125,7500,0,0
2014-04-28,22717.58984375,22721.359375,22597.189453125,22631.609375,6900,0,0
2014-04-29,22654.279296875,22681.890625,22443.560546875,22466.189453125,7700,0,0
2014-04-30,22517.630859375,22680.4609375,22284.9609375,22417.80078125,9700,0,0
2014-05-02,22493.58984375,22575.619140625,22386.94921875,22403.890625,6300,0,0
2014-05-05,22412.80078125,22592.029296875,22354.44921875,22445.119140625,11700,0,0
2014-05-06,22512.23046875,22602.7109375,22475.650390625,22508.419921875,6200,0,0
2014-05-07,22488.9609375,22532.8203125,22286.259765625,22323.900390625,10800,0,0
2014-05-08,22382.140625,22443.130859375,22277.0390625,22344.0390625,6000,0,0
2014-05-09,22374.98046875,23048.490234375,22317.1796875,22994.23046875,11300,0,0
2014-05-12,23031.109375,23572.880859375,23008.650390625,23551.0,12400,0,0
2014-05-13,23729.779296875,24068.939453125,23729.25,23871.23046875,18200,0,0
2014-05-14,23897.880859375,23964.669921875,23753.359375,23815.119140625,11500,0,0
2014-05-15,23809.419921875,23971.779296875,23742.75,23905.599609375,14900,0,0
2014-05-16,24271.5390625,25375.630859375,23873.16015625,24121.740234375,35700,0,0
2014-05-19,24340.3203125,24448.470703125,24107.990234375,24363.05078125,23500,0,0
2014-05-20,24555.310546875,24587.16015625,24299.529296875,24376.880859375,19000,0,0
2014-05-21,24404.48046875,24419.5390625,24156.470703125,24298.01953125,18000,0,0
2014-05-22,24415.419921875,24524.759765625,24326.48046875,24374.400390625,14500,0,0
2014-05-23,24535.140625,24745.859375,24470.779296875,24693.349609375,21200,0,0
2014-05-26,24913.890625,25175.220703125,24433.900390625,24716.880859375,21900,0,0
2014-05-27,24748.099609375,24777.310546875,24422.330078125,24549.509765625,12600,0,0
2014-05-28,24591.609375,24643.330078125,24488.810546875,24556.08984375,15100,0,0
2014-05-29,24523.130859375,24528.19921875,24206.5,24234.150390625,16000,0,0
2014-05-30,24300.990234375,24353.58984375,24163.619140625,24217.33984375,14900,0,0
2014-06-02,24368.9609375,24709.08984375,24270.19921875,24684.849609375,14400,0,0
2014-06-03,24729.220703125,24892.060546875,24626.970703125,24858.58984375,21100,0,0
2014-06-04,24909.029296875,24925.900390625,24773.9296875,24805.830078125,14800,0,0
2014-06-05,24828.380859375,25044.060546875,24644.880859375,25019.509765625,17500,0,0
2014-06-06,25204.94921875,25419.140625,25129.759765625,25396.4609375,18100,0,0
2014-06-09,25543.599609375,25644.76953125,25496.83984375,25580.2109375,15300,0,0
2014-06-10,25706.349609375,25711.109375,25347.330078125,25583.689453125,13600,0,0
2014-06-11,25650.619140625,25735.869140625,25365.650390625,25473.890625,14000,0,0
2014-06-12,25597.2109375,25611.3203125,25409.689453125,25576.2109375,10200,0,0
2014-06-13,25677.05078125,25688.310546875,25171.609375,25228.169921875,14700,0,0
2014-06-16,25239.5,25268.41015625,25063.9296875,25190.48046875,12000,0,0
2014-06-17,25189.4609375,25545.880859375,25104.5,25521.189453125,11300,0,0
2014-06-18,25565.189453125,25609.279296875,25114.30078125,25246.25,13200,0,0
2014-06-19,25327.08984375,25425.849609375,25069.66015625,25201.80078125,15200,0,0
2014-06-20,25237.5390625,25276.310546875,25056.1796875,25105.509765625,8800,0,0
2014-06-23,25108.08984375,25197.5,24878.66015625,25031.3203125,10200,0,0
2014-06-24,25115.830078125,25414.689453125,25115.830078125,25368.900390625,9700,0,0
2014-06-25,25421.490234375,25427.80078125,25274.390625,25313.740234375,7700,0,0
2014-06-26,25217.689453125,25309.330078125,25021.23046875,25062.669921875,10300,0,0
2014-06-27,25132.080078125,25209.609375,25032.939453125,25099.919921875,10100,0,0
2014-06-30,25179.55078125,25460.9609375,25179.55078125,25413.779296875,9500,0,0
2014-07-01,25469.939453125,25571.900390625,25466.76953125,25516.349609375,10600,0,0
2014-07-02,25660.5703125,25864.529296875,25660.16015625,25841.2109375,12300,0,0
2014-07-03,25875.75,25999.080078125,25793.69921875,25823.75,3700,0,0
2014-07-04,25844.80078125,25981.509765625,25659.330078125,25962.060546875,9500,0,0
2014-07-07,26039.669921875,26123.55078125,25992.73046875,26100.080078125,8900,0,0
2014-07-08,26166.919921875,26190.439453125,25495.0390625,25582.109375,12700,0,0
2014-07-09,25615.279296875,25683.970703125,25364.76953125,25444.810546875,10500,0,0
2014-07-10,25513.740234375,25920.4609375,25239.890625,25372.75,16900,0,0
2014-07-11,25488.859375,25548.330078125,24978.330078125,25024.349609375,18600,0,0
2014-07-14,25093.16015625,25095.759765625,24892.0,25006.98046875,11400,0,0
2014-07-15,25100.900390625,25254.48046875,25020.3203125,25228.650390625,8100,0,0
2014-07-16,25322.169921875,25602.779296875,25246.75,25549.720703125,9600,0,0
2014-07-17,25540.919921875,25613.029296875,25494.4609375,25561.16015625,21900,0,0
2014-07-18,25558.48046875,25713.400390625,25441.240234375,25641.560546875,8300,0,0
2014-07-21,25776.5390625,25861.150390625,25677.7109375,25715.169921875,7600,0,0
2014-07-22,25784.48046875,26050.380859375,25780.390625,26025.80078125,8500,0,0
2014-07-23,26130.259765625,26188.640625,26000.400390625,26147.330078125,8200,0,0
2014-07-24,26188.5,26292.66015625,26077.69921875,26271.849609375,7800,0,0
2014-07-25,26257.140625,26300.169921875,26007.310546875,26126.75,11100,0,0
2014-07-28,26173.470703125,26181.830078125,25900.25,25991.23046875,7400,0,0
2014-07-30,26005.140625,26113.48046875,25850.0390625,26087.419921875,9200,0,0
2014-07-31,26105.890625,26118.880859375,25853.689453125,25894.970703125,9200,0,0
2014-08-01,25753.919921875,25862.6796875,25459.130859375,25480.83984375,12700,0,0
2014-08-04,25631.6796875,25754.419921875,25531.380859375,25723.16015625,7400,0,0
2014-08-05,25817.83984375,25928.3203125,25562.359375,25908.009765625,8800,0,0
2014-08-06,25892.55078125,25901.6796875,25621.849609375,25665.26953125,6800,0,0
2014-08-07,25668.7109375,25778.05078125,25526.05078125,25589.009765625,7100,0,0
2014-08-08,25406.869140625,25406.869140625,25232.8203125,25329.140625,7500,0,0
2014-08-11,25476.869140625,25553.439453125,25437.05078125,25519.240234375,6000,0,0
2014-08-12,25703.779296875,25904.98046875,25645.7890625,25880.76953125,8100,0,0
2014-08-13,25861.470703125,25972.619140625,25791.7890625,25918.94921875,8800,0,0
2014-08-14,25948.30078125,26135.0,25945.349609375,26103.23046875,10100,0,0
2014-08-18,26123.689453125,26413.109375,26075.279296875,26390.9609375,8200,0,0
2014-08-19,26482.560546875,26530.669921875,26387.83984375,26420.669921875,10400,0,0
2014-08-20,26496.2890625,26504.51953125,26277.609375,26314.2890625,8900,0,0
2014-08-21,26322.66015625,26464.80078125,26262.51953125,26360.109375,6500,0,0
2014-08-22,26419.529296875,26508.26953125,26383.16015625,26419.55078125,6700,0,0
2014-08-25,26490.310546875,26630.740234375,26401.640625,26437.01953125,10000,0,0
2014-08-26,26349.869140625,26481.970703125,26314.890625,26442.810546875,9500,0,0
2014-08-27,26553.240234375,26599.119140625,26492.5,26560.150390625,6600,0,0
2014-08-28,26620.1796875,26674.380859375,26573.689453125,26638.109375,6700,0,0
2014-09-01,26733.1796875,26900.30078125,26732.390625,26867.55078125,9200,0,0
2014-09-02,26888.2109375,27082.849609375,26886.220703125,27019.390625,8000,0,0
2014-09-03,27128.060546875,27225.849609375,27067.01953125,27139.939453125,9700,0,0
2014-09-04,27164.94921875,27169.119140625,26972.390625,27085.9296875,7400,0,0
2014-09-05,27127.259765625,27178.80078125,26920.560546875,27026.69921875,7100,0,0
2014-09-08,27145.119140625,27354.990234375,27144.560546875,27319.849609375,7300,0,0
2014-09-09,27316.4296875,27328.26953125,27177.08984375,27265.3203125,7600,0,0
2014-09-10,27230.939453125,27251.439453125,27018.109375,27057.41015625,5900,0,0
2014-09-11,27143.220703125,27150.779296875,26904.5,26995.869140625,7600,0,0
2014-09-12,27048.150390625,27096.869140625,26965.91015625,27061.0390625,8000,0,0
2014-09-15,26998.0703125,26998.0703125,26790.91015625,26816.560546875,6000,0,0
2014-09-16,26854.900390625,26861.2890625,26464.029296875,26492.509765625,9400,0,0
2014-09-17,26627.2109375,26682.640625,26511.7109375,26631.2890625,7600,0,0
2014-09-18,26573.890625,27132.19921875,26503.080078125,27112.2109375,7000,0,0
2014-09-19,27139.390625,27247.169921875,27047.6796875,27090.419921875,7300,0,0
2014-09-22,27008.119140625,27254.80078125,26918.9296875,27206.740234375,7100,0,0
2014-09-23,27244.98046875,27256.869140625,26744.0703125,26775.689453125,7900,0,0
2014-09-24,26817.939453125,26844.69921875,26560.0,26744.689453125,12300,0,0
2014-09-25,26808.66015625,26814.19921875,26349.55078125,26468.359375,11000,0,0
2014-09-26,26429.30078125,26721.029296875,26220.490234375,26626.3203125,10000,0,0
2014-09-29,26694.41015625,26715.76953125,26518.009765625,26597.109375,6500,0,0
2014-09-30,26610.7109375,26851.330078125,26481.310546875,26630.509765625,8200,0,0
2014-10-01,26681.470703125,26683.69921875,26548.220703125,26567.990234375,7900,0,0
2014-10-07,26487.509765625,26570.380859375,26250.240234375,26271.970703125,10200,0,0
2014-10-08,26229.669921875,26338.310546875,26150.08984375,26246.7890625,8600,0,0
2014-10-09,26394.369140625,26688.69921875,26394.2109375,26637.279296875,7500,0,0
2014-10-10,26551.740234375,26555.919921875,26261.609375,26297.380859375,9200,0,0
2014-10-13,26275.0703125,26443.16015625,26092.689453125,26384.0703125,6400,0,0
2014-10-14,26537.419921875,26550.7890625,26212.009765625,26349.330078125,11900,0,0
2014-10-16,26260.349609375,26462.080078125,25933.98046875,25999.33984375,10700,0,0
2014-10-17,25950.0,26248.5390625,25910.76953125,26108.529296875,9400,0,0
2014-10-20,26434.16015625,26517.900390625,26368.939453125,26429.849609375,9300,0,0
2014-10-21,26552.44921875,26615.41015625,26407.0,26575.650390625,8400,0,0
2014-10-22,26782.5703125,26818.330078125,26712.2109375,26787.23046875,6000,0,0
2014-10-27,26959.5703125,26994.9609375,26726.83984375,26752.900390625,6500,0,0
2014-10-28,26788.73046875,26907.140625,26764.150390625,26880.8203125,6800,0,0
2014-10-29,27017.439453125,27126.30078125,26971.16015625,27098.169921875,8100,0,0
2014-10-30,27098.939453125,27390.599609375,27088.650390625,27346.330078125,7000,0,0
2014-10-31,27439.060546875,27894.3203125,27438.279296875,27865.830078125,11600,0,0
2014-11-03,27943.0390625,27969.8203125,27785.400390625,27860.380859375,9500,0,0
2014-11-05,27907.189453125,28010.390625,27857.650390625,27915.880859375,8700,0,0
2014-11-07,27902.7109375,27980.9296875,27739.560546875,27868.630859375,10500,0,0
2014-11-10,27919.44921875,28027.9609375,27764.75,27874.73046875,7900,0,0
2014-11-11,27911.25,27996.919921875,27790.400390625,27910.060546875,7000,0,0
2014-11-12,27958.640625,28126.48046875,27958.640625,28008.900390625,7000,0,0
2014-11-13,28048.560546875,28098.740234375,27822.69921875,27940.640625,8700,0,0
2014-11-14,27949.5390625,28093.23046875,27912.900390625,28046.66015625,9900,0,0
2014-11-17,28018.6796875,28205.7109375,27921.33984375,28177.880859375,6700,0,0
2014-11-18,28209.029296875,28282.849609375,28119.94921875,28163.2890625,7300,0,0
2014-11-19,28193.900390625,28294.009765625,27963.509765625,28032.849609375,6800,0,0
2014-11-20,28100.83984375,28118.529296875,27915.23046875,28067.560546875,8700,0,0
2014-11-21,28100.099609375,28360.66015625,28038.400390625,28334.630859375,10100,0,0
2014-11-24,28413.009765625,28541.9609375,28394.48046875,28499.5390625,9700,0,0
2014-11-25,28520.759765625,28541.220703125,28217.5,28338.05078125,10800,0,0
2014-11-26,28321.580078125,28470.150390625,28261.310546875,28386.189453125,8700,0,0
2014-11-27,28397.80078125,28498.30078125,28307.580078125,28438.91015625,11900,0,0
2014-11-28,28490.7109375,28822.369140625,28483.990234375,28693.990234375,14600,0,0
2014-12-01,28748.220703125,28809.640625,28538.439453125,28559.619140625,8300,0,0
2014-12-02,28522.4609375,28576.390625,28386.4609375,28444.009765625,11200,0,0
2014-12-03,28472.3203125,28504.650390625,28370.73046875,28442.7109375,10100,0,0
2014-12-04,28616.9296875,28808.779296875,28448.94921875,28562.8203125,10400,0,0
2014-12-05,28604.5,28651.75,28409.05078125,28458.099609375,7700,0,0
2014-12-08,28433.0,28494.849609375,28097.119140625,28119.400390625,9500,0,0
2014-12-09,28134.220703125,28157.529296875,27763.8203125,27797.009765625,9600,0,0
2014-12-10,27711.9609375,27905.25,27710.029296875,27831.099609375,9900,0,0
2014-12-11,27796.33984375,27796.33984375,27539.470703125,27602.009765625,9800,0,0
2014-12-12,27598.9609375,27692.3203125,27320.05078125,27350.6796875,10900,0,0
2014-12-15,27136.279296875,27392.1796875,27105.0390625,27319.560546875,9100,0,0
2014-12-16,27181.1796875,27199.369140625,26736.23046875,26781.439453125,14300,0,0
2014-12-17,26724.009765625,26871.91015625,26469.419921875,26710.130859375,16600,0,0
2014-12-18,27053.859375,27180.919921875,26900.5703125,27126.5703125,11200,0,0
2014-12-19,27292.55078125,27497.119140625,27292.140625,27371.83984375,11800,0,0
2014-12-22,27479.869140625,27725.26953125,27382.3203125,27701.7890625,7400,0,0
2014-12-23,27733.119140625,27851.099609375,27475.130859375,27506.4609375,8600,0,0
2014-12-24,27530.259765625,27571.25,27146.51953125,27208.609375,10600,0,0
2014-12-30,27478.30078125,27478.30078125,27312.2890625,27403.5390625,6100,0,0
2014-12-31,27358.30078125,27527.240234375,27346.0,27499.419921875,6500,0,0
2015-01-02,27521.279296875,27937.470703125,27519.259765625,27887.900390625,7400,0,0
2015-01-05,27978.4296875,28064.490234375,27786.849609375,27842.3203125,9200,0,0
2015-01-06,27694.23046875,27698.9296875,26937.060546875,26987.4609375,14100,0,0
2015-01-07,26983.4296875,27051.599609375,26776.119140625,26908.8203125,12200,0,0
2015-01-08,27178.76953125,27316.41015625,27101.939453125,27274.7109375,8200,0,0
2015-01-09,27404.189453125,27507.669921875,27119.630859375,27458.380859375,11100,0,0
2015-01-12,27523.859375,27620.66015625,27323.740234375,27585.26953125,7500,0,0
2015-01-13,27611.560546875,27670.189453125,27324.580078125,27425.73046875,7800,0,0
2015-01-14,27432.140625,27512.80078125,27203.25,27346.8203125,10200,0,0
2015-01-15,27831.16015625,28194.609375,27703.69921875,28075.55078125,16700,0,0
2015-01-16,28056.609375,28176.099609375,27945.310546875,28121.890625,12100,0,0
2015-01-19,28249.83984375,28334.060546875,28197.359375,28262.009765625,10900,0,0
2015-01-20,28324.849609375,28829.2890625,28324.849609375,28784.669921875,11100,0,0
2015-01-21,28843.08984375,28958.099609375,28792.5703125,28888.859375,15400,0,0
2015-01-22,28957.7890625,29060.41015625,28892.23046875,29006.01953125,11100,0,0
2015-01-23,29189.44921875,29408.73046875,29165.560546875,29278.83984375,11900,0,0
2015-01-27,29451.650390625,29618.58984375,29286.08984375,29571.0390625,11300,0,0
2015-01-28,29565.720703125,29786.3203125,29417.669921875,29559.1796875,11200,0,0
2015-01-29,29516.490234375,29740.630859375,29378.30078125,29681.76953125,12700,0,0
2015-01-30,29801.599609375,29844.16015625,29070.48046875,29182.94921875,15800,0,0
2015-02-02,29143.630859375,29268.130859375,28958.51953125,29122.26953125,18000,0,0
2015-02-03,29217.400390625,29253.060546875,28900.41015625,29000.140625,16600,0,0
2015-02-04,29129.849609375,29133.619140625,28824.6796875,28883.109375,15800,0,0
2015-02-05,28912.380859375,29277.830078125,28753.2890625,28850.970703125,12800,0,0
2015-02-06,28892.2109375,28922.849609375,28647.140625,28717.91015625,11400,0,0
2015-02-09,28566.5,28566.5,28183.3203125,28227.390625,11700,0,0
2015-02-10,28122.48046875,28633.720703125,28044.490234375,28355.619140625,14600,0,0
2015-02-11,28450.259765625,28618.91015625,28424.390625,28533.970703125,13800,0,0
2015-02-12,28650.25,28838.51953125,28406.25,28805.099609375,13800,0,0
2015-02-13,28888.990234375,29154.669921875,28835.69921875,29094.9296875,17600,0,0
2015-02-16,29170.76953125,29325.349609375,29083.400390625,29135.880859375,10500,0,0
2015-02-18,29136.0703125,29411.3203125,29126.91015625,29320.259765625,11000,0,0
2015-02-19,29434.91015625,29522.859375,29108.150390625,29462.26953125,11900,0,0
2015-02-20,29446.2109375,29462.08984375,29178.259765625,29231.41015625,11500,0,0
2015-02-23,29316.580078125,29362.9609375,28913.16015625,28975.109375,8800,0,0
2015-02-24,29016.55078125,29130.669921875,28875.939453125,29004.66015625,10200,0,0
2015-02-25,29115.3203125,29269.830078125,28967.609375,29007.990234375,8000,0,0
2015-02-26,29051.900390625,29069.130859375,28693.8203125,28746.650390625,10700,0,0
2015-02-27,28865.119140625,29254.01953125,28837.060546875,29220.119140625,16500,0,0
2015-03-02,29533.419921875,29576.3203125,29259.76953125,29459.140625,15300,0,0
2015-03-03,29500.189453125,29636.859375,29364.869140625,29593.73046875,12200,0,0
2015-03-04,29937.26953125,30024.740234375,29289.05078125,29380.73046875,17000,0,0
2015-03-05,29436.76953125,29518.3203125,29162.470703125,29448.94921875,13400,0,0
2015-03-09,29316.5390625,29321.060546875,28799.759765625,28844.779296875,11800,0,0
2015-03-10,28924.060546875,28949.109375,28584.490234375,28709.869140625,11200,0,0
2015-03-11,28725.75,28843.23046875,28608.1796875,28659.169921875,12500,0,0
2015-03-12,28798.609375,28971.009765625,28772.7109375,28930.41015625,11100,0,0
2015-03-13,29134.9296875,29183.759765625,28448.48046875,28503.30078125,11500,0,0
2015-03-16,28546.310546875,28581.8203125,28384.08984375,28437.7109375,11100,0,0
2015-03-17,28595.0,28784.349609375,28435.44921875,28736.380859375,11000,0,0
2015-03-18,28766.869140625,28806.970703125,28546.759765625,28622.119140625,9700,0,0
2015-03-19,28805.220703125,28978.740234375,28411.69921875,28469.669921875,11400,0,0
2015-03-20,28465.439453125,28484.359375,28209.66015625,28261.080078125,13900,0,0
2015-03-23,28317.2890625,28385.140625,28163.900390625,28192.01953125,10000,0,0
2015-03-24,28209.330078125,28455.3203125,28130.08984375,28161.720703125,9700,0,0
2015-03-25,28216.08984375,28249.599609375,28031.419921875,28111.830078125,17400,0,0
2015-03-26,27937.619140625,27997.140625,27384.869140625,27457.580078125,12700,0,0
2015-03-27,27649.779296875,27694.41015625,27248.44921875,27458.640625,11400,0,0
2015-03-30,27655.7890625,28017.970703125,27624.759765625,27975.859375,11100,0,0
2015-03-31,28069.849609375,28180.640625,27868.2109375,27957.490234375,11100,0,0
2015-04-01,27954.859375,28298.33984375,27889.01953125,28260.140625,8100,0,0
2015-04-06,28351.939453125,28530.810546875,28221.990234375,28504.4609375,8300,0,0
2015-04-07,28582.330078125,28641.080078125,28274.359375,28516.58984375,11900,0,0
2015-04-08,28601.490234375,28763.060546875,28566.609375,28707.75,9800,0,0
2015-04-09,28858.419921875,28906.7109375,28622.439453125,28885.2109375,13100,0,0
2015-04-10,28889.26953125,28907.810546875,28756.75,28879.380859375,8000,0,0
2015-04-13,28955.130859375,29072.509765625,28843.939453125,29044.439453125,8500,0,0
2015-04-15,29087.25,29094.609375,28721.630859375,28799.689453125,10500,0,0
2015-04-16,28876.23046875,28876.23046875,28497.69921875,28666.0390625,8400,0,0
2015-04-17,28682.970703125,28696.189453125,28403.759765625,28442.099609375,13900,0,0
2015-04-20,28525.650390625,28539.4609375,27802.369140625,27886.2109375,19000,0,0
2015-04-21,27860.509765625,27976.9296875,27598.2109375,27676.0390625,20700,0,0
2015-04-22,27756.6796875,27947.259765625,27385.48046875,27890.130859375,11700,0,0
2015-04-23,27977.26953125,28087.779296875,27621.1796875,27735.01953125,11400,0,0
2015-04-24,27804.580078125,27829.109375,27344.69921875,27437.939453125,12000,0,0
2015-04-27,27565.490234375,27567.279296875,27141.55078125,27176.990234375,12100,0,0
2015-04-28,27215.609375,27482.140625,27073.25,27396.380859375,10300,0,0
2015-04-29,27395.7109375,27438.9609375,27176.5390625,27225.9296875,9500,0,0
2015-04-30,27242.05078125,27242.05078125,26897.5390625,27011.310546875,10900,0,0
2015-05-04,27204.630859375,27537.849609375,27159.44921875,27490.58984375,8300,0,0
2015-05-05,27561.3203125,27603.7109375,27338.23046875,27440.140625,11300,0,0
2015-05-06,27473.359375,27501.150390625,26677.640625,26717.369140625,14200,0,0
2015-05-07,26721.33984375,26850.369140625,26423.990234375,26599.109375,12500,0,0
2015-05-08,26814.380859375,27196.279296875,26814.380859375,27105.390625,8800,0,0
2015-05-11,27249.419921875,27544.240234375,27231.279296875,27507.30078125,11300,0,0
2015-05-12,27502.91015625,27502.91015625,26837.390625,26877.48046875,12400,0,0
2015-05-13,27023.7109375,27299.80078125,26750.009765625,27251.099609375,13600,0,0
2015-05-14,27290.169921875,27293.990234375,26948.619140625,27206.060546875,8900,0,0
2015-05-15,27233.900390625,27379.5703125,27159.759765625,27324.0,9300,0,0
2015-05-18,27416.970703125,27725.970703125,27370.279296875,27687.30078125,7800,0,0
2015-05-19,27663.080078125,27872.23046875,27574.0703125,27645.529296875,10600,0,0
2015-05-20,27749.30078125,27903.009765625,27743.990234375,27837.2109375,16400,0,0
2015-05-21,27885.359375,27911.439453125,27712.73046875,27809.349609375,8400,0,0
2015-05-22,27849.5390625,28071.16015625,27828.609375,27957.5,17800,0,0
2015-05-25,27893.25,27903.2890625,27614.3203125,27643.880859375,8300,0,0
2015-05-26,27633.66015625,27675.939453125,27473.5390625,27531.41015625,7100,0,0
2015-05-27,27447.400390625,27595.80078125,27363.720703125,27564.66015625,8600,0,0
2015-05-28,27619.310546875,27666.369140625,27354.349609375,27506.7109375,9000,0,0
2015-05-29,27553.029296875,27888.3203125,27467.23046875,27828.439453125,12500,0,0
2015-06-01,27770.7890625,27959.4296875,27737.580078125,27848.990234375,9600,0,0
2015-06-02,27890.73046875,27902.529296875,27146.6796875,27188.380859375,14500,0,0
2015-06-03,27230.6796875,27276.220703125,26698.259765625,26837.19921875,14000,0,0
2015-06-04,26940.640625,26948.83984375,26551.970703125,26813.419921875,11600,0,0
2015-06-05,26819.8203125,27014.419921875,26718.439453125,26768.490234375,11900,0,0
2015-06-08,26814.310546875,26827.060546875,26472.869140625,26523.08984375,7900,0,0
2015-06-09,26510.2890625,26604.650390625,26438.3203125,26481.25,11000,0,0
2015-06-10,26517.3203125,26934.740234375,26493.2890625,26840.5,8400,0,0
2015-06-11,26959.98046875,27000.140625,26348.9296875,26370.98046875,11300,0,0
2015-06-12,26340.3203125,26489.580078125,26307.0703125,26425.30078125,9600,0,0
2015-06-15,26498.669921875,26728.599609375,26307.83984375,26586.55078125,11000,0,0
2015-06-16,26586.859375,26731.349609375,26379.9296875,26686.509765625,13100,0,0
2015-06-17,26815.41015625,26983.48046875,26728.890625,26832.66015625,23000,0,0
2015-06-18,26916.990234375,27175.390625,26910.259765625,27115.830078125,10500,0,0
2015-06-19,27207.759765625,27404.599609375,27202.380859375,27316.169921875,8100,0,0
2015-06-22,27427.189453125,27782.310546875,27417.029296875,27730.2109375,8100,0,0
2015-06-23,27760.109375,27882.66015625,27666.58984375,27804.369140625,8600,0,0
2015-06-24,27852.3203125,27948.240234375,27647.2890625,27729.669921875,9400,0,0
2015-06-25,27660.220703125,27968.75,27635.759765625,27895.970703125,10100,0,0
2015-06-26,27880.720703125,27921.859375,27675.16015625,27811.83984375,9600,0,0
2015-06-29,27451.0703125,27695.3203125,27209.189453125,27645.150390625,10900,0,0
2015-06-30,27627.390625,27814.529296875,27570.94921875,27780.830078125,9500,0,0
2015-07-01,27823.650390625,28099.25,27799.91015625,28020.869140625,18400,0,0
2015-07-02,28100.380859375,28115.9609375,27906.349609375,27945.80078125,6800,0,0
2015-07-03,27973.119140625,28135.4296875,27897.44921875,28092.7890625,6000,0,0
2015-07-06,27857.19921875,28235.310546875,27774.80078125,28208.759765625,8300,0,0
2015-07-07,28220.109375,28335.23046875,28084.359375,28171.689453125,8000,0,0
2015-07-08,28031.44921875,28031.44921875,27635.720703125,27687.720703125,13700,0,0
2015-07-09,27681.490234375,27798.130859375,27540.599609375,27573.66015625,8200,0,0
2015-07-10,27705.359375,27729.4609375,27530.900390625,27661.400390625,10800,0,0
2015-07-13,27739.3203125,28005.169921875,27635.060546875,27961.189453125,7800,0,0
2015-07-14,27986.919921875,28018.58984375,27853.9609375,27932.900390625,6900,0,0
2015-07-15,28022.140625,28218.369140625,27986.48046875,28198.2890625,6000,0,0
2015-07-16,28259.69921875,28478.4296875,28245.810546875,28446.119140625,8500,0,0
2015-07-17,28480.919921875,28576.3203125,28417.4609375,28463.310546875,7300,0,0
2015-07-20,28544.279296875,28549.130859375,28319.830078125,28420.119140625,6600,0,0
2015-07-21,28381.8203125,28518.060546875,28138.30078125,28182.140625,11700,0,0
2015-07-22,28159.419921875,28546.419921875,28070.91015625,28504.9296875,9500,0,0
2015-07-23,28540.970703125,28578.330078125,28315.369140625,28370.83984375,8900,0,0
2015-07-24,28390.5,28402.640625,28083.759765625,28112.310546875,9300,0,0
2015-07-27,28117.650390625,28117.650390625,27529.5703125,27561.380859375,9500,0,0
2015-07-28,27630.2109375,27676.650390625,27416.390625,27459.23046875,11800,0,0
2015-07-29,27540.4609375,27609.2890625,27470.08984375,27563.4296875,8600,0,0
2015-07-30,27685.8203125,27854.4609375,27649.970703125,27705.349609375,9400,0,0
2015-07-31,27814.509765625,28161.169921875,27814.509765625,28114.560546875,15000,0,0
2015-08-03,28089.08984375,28263.349609375,28071.369140625,28187.060546875,10200,0,0
2015-08-04,28225.0390625,28264.720703125,27866.119140625,28071.9296875,13600,0,0
2015-08-05,28138.0390625,28315.7109375,28135.6796875,28223.080078125,9800,0,0
2015-08-06,28291.880859375,28359.9609375,28163.689453125,28298.130859375,7500,0,0
2015-08-07,28327.109375,28335.669921875,28193.9296875,28236.390625,10300,0,0
2015-08-10,28250.779296875,28417.58984375,28017.849609375,28101.720703125,8700,0,0
2015-08-11,28193.259765625,28205.119140625,27825.830078125,27866.08984375,14700,0,0
2015-08-12,27880.759765625,27883.330078125,27479.4296875,27512.259765625,18200,0,0
2015-08-13,27635.25,27791.099609375,27496.2890625,27549.529296875,15900,0,0
2015-08-14,27668.060546875,28100.640625,27643.19921875,28067.310546875,13200,0,0
2015-08-17,28093.5390625,28095.970703125,27739.130859375,27878.26953125,12300,0,0
2015-08-18,27949.130859375,28040.73046875,27747.400390625,27831.5390625,11800,0,0
2015-08-19,27851.810546875,28021.390625,27721.25,27931.640625,10900,0,0
2015-08-20,27959.189453125,27964.599609375,27564.16015625,27607.8203125,14400,0,0
2015-08-21,27440.099609375,27442.8203125,27131.439453125,27366.0703125,14000,0,0
2015-08-24,26730.400390625,26730.400390625,25624.720703125,25741.560546875,26000,0,0
2015-08-25,25916.259765625,26124.830078125,25298.419921875,26032.380859375,21200,0,0
2015-08-26,26063.26953125,26156.609375,25657.560546875,25714.66015625,13400,0,0
2015-08-27,26137.029296875,26302.76953125,25943.75,26231.189453125,18600,0,0
2015-08-28,26542.83984375,26687.330078125,26270.169921875,26392.380859375,12100,0,0
2015-08-31,26469.419921875,26504.73046875,26215.16015625,26283.08984375,10000,0,0
2015-09-01,26127.0390625,26141.0703125,25579.880859375,25696.439453125,14000,0,0
2015-09-02,25891.94921875,25939.369140625,25395.08984375,25453.560546875,16200,0,0
2015-09-03,25614.689453125,25835.41015625,25555.76953125,25764.779296875,11300,0,0
2015-09-04,25772.580078125,25775.380859375,25119.060546875,25201.900390625,14100,0,0
2015-09-07,25302.98046875,25387.3203125,24851.76953125,24893.810546875,12800,0,0
2015-09-08,24972.009765625,25411.0,24833.5390625,25317.869140625,12600,0,0
2015-09-09,25682.869140625,25820.560546875,25553.609375,25719.580078125,14400,0,0
2015-09-10,25522.9609375,25733.69921875,25287.5,25622.169921875,14600,0,0
2015-09-11,25793.76953125,25875.9609375,25530.41015625,25610.2109375,11800,0,0
2015-09-14,25706.869140625,25891.73046875,25531.0703125,25856.69921875,8800,0,0
2015-09-15,25908.33984375,25909.830078125,25649.369140625,25705.9296875,11200,0,0
2015-09-16,25884.05078125,26006.75,25816.5,25963.970703125,9600,0,0
2015-09-18,26130.359375,26471.8203125,26130.359375,26218.91015625,56600,0,0
2015-09-21,26107.98046875,26233.4609375,25972.5390625,26192.98046875,8100,0,0
2015-09-22,26274.369140625,26339.099609375,25571.33984375,25651.83984375,13600,0,0
2015-09-23,25526.529296875,25934.01953125,25386.48046875,25822.990234375,11700,0,0
2015-09-24,25798.05078125,25949.900390625,25670.9609375,25863.5,11800,0,0
2015-09-28,25922.7109375,25936.890625,25593.560546875,25616.83984375,11700,0,0
2015-09-29,25496.380859375,26054.369140625,25287.330078125,25778.66015625,20700,0,0
2015-09-30,25986.51953125,26179.69921875,25918.2109375,26154.830078125,27500,0,0
2015-10-01,26344.189453125,26431.80078125,26168.7109375,26220.94921875,11000,0,0
2015-10-05,26379.419921875,26822.419921875,26375.310546875,26785.55078125,11400,0,0
2015-10-06,26976.66015625,27010.26953125,26751.25,26932.880859375,13600,0,0
2015-10-07,26966.859375,27082.279296875,26877.509765625,27035.849609375,17100,0,0
2015-10-08,27116.859375,27120.109375,26762.359375,26845.810546875,14900,0,0
2015-10-09,26974.919921875,27200.439453125,26910.58984375,27079.509765625,18800,0,0
2015-10-12,27242.599609375,27305.0390625,26855.75,26904.109375,18400,0,0
2015-10-13,26874.2890625,26918.51953125,26719.099609375,26846.529296875,10800,0,0
2015-10-14,26760.3203125,26869.080078125,26713.279296875,26779.66015625,10900,0,0
2015-10-15,26842.189453125,27037.94921875,26836.76953125,27010.140625,12700,0,0
2015-10-16,27062.80078125,27239.220703125,26917.119140625,27214.599609375,10200,0,0
2015-10-19,27305.619140625,27387.91015625,27246.7890625,27364.919921875,8200,0,0
2015-10-20,27402.900390625,27432.0703125,27216.400390625,27306.830078125,9200,0,0
2015-10-21,27312.349609375,27445.240234375,27190.55078125,27287.66015625,9700,0,0
2015-10-23,27466.640625,27555.060546875,27421.7109375,27470.810546875,9900,0,0
2015-10-26,27575.0390625,27618.140625,27318.19921875,27361.9609375,11300,0,0
2015-10-27,27291.060546875,27296.30078125,27209.51953125,27253.439453125,10100,0,0
2015-10-28,27131.7109375,27163.98046875,26919.9609375,27039.759765625,10500,0,0
2015-10-29,27083.69921875,27099.109375,26794.099609375,26838.140625,9900,0,0
2015-10-30,26878.48046875,26942.2890625,26585.19921875,26656.830078125,14000,0,0
2015-11-02,26641.689453125,26824.30078125,26378.259765625,26559.150390625,8800,0,0
2015-11-03,26660.7109375,26732.240234375,26514.48046875,26590.58984375,8500,0,0
2015-11-04,26704.01953125,26800.060546875,26510.310546875,26552.919921875,8000,0,0
2015-11-05,26557.80078125,26557.80078125,26243.19921875,26304.19921875,12300,0,0
2015-11-06,26284.009765625,26438.859375,26190.1796875,26265.240234375,15600,0,0
2015-11-09,25809.0,26193.169921875,25656.900390625,26121.400390625,13300,0,0
2015-11-10,26094.08984375,26094.08984375,25709.23046875,25743.259765625,12800,0,0
2015-11-13,25724.08984375,25724.08984375,25540.73046875,25610.529296875,11500,0,0
2015-11-16,25580.150390625,25866.419921875,25451.419921875,25760.099609375,11300,0,0
2015-11-17,25897.880859375,25948.19921875,25732.7890625,25864.470703125,10700,0,0
2015-11-18,25837.7109375,25890.359375,25453.3203125,25482.51953125,16100,0,0
2015-11-19,25640.33984375,25884.51953125,25603.099609375,25841.919921875,9900,0,0
2015-11-20,25856.130859375,26058.759765625,25769.810546875,25868.490234375,10000,0,0
2015-11-23,25945.140625,25958.0390625,25747.009765625,25819.33984375,10100,0,0
2015-11-24,25785.609375,25901.560546875,25703.859375,25775.740234375,7500,0,0
2015-11-26,25769.810546875,26016.0390625,25769.810546875,25958.630859375,8400,0,0
2015-11-27,26003.19921875,26184.650390625,25937.3203125,26128.19921875,10400,0,0
2015-11-30,26142.529296875,26231.060546875,26089.130859375,26145.669921875,8300,0,0
2015-12-01,26201.26953125,26246.01953125,26121.51953125,26169.41015625,11000,0,0
2015-12-02,26239.390625,26256.419921875,26041.6796875,26117.849609375,10100,0,0
2015-12-03,26123.859375,26123.859375,25857.349609375,25886.619140625,9500,0,0
2015-12-04,25810.060546875,25810.060546875,25623.7109375,25638.109375,10500,0,0
2015-12-07,25746.029296875,25785.529296875,25477.689453125,25530.109375,8700,0,0
2015-12-08,25488.419921875,25542.470703125,25256.7890625,25310.330078125,12600,0,0
2015-12-09,25299.33984375,25316.94921875,25012.220703125,25036.05078125,11600,0,0
2015-12-10,25136.7109375,25289.580078125,25034.140625,25252.3203125,10900,0,0
2015-12-11,25281.76953125,25316.140625,24930.4296875,25044.4296875,14900,0,0
2015-12-14,24935.599609375,25194.150390625,24867.73046875,25150.349609375,11600,0,0
2015-12-15,25186.6796875,25342.779296875,25075.5390625,25320.439453125,9700,0,0
2015-12-16,25402.470703125,25572.900390625,25372.470703125,25494.369140625,10800,0,0
2015-12-17,25596.630859375,25831.310546875,25448.3203125,25803.779296875,22700,0,0
2015-12-18,25764.669921875,25789.509765625,25481.509765625,25519.220703125,10400,0,0
2015-12-21,25425.3203125,25757.83984375,25413.5390625,25735.900390625,8100,0,0
2015-12-22,25731.0703125,25787.2109375,25485.169921875,25590.650390625,8100,0,0
2015-12-23,25697.66015625,25875.26953125,25689.69921875,25850.30078125,6900,0,0
2015-12-24,25893.83984375,25922.470703125,25763.400390625,25838.7109375,4900,0,0
2015-12-28,25858.51953125,26073.41015625,25856.859375,26034.130859375,6900,0,0
2015-12-29,26075.6796875,26133.779296875,25994.44921875,26079.48046875,6000,0,0
2015-12-30,26123.869140625,26130.19921875,25939.25,25960.029296875,6500,0,0
2015-12-31,25980.859375,26147.630859375,25941.91015625,26117.5390625,6200,0,0
2016-01-04,26116.51953125,26116.51953125,25596.5703125,25623.349609375,9100,0,0
2016-01-05,25744.69921875,25766.759765625,25513.75,25580.33984375,10300,0,0
2016-01-06,25628.23046875,25632.5703125,25357.69921875,25406.330078125,13400,0,0
2016-01-07,25224.69921875,25230.349609375,24825.69921875,24851.830078125,11800,0,0
2016-01-08,24969.01953125,25083.55078125,24887.220703125,24934.330078125,15900,0,0
2016-01-11,24787.109375,24961.880859375,24598.900390625,24825.0390625,10600,0,0
2016-01-12,24862.9296875,24882.30078125,24597.109375,24682.029296875,10300,0,0
2016-01-13,24804.640625,24956.5390625,24387.689453125,24854.109375,14000,0,0
2016-01-14,24606.19921875,25018.4609375,24473.220703125,24772.970703125,14900,0,0
2016-01-15,24881.759765625,24912.640625,24421.529296875,24455.0390625,12700,0,0
2016-01-18,24400.779296875,24524.849609375,24141.990234375,24188.369140625,13600,0,0
2016-01-19,24257.279296875,24563.33984375,24247.23046875,24479.83984375,9400,0,0
2016-01-20,24325.76953125,24325.76953125,23839.759765625,24062.0390625,12800,0,0
2016-01-21,24194.75,24351.830078125,23862.0,23962.2109375,13200,0,0
2016-01-22,24122.060546875,24472.880859375,24120.0390625,24435.66015625,10100,0,0
2016-01-25,24540.970703125,24650.5703125,24433.669921875,24485.94921875,8900,0,0
2016-01-27,24643.130859375,24645.69921875,24458.130859375,24492.390625,8500,0,0
2016-01-28,24481.859375,24587.19921875,24400.51953125,24469.5703125,8400,0,0
2016-01-29,24347.310546875,24911.900390625,24340.060546875,24870.689453125,12400,0,0
2016-02-01,24982.220703125,25002.3203125,24788.580078125,24824.830078125,10100,0,0
2016-02-02,24868.2109375,24928.75,24460.529296875,24539.0,12700,0,0
2016-02-03,24393.58984375,24409.259765625,24187.5390625,24223.3203125,12200,0,0
2016-02-04,24386.44921875,24514.009765625,24224.740234375,24338.4296875,12200,0,0
2016-02-05,24360.359375,24672.900390625,24345.7890625,24616.970703125,13400,0,0
2016-02-08,24637.41015625,24698.94921875,24196.83984375,24287.419921875,11700,0,0
2016-02-09,24076.849609375,24111.189453125,23919.470703125,24020.98046875,11500,0,0
2016-02-10,23938.3203125,23938.3203125,23636.720703125,23758.900390625,19400,0,0
2016-02-11,23758.4609375,23758.4609375,22909.119140625,22951.830078125,23200,0,0
2016-02-12,23060.390625,23161.150390625,22600.390625,22986.119140625,25100,0,0
2016-02-15,23223.4296875,23622.640625,23197.669921875,23554.119140625,20400,0,0
2016-02-16,23688.609375,23692.080078125,23164.5390625,23191.970703125,22200,0,0
2016-02-17,23237.23046875,23434.91015625,22920.83984375,23381.869140625,16600,0,0
2016-02-18,23536.470703125,23735.349609375,23448.2109375,23649.220703125,15700,0,0
2016-02-19,23640.3203125,23774.48046875,23508.359375,23709.150390625,11600,0,0
2016-02-22,23783.470703125,23855.0390625,23674.859375,23788.7890625,9500,0,0
2016-02-23,23850.41015625,23851.509765625,23361.939453125,23410.1796875,16700,0,0
2016-02-24,23332.939453125,23338.890625,23057.44921875,23088.9296875,14000,0,0
2016-02-25,23105.16015625,23142.9609375,22948.099609375,22976.0,15900,0,0
2016-02-26,23141.080078125,23227.91015625,23021.939453125,23154.30078125,11500,0,0
2016-02-29,23238.5,23343.220703125,22494.609375,23002.0,58900,0,0
2016-03-01,23153.3203125,23821.490234375,23133.1796875,23779.349609375,15700,0,0
2016-03-02,24044.9609375,24280.419921875,24043.890625,24242.98046875,22800,0,0
2016-03-03,24386.669921875,24640.509765625,24383.279296875,24606.990234375,19500,0,0
2016-03-04,24704.58984375,24719.05078125,24531.80078125,24646.48046875,17500,0,0
2016-03-08,24655.189453125,24793.619140625,24509.2109375,24659.23046875,26000,0,0
2016-03-09,24527.26953125,24820.759765625,24451.599609375,24793.9609375,11900,0,0
2016-03-10,24815.69921875,24817.48046875,24471.390625,24623.33984375,14400,0,0
2016-03-11,24620.390625,24817.80078125,24552.259765625,24717.990234375,14800,0,0
2016-03-14,24801.69921875,24960.509765625,24734.0390625,24804.279296875,30100,0,0
2016-03-15,24832.0390625,24840.76953125,24517.279296875,24551.169921875,12100,0,0
2016-03-16,24537.609375,24706.849609375,24354.55078125,24682.48046875,11000,0,0
2016-03-17,24852.1796875,24948.30078125,24576.51953125,24677.369140625,14600,0,0
2016-03-18,24729.41015625,24986.939453125,24681.640625,24952.740234375,14100,0,0
2016-03-21,25007.560546875,25327.44921875,24988.26953125,25285.369140625,12400,0,0
2016-03-22,25331.009765625,25381.330078125,25083.69921875,25330.490234375,12000,0,0
2016-03-23,25322.099609375,25367.810546875,25156.8203125,25337.560546875,9500,0,0
2016-03-28,25417.109375,25432.939453125,24895.490234375,24966.400390625,10100,0,0
2016-03-29,24957.240234375,25079.349609375,24835.560546875,24900.4609375,11000,0,0
2016-03-30,25062.060546875,25358.83984375,25055.419921875,25338.580078125,10700,0,0
2016-03-31,25364.75,25479.619140625,25223.220703125,25341.859375,11500,0,0
2016-04-01,25301.69921875,25354.939453125,25119.349609375,25269.640625,11400,0,0
2016-04-04,25333.98046875,25424.150390625,25223.490234375,25399.650390625,7800,0,0
2016-04-05,25372.439453125,25372.439453125,24837.509765625,24883.58984375,14800,0,0
2016-04-06,24978.859375,25000.650390625,24834.16015625,24900.630859375,10300,0,0
2016-04-07,24998.7890625,25013.130859375,24647.48046875,24685.419921875,19200,0,0
2016-04-08,24665.80078125,24736.029296875,24608.509765625,24673.83984375,9700,0,0
2016-04-11,24789.400390625,25049.919921875,24523.19921875,25022.16015625,25900,0,0
2016-04-12,25056.470703125,25180.01953125,24996.439453125,25145.58984375,11500,0,0
2016-04-13,25358.419921875,25671.5,25358.419921875,25626.75,14600,0,0
2016-04-18,25833.16015625,25870.029296875,25634.119140625,25816.359375,8500,0,0
2016-04-20,25942.33984375,25956.33984375,25716.810546875,25844.1796875,11300,0,0
2016-04-21,25979.6796875,26080.0703125,25783.119140625,25880.380859375,18100,0,0
2016-04-22,25892.490234375,25922.01953125,25771.880859375,25838.140625,13400,0,0
2016-04-25,25891.029296875,25891.029296875,25585.9296875,25678.9296875,8200,0,0
2016-04-26,25604.919921875,26055.0,25549.05078125,26007.30078125,11200,0,0
2016-04-27,25956.419921875,26092.9296875,25885.240234375,26064.119140625,11200,0,0
2016-04-28,26078.279296875,26100.5390625,25561.169921875,25603.099609375,14600,0,0
2016-04-29,25612.91015625,25755.4296875,25424.029296875,25606.619140625,14600,0,0
2016-05-02,25565.439453125,25565.439453125,25341.140625,25436.970703125,7700,0,0
2016-05-03,25500.140625,25705.9609375,25192.939453125,25229.69921875,11000,0,0
2016-05-04,25210.869140625,25245.69921875,25061.0390625,25101.73046875,15800,0,0
2016-05-05,25187.66015625,25394.099609375,25162.939453125,25262.2109375,11300,0,0
2016-05-06,25223.669921875,25260.48046875,25057.9296875,25228.5,11300,0,0
2016-05-09,25321.830078125,25709.6796875,25302.859375,25688.859375,11700,0,0
2016-05-10,25682.98046875,25809.9296875,25614.240234375,25772.529296875,10500,0,0
2016-05-11,25548.970703125,25762.490234375,25409.240234375,25597.01953125,9300,0,0
2016-05-12,25684.599609375,25827.029296875,25620.26953125,25790.220703125,9800,0,0
2016-05-13,25739.939453125,25743.689453125,25400.26953125,25489.5703125,12500,0,0
2016-05-16,25528.80078125,25688.4609375,25351.619140625,25653.23046875,12900,0,0
2016-05-17,25756.140625,25927.310546875,25733.759765625,25773.609375,11400,0,0
2016-05-18,25671.48046875,25747.0,25503.400390625,25704.609375,9800,0,0
2016-05-19,25713.83984375,25714.560546875,25351.990234375,25399.720703125,14400,0,0
2016-05-20,25428.419921875,25506.060546875,25251.900390625,25301.900390625,13600,0,0
2016-05-23,25447.720703125,25519.259765625,25207.779296875,25230.359375,11300,0,0
2016-05-24,25256.970703125,25340.470703125,25181.470703125,25305.470703125,10700,0,0
2016-05-25,25432.099609375,25897.869140625,25430.58984375,25881.169921875,9500,0,0
2016-05-26,26008.25,26398.939453125,25941.509765625,26366.6796875,13900,0,0
2016-05-27,26415.9296875,26677.4296875,26405.279296875,26653.599609375,20800,0,0
2016-05-30,26694.75,26794.9609375,26623.330078125,26725.599609375,14800,0,0
2016-05-31,26817.75,26837.19921875,26561.580078125,26667.9609375,26500,0,0
2016-06-01,26684.4609375,26857.25,26671.859375,26713.9296875,13400,0,0
2016-06-02,26694.279296875,26885.16015625,26641.01953125,26843.140625,11100,0,0
2016-06-03,26919.23046875,27008.140625,26792.0703125,26843.029296875,13000,0,0
2016-06-06,26897.83984375,26901.419921875,26729.5390625,26777.44921875,8700,0,0
2016-06-07,26833.5390625,27082.630859375,26829.529296875,27009.669921875,14800,0,0
2016-06-08,27085.240234375,27105.41015625,26973.7109375,27020.66015625,12500,0,0
2016-06-09,26994.48046875,26994.91015625,26692.349609375,26763.4609375,10100,0,0
2016-06-10,26742.259765625,26972.060546875,26620.5,26635.75,10100,0,0
2016-06-13,26468.26953125,26468.26953125,26262.26953125,26396.76953125,9100,0,0
2016-06-14,26482.5,26485.44921875,26264.810546875,26395.7109375,7800,0,0
2016-06-15,26500.7890625,26752.58984375,26446.58984375,26726.33984375,12300,0,0
2016-06-16,26686.029296875,26686.029296875,26314.91015625,26525.4609375,12600,0,0
2016-06-17,26653.849609375,26730.55078125,26538.509765625,26625.91015625,9300,0,0
2016-06-20,26497.109375,26885.490234375,26447.880859375,26866.919921875,9500,0,0
2016-06-21,26907.419921875,26925.640625,26754.599609375,26812.779296875,7000,0,0
2016-06-22,26791.6796875,26887.2890625,26617.44921875,26765.650390625,7700,0,0
2016-06-23,26753.19921875,27060.98046875,26736.51953125,27002.220703125,9300,0,0
2016-06-24,26367.48046875,26435.849609375,25911.330078125,26397.7109375,24400,0,0
2016-06-27,26347.810546875,26493.509765625,26262.720703125,26402.9609375,18300,0,0
2016-06-28,26410.66015625,26583.330078125,26378.4609375,26524.55078125,8100,0,0
2016-06-29,26627.150390625,26776.169921875,26606.310546875,26740.390625,7700,0,0
2016-06-30,26926.169921875,27069.23046875,26872.58984375,26999.720703125,8600,0,0
2016-07-01,27064.330078125,27243.359375,27061.400390625,27144.91015625,10000,0,0
2016-07-04,27314.439453125,27385.66015625,27251.060546875,27278.759765625,8300,0,0
2016-07-05,27340.720703125,27348.66015625,27127.30078125,27166.869140625,10400,0,0
2016-07-07,27209.970703125,27288.220703125,27146.94921875,27201.490234375,8800,0,0
2016-07-08,27292.19921875,27294.8203125,27034.140625,27126.900390625,13900,0,0
2016-07-11,27358.23046875,27647.48046875,27358.23046875,27626.689453125,23900,0,0
2016-07-12,27667.810546875,27828.740234375,27667.810546875,27808.140625,12200,0,0
2016-07-13,27912.140625,27928.759765625,27752.140625,27815.1796875,17600,0,0
2016-07-14,27857.80078125,27967.76953125,27763.150390625,27942.109375,10500,0,0
2016-07-15,27966.140625,28048.69921875,27735.869140625,27836.5,16300,0,0
2016-07-18,27920.66015625,28013.5,27697.689453125,27746.66015625,20500,0,0
2016-07-19,27790.05078125,27826.689453125,27637.98046875,27787.619140625,16800,0,0
2016-07-20,27775.69921875,27935.1796875,27759.7109375,27915.890625,12500,0,0
2016-07-21,27980.0703125,27988.759765625,27687.5390625,27710.51953125,12200,0,0
2016-07-22,27721.720703125,27832.44921875,27646.2109375,27803.240234375,9500,0,0
2016-07-25,27753.9609375,28110.369140625,27736.509765625,28095.33984375,15300,0,0
2016-07-26,28121.369140625,28149.529296875,27927.130859375,27976.51953125,11100,0,0
2016-07-27,27976.140625,28210.880859375,27899.9296875,28024.330078125,10400,0,0
2016-07-28,28108.779296875,28240.19921875,28064.900390625,28208.619140625,14600,0,0
2016-07-29,28232.869140625,28233.470703125,28037.869140625,28051.859375,11500,0,0
2016-08-01,28083.080078125,28284.849609375,27873.529296875,28003.119140625,13700,0,0
2016-08-02,28069.119140625,28175.220703125,27943.91015625,27981.7109375,10100,0,0
2016-08-03,28008.51953125,28015.4296875,27647.140625,27697.509765625,11800,0,0
2016-08-04,27899.880859375,27921.91015625,27627.970703125,27714.369140625,14600,0,0
2016-08-05,27810.55078125,28110.369140625,27795.740234375,28078.349609375,13700,0,0
2016-08-08,28181.919921875,28226.380859375,28128.060546875,28182.5703125,20300,0,0
2016-08-09,28289.220703125,28289.9609375,27956.76953125,28085.16015625,14200,0,0
2016-08-10,28133.359375,28143.279296875,27736.619140625,27774.880859375,15400,0,0
2016-08-11,27805.939453125,27902.390625,27697.330078125,27859.599609375,9900,0,0
2016-08-12,27919.94921875,28203.26953125,27900.91015625,28152.400390625,21000,0,0
2016-08-16,28190.0390625,28199.099609375,27942.650390625,28064.609375,14600,0,0
2016-08-17,28061.7890625,28174.30078125,27960.140625,28005.369140625,11600,0,0
2016-08-18,28077.640625,28214.169921875,28077.0,28123.439453125,12500,0,0
2016-08-19,28167.66015625,28212.30078125,28026.119140625,28077.0,15600,0,0
2016-08-22,28088.0703125,28143.279296875,27918.05078125,27985.5390625,12600,0,0
2016-08-23,28012.560546875,28028.98046875,27854.4296875,27990.2109375,12400,0,0
2016-08-24,28065.25,28108.390625,27959.869140625,28059.939453125,8100,0,0
2016-08-25,28103.599609375,28154.2109375,27803.240234375,27835.91015625,6700,0,0
2016-08-26,27882.75,27935.880859375,27696.990234375,27782.25,9100,0,0
2016-08-29,27827.259765625,27952.849609375,27698.7109375,27902.66015625,11800,0,0
2016-08-30,28012.4609375,28478.01953125,28010.66015625,28343.009765625,10600,0,0
2016-08-31,28372.25,28532.25,28363.099609375,28452.169921875,10400,0,0
2016-09-01,28459.08984375,28548.849609375,28386.609375,28423.48046875,16800,0,0
2016-09-02,28498.720703125,28581.580078125,28427.630859375,28532.109375,12000,0,0
2016-09-06,28631.26953125,29013.400390625,28631.26953125,28978.01953125,18200,0,0
2016-09-07,29035.669921875,29067.83984375,28911.310546875,28926.359375,19800,0,0
2016-09-08,28929.4609375,29077.279296875,28854.560546875,29045.279296875,15000,0,0
2016-09-09,29062.900390625,29062.900390625,28755.080078125,28797.25,11700,0,0
2016-09-12,28481.08984375,28481.109375,28251.310546875,28353.5390625,13700,0,0
2016-09-14,28345.490234375,28416.41015625,28259.380859375,28372.23046875,11500,0,0
2016-09-15,28398.330078125,28454.01953125,28311.109375,28412.890625,9600,0,0
2016-09-16,28520.30078125,28778.640625,28494.58984375,28599.029296875,13400,0,0
2016-09-19,28626.599609375,28714.76953125,28552.55078125,28634.5,12600,0,0
2016-09-20,28690.66015625,28698.810546875,28480.529296875,28523.19921875,8000,0,0
2016-09-21,28554.380859375,28689.359375,28462.330078125,28507.419921875,12300,0,0
2016-09-22,28766.939453125,28871.919921875,28693.0703125,28773.130859375,10700,0,0
2016-09-23,28810.3203125,28825.08984375,28627.380859375,28668.220703125,13300,0,0
2016-09-26,28630.919921875,28630.919921875,28272.029296875,28294.279296875,16600,0,0
2016-09-27,28373.01953125,28432.740234375,28179.33984375,28223.69921875,8800,0,0
2016-09-28,28198.880859375,28378.560546875,28198.30078125,28292.810546875,10800,0,0
2016-09-29,28423.140625,28475.5703125,27719.919921875,27827.529296875,13600,0,0
2016-09-30,27807.8203125,27955.2109375,27716.779296875,27865.9609375,10500,0,0
2016-10-03,27997.2890625,28273.01953125,27919.890625,28243.2890625,10900,0,0
2016-10-04,28377.640625,28404.69921875,28242.25,28334.55078125,18300,0,0
2016-10-05,28425.740234375,28477.650390625,28188.900390625,28220.98046875,11300,0,0
2016-10-06,28298.349609375,28328.560546875,28031.220703125,28106.2109375,9100,0,0
2016-10-07,28129.220703125,28155.6796875,27964.91015625,28061.140625,12700,0,0
2016-10-10,28144.279296875,28216.640625,28068.3203125,28082.33984375,6900,0,0
2016-10-13,28042.619140625,28042.619140625,27563.83984375,27643.109375,11900,0,0
2016-10-14,27712.220703125,27763.5390625,27548.1796875,27673.599609375,14000,0,0
2016-10-17,27776.140625,27803.2109375,27488.30078125,27529.970703125,17100,0,0
2016-10-18,27656.890625,28064.390625,27652.759765625,28050.880859375,16200,0,0
2016-10-19,28112.359375,28131.0703125,27926.169921875,27984.369140625,15200,0,0
2016-10-20,28031.5703125,28212.5,28031.5703125,28129.83984375,11300,0,0
2016-10-21,28163.41015625,28163.41015625,27957.919921875,28077.1796875,8500,0,0
2016-10-24,28156.58984375,28256.650390625,28075.94921875,28179.080078125,15100,0,0
2016-10-25,28159.08984375,28211.41015625,28013.689453125,28091.419921875,11000,0,0
2016-10-26,28050.55078125,28050.55078125,27759.560546875,27836.509765625,14100,0,0
2016-10-27,27808.630859375,27958.130859375,27665.599609375,27915.900390625,13600,0,0
2016-10-28,27983.140625,28000.140625,27789.83984375,27941.509765625,11300,0,0
2016-11-01,27966.1796875,28029.80078125,27845.630859375,27876.609375,10100,0,0
2016-11-02,27679.3203125,27679.3203125,27500.810546875,27527.220703125,13000,0,0
2016-11-03,27518.060546875,27600.740234375,27399.259765625,27430.279296875,10800,0,0
2016-11-04,27465.55078125,27498.91015625,27193.609375,27274.150390625,24300,0,0
2016-11-07,27552.26953125,27591.150390625,27274.150390625,27458.990234375,11300,0,0
2016-11-08,27537.259765625,27646.83984375,27406.759765625,27591.140625,10200,0,0
2016-11-09,26251.380859375,27397.380859375,25902.44921875,27252.529296875,21100,0,0
2016-11-10,27605.05078125,27743.4609375,27252.529296875,27517.6796875,16600,0,0
2016-11-11,27344.849609375,27344.849609375,26777.1796875,26818.8203125,17100,0,0
2016-11-15,26809.609375,26809.609375,26253.630859375,26304.630859375,16400,0,0
2016-11-16,26508.939453125,26621.400390625,26239.2109375,26298.689453125,14200,0,0
2016-11-17,26304.900390625,26449.869140625,26155.400390625,26227.619140625,11000,0,0
2016-11-18,26270.19921875,26349.01953125,26106.779296875,26150.240234375,9600,0,0
2016-11-21,26246.69921875,26270.279296875,25717.9296875,25765.140625,9900,0,0
2016-11-22,25928.16015625,26039.69921875,25765.509765625,25960.779296875,8100,0,0
2016-11-23,26101.330078125,26130.490234375,25877.16015625,26051.810546875,8900,0,0
2016-11-24,26049.140625,26049.140625,25810.970703125,25860.169921875,8600,0,0
2016-11-25,25953.240234375,26343.94921875,25874.44921875,26316.33984375,11500,0,0
2016-11-28,26303.51953125,26413.990234375,26183.220703125,26350.169921875,10900,0,0
2016-11-29,26408.619140625,26587.0703125,26354.66015625,26394.009765625,9600,0,0
2016-11-30,26441.01953125,26680.55078125,26395.5,26652.810546875,7800,0,0
2016-12-01,26756.66015625,26769.3203125,26540.8203125,26559.919921875,11300,0,0
2016-12-02,26437.369140625,26463.060546875,26182.9296875,26230.66015625,9600,0,0
2016-12-05,26253.48046875,26390.80078125,26125.349609375,26349.099609375,12800,0,0
2016-12-06,26403.619140625,26502.4296875,26356.01953125,26392.759765625,7600,0,0
2016-12-07,26456.2109375,26540.830078125,26164.8203125,26236.869140625,10500,0,0
2016-12-08,26366.51953125,26733.869140625,26357.349609375,26694.279296875,8200,0,0
2016-12-09,26787.140625,26803.759765625,26707.810546875,26747.1796875,9800,0,0
2016-12-12,26725.310546875,26725.310546875,26468.58984375,26515.240234375,8500,0,0
2016-12-13,26607.650390625,26724.970703125,26494.23046875,26697.8203125,7000,0,0
2016-12-14,26707.91015625,26736.33984375,26547.05078125,26602.83984375,9900,0,0
2016-12-15,26497.7109375,26737.859375,26407.580078125,26519.0703125,12700,0,0
2016-12-16,26548.669921875,26594.55078125,26455.2109375,26489.560546875,7600,0,0
2016-12-19,26505.66015625,26505.66015625,26340.380859375,26374.69921875,7400,0,0
2016-12-20,26374.58984375,26435.560546875,26241.4296875,26307.98046875,7300,0,0
2016-12-21,26368.880859375,26396.0,26213.509765625,26242.380859375,6100,0,0
2016-12-22,26224.0703125,26248.44921875,25940.140625,25979.599609375,7600,0,0
2016-12-23,25959.990234375,26143.189453125,25872.380859375,26040.69921875,7500,0,0
2016-12-26,25992.41015625,26008.5703125,25753.740234375,25807.099609375,5400,0,0
2016-12-27,25815.4296875,26249.029296875,25803.189453125,26213.439453125,8700,0,0
2016-12-28,26243.189453125,26415.05078125,26191.720703125,26210.6796875,8500,0,0
2016-12-29,26429.41015625,26429.630859375,26166.669921875,26366.150390625,6700,0,0
2016-12-30,26441.509765625,26678.599609375,26406.529296875,26626.4609375,8600,0,0
2017-01-02,26711.150390625,26720.98046875,26447.060546875,26595.44921875,8000,0,0
2017-01-03,26616.919921875,26724.400390625,26488.369140625,26643.240234375,9800,0,0
2017-01-04,26677.220703125,26723.369140625,26606.060546875,26633.130859375,8100,0,0
2017-01-05,26738.419921875,26917.2109375,26738.419921875,26878.240234375,9800,0,0
2017-01-06,26929.689453125,27009.609375,26733.330078125,26759.23046875,7800,0,0
2017-01-09,26860.810546875,26860.880859375,26701.1796875,26726.55078125,6400,0,0
2017-01-10,26811.630859375,26914.94921875,26804.169921875,26899.560546875,8600,0,0
2017-01-11,26978.439453125,27174.869140625,26978.439453125,27140.41015625,12000,0,0
2017-01-12,27171.66015625,27278.9296875,27166.689453125,27247.16015625,11700,0,0
2017-01-13,27378.009765625,27459.75,27143.0703125,27238.060546875,10200,0,0
2017-01-16,27238.349609375,27335.080078125,27172.6796875,27288.169921875,12600,0,0
2017-01-17,27331.8203125,27381.4296875,27179.189453125,27235.66015625,8100,0,0
2017-01-18,27261.759765625,27422.669921875,27217.650390625,27257.640625,9500,0,0
2017-01-19,27253.33984375,27348.189453125,27219.890625,27308.599609375,10800,0,0
2017-01-20,27232.689453125,27264.41015625,27009.810546875,27034.5,8800,0,0
2017-01-23,26990.9296875,27167.7890625,26963.580078125,27117.33984375,6600,0,0
2017-01-24,27170.880859375,27393.349609375,27140.849609375,27375.580078125,6800,0,0
2017-01-25,27462.830078125,27736.830078125,27439.6796875,27708.140625,12200,0,0
2017-01-27,27761.029296875,27980.390625,27759.48046875,27882.4609375,14300,0,0
2017-01-30,27866.80078125,27947.369140625,27813.3203125,27849.560546875,8600,0,0
2017-01-31,27867.919921875,27867.919921875,27624.5390625,27655.9609375,10700,0,0
2017-02-01,27669.080078125,28159.5390625,27590.099609375,28141.640625,18200,0,0
2017-02-02,28167.830078125,28299.919921875,28070.810546875,28226.609375,17200,0,0
2017-02-03,28270.669921875,28280.580078125,28127.1796875,28240.51953125,10800,0,0
2017-02-06,28340.390625,28487.279296875,28340.390625,28439.279296875,10000,0,0
2017-02-07,28443.23046875,28483.41015625,28239.119140625,28335.16015625,10800,0,0
2017-02-08,28386.080078125,28391.640625,28149.080078125,28289.919921875,10900,0,0
2017-02-09,28349.220703125,28469.48046875,28152.1796875,28329.69921875,10200,0,0
2017-02-10,28367.169921875,28456.1796875,28286.80078125,28334.25,13700,0,0
2017-02-13,28450.419921875,28458.80078125,28197.380859375,28351.619140625,9400,0,0
2017-02-14,28386.119140625,28393.419921875,28263.44921875,28339.310546875,11700,0,0
2017-02-15,28270.109375,28382.3203125,28102.23046875,28155.560546875,17800,0,0
2017-02-16,28223.849609375,28327.83984375,28146.189453125,28301.26953125,9700,0,0
2017-02-17,28670.4296875,28726.259765625,28410.91015625,28468.75,15000,0,0
2017-02-20,28481.91015625,28696.529296875,28419.26953125,28661.580078125,8900,0,0
2017-02-21,28716.69921875,28801.0,28597.330078125,28761.58984375,8400,0,0
2017-02-22,28822.400390625,28963.51953125,28789.30078125,28864.7109375,16300,0,0
2017-02-23,28927.669921875,29065.310546875,28860.4609375,28892.970703125,18400,0,0
2017-02-27,28910.5,28961.830078125,28791.189453125,28812.880859375,12000,0,0
2017-02-28,28825.189453125,28876.5390625,28721.119140625,28743.3203125,10700,0,0
2017-03-01,28849.0390625,29029.169921875,28824.169921875,28984.490234375,14600,0,0
2017-03-02,29117.380859375,29145.619140625,28784.310546875,28839.7890625,10800,0,0
2017-03-03,28827.5,28860.130859375,28716.2109375,28832.44921875,9300,0,0
2017-03-06,28859.2109375,29070.19921875,28856.119140625,29048.189453125,12100,0,0
2017-03-07,29092.16015625,29098.169921875,28957.6796875,28999.560546875,9700,0,0
2017-03-08,29021.060546875,29022.3203125,28815.48046875,28901.939453125,16300,0,0
2017-03-09,28909.69921875,28986.720703125,28815.01953125,28929.130859375,401500,0,0
2017-03-10,29006.0,29076.630859375,28851.0390625,28946.23046875,15900,0,0
2017-03-14,29437.23046875,29561.9296875,29356.05078125,29442.630859375,29200,0,0
2017-03-15,29452.859375,29500.080078125,29358.91015625,29398.109375,392500,0,0
2017-03-16,29482.830078125,29614.7890625,29482.830078125,29585.849609375,18400,0,0
2017-03-17,29755.740234375,29824.619140625,29601.859375,29648.990234375,14500,0,0
2017-03-20,29653.5390625,29699.48046875,29482.400390625,29518.740234375,400800,0,0
2017-03-21,29525.880859375,29585.05078125,29380.140625,29485.44921875,11500,0,0
2017-03-22,29341.41015625,29341.41015625,29137.48046875,29167.6796875,14700,0,0
2017-03-23,29201.009765625,29373.7890625,29198.080078125,29332.16015625,26000,0,0
2017-03-24,29350.599609375,29539.849609375,29350.169921875,29421.400390625,21000,0,0
2017-03-27,29395.6796875,29420.69921875,29163.5390625,29237.150390625,15100,0,0
2017-03-28,29301.220703125,29442.1796875,29301.220703125,29409.51953125,33500,0,0
2017-03-29,29463.009765625,29554.390625,29439.419921875,29531.4296875,41600,0,0
2017-03-30,29538.029296875,29684.5390625,29521.650390625,29647.419921875,15700,0,0
2017-03-31,29633.91015625,29687.640625,29552.609375,29620.5,11800,0,0
2017-04-03,29737.73046875,29926.939453125,29705.720703125,29910.220703125,10100,0,0
2017-04-05,29996.029296875,30007.48046875,29817.689453125,29974.240234375,11200,0,0
2017-04-06,29946.890625,29954.25,29817.58984375,29927.33984375,11300,0,0
2017-04-07,29850.7109375,29886.119140625,29668.44921875,29706.609375,14700,0,0
2017-04-10,29752.619140625,29831.3203125,29553.0390625,29575.740234375,10700,0,0
2017-04-11,29630.060546875,29804.509765625,29570.580078125,29788.349609375,10800,0,0
2017-04-12,29838.8203125,29838.8203125,29549.740234375,29643.48046875,8500,0,0
2017-04-13,29637.119140625,29660.48046875,29442.259765625,29461.44921875,10700,0,0
2017-04-17,29470.26953125,29494.080078125,29363.279296875,29413.66015625,6700,0,0
2017-04-18,29487.779296875,29701.189453125,29286.380859375,29319.099609375,12100,0,0
2017-04-19,29369.900390625,29388.25,29241.48046875,29336.5703125,11600,0,0
2017-04-20,29358.58984375,29453.060546875,29341.6796875,29422.390625,14600,0,0
2017-04-21,29575.66015625,29584.33984375,29259.419921875,29365.30078125,11300,0,0
2017-04-24,29407.6796875,29681.330078125,29392.990234375,29655.83984375,8900,0,0
2017-04-25,29825.140625,29961.8203125,29780.83984375,29943.240234375,8600,0,0
2017-04-26,30030.19921875,30167.08984375,29968.5703125,30133.349609375,10900,0,0
2017-04-27,30141.390625,30184.220703125,29973.400390625,30029.740234375,10700,0,0
2017-04-28,30064.599609375,30067.640625,29848.2109375,29918.400390625,11300,0,0
2017-05-02,30021.490234375,30069.240234375,29804.119140625,29921.1796875,11700,0,0
2017-05-03,29984.94921875,30020.58984375,29846.5703125,29894.80078125,11300,0,0
2017-05-04,30069.720703125,30169.94921875,30007.400390625,30126.2109375,22300,0,0
2017-05-05,30142.140625,30176.55078125,29823.599609375,29858.80078125,15900,0,0
2017-05-08,29915.119140625,30016.0390625,29877.41015625,29926.150390625,10000,0,0
2017-05-09,29977.5,30017.8203125,29911.439453125,29933.25,8400,0,0
2017-05-10,29988.779296875,30271.599609375,29987.439453125,30248.169921875,11000,0,0
2017-05-11,30309.7109375,30366.4296875,30207.109375,30250.98046875,10700,0,0
2017-05-12,30285.609375,30299.740234375,30111.44921875,30188.150390625,11100,0,0
2017-05-15,30287.369140625,30357.9609375,30273.619140625,30322.119140625,8000,0,0
2017-05-16,30391.48046875,30591.55078125,30363.369140625,30582.599609375,13600,0,0
2017-05-17,30616.529296875,30692.44921875,30519.140625,30658.76953125,14900,0,0
2017-05-18,30466.8203125,30575.830078125,30393.720703125,30434.7890625,16200,0,0
2017-05-19,30539.650390625,30712.349609375,30338.51953125,30464.919921875,13800,0,0
2017-05-22,30638.880859375,30712.150390625,30516.869140625,30570.970703125,11400,0,0
2017-05-23,30553.890625,30610.640625,30316.919921875,30365.25,18700,0,0
2017-05-24,30446.76953125,30534.150390625,30247.599609375,30301.640625,11300,0,0
2017-05-25,30374.810546875,30793.4296875,30352.259765625,30750.029296875,10000,0,0
2017-05-26,30765.76953125,31074.0703125,30745.5703125,31028.2109375,14600,0,0
2017-05-29,30944.380859375,31214.390625,30869.900390625,31109.279296875,14900,0,0
2017-05-30,31111.73046875,31220.380859375,31064.0390625,31159.400390625,9600,0,0
2017-05-31,31222.509765625,31255.279296875,31107.48046875,31145.80078125,13000,0,0
2017-06-01,31117.08984375,31213.119140625,31062.01953125,31137.58984375,8300,0,0
2017-06-02,31205.369140625,31332.560546875,31190.400390625,31273.2890625,8500,0,0
2017-06-05,31274.740234375,31355.419921875,31198.220703125,31309.490234375,9000,0,0
2017-06-06,31420.849609375,31430.3203125,31172.55078125,31190.560546875,13600,0,0
2017-06-07,31252.7109375,31346.990234375,31172.98046875,31271.279296875,9500,0,0
2017-06-08,31316.91015625,31354.509765625,31193.76953125,31213.359375,14000,0,0
2017-06-09,31196.859375,31289.990234375,31087.279296875,31262.060546875,9800,0,0
2017-06-12,31225.4296875,31225.4296875,31044.279296875,31095.69921875,6800,0,0
2017-06-13,31091.099609375,31260.76953125,31062.33984375,31103.490234375,13300,0,0
2017-06-14,31147.689453125,31190.359375,31054.939453125,31155.91015625,12700,0,0
2017-06-15,31222.890625,31229.439453125,31026.48046875,31075.73046875,12700,0,0
2017-06-16,31160.470703125,31182.73046875,31017.1796875,31056.400390625,13300,0,0
2017-06-19,31168.98046875,31362.150390625,31163.349609375,31311.5703125,7500,0,0
2017-06-20,31392.529296875,31392.529296875,31261.490234375,31297.529296875,8100,0,0
2017-06-21,31302.1796875,31336.439453125,31193.609375,31283.640625,35700,0,0
2017-06-22,31351.529296875,31522.869140625,31255.630859375,31290.740234375,10200,0,0
2017-06-23,31352.5703125,31365.390625,31110.390625,31138.2109375,89700,0,0
2017-06-27,31194.6796875,31294.9609375,30847.080078125,30958.25,15300,0,0
2017-06-28,30988.869140625,31000.48046875,30798.69921875,30834.3203125,9900,0,0
2017-06-29,30910.970703125,31097.919921875,30794.609375,30857.51953125,12300,0,0
2017-06-30,30824.970703125,30965.44921875,30680.66015625,30921.609375,9200,0,0
2017-07-03,31156.0390625,31258.330078125,31017.109375,31221.619140625,8100,0,0
2017-07-04,31331.2109375,31353.4609375,31166.369140625,31209.7890625,8700,0,0
2017-07-05,31272.720703125,31284.640625,31177.779296875,31245.560546875,6500,0,0
2017-07-06,31298.419921875,31460.69921875,31264.859375,31369.33984375,10100,0,0
2017-07-07,31373.51953125,31426.2890625,31286.619140625,31360.630859375,6200,0,0
2017-07-10,31510.619140625,31768.390625,31471.41015625,31715.640625,37900,0,0
2017-07-11,31789.5,31885.109375,31718.48046875,31747.08984375,9100,0,0
2017-07-12,31813.240234375,31865.689453125,31731.4296875,31804.8203125,8300,0,0
2017-07-13,31896.23046875,32091.51953125,31892.630859375,32037.380859375,10500,0,0
2017-07-14,32099.9296875,32109.75,31897.869140625,32020.75,7200,0,0
2017-07-17,32053.98046875,32131.919921875,32037.2109375,32074.779296875,10300,0,0
2017-07-18,31775.5390625,31911.609375,31626.439453125,31710.990234375,21600,0,0
2017-07-19,31882.80078125,31978.890625,31793.720703125,31955.349609375,11300,0,0
2017-07-20,32033.8203125,32057.119140625,31859.5,31904.400390625,11200,0,0
2017-07-21,32035.880859375,32062.23046875,31808.9296875,32028.890625,18000,0,0
2017-07-24,32100.220703125,32320.859375,32058.330078125,32245.869140625,11500,0,0
2017-07-25,32350.7109375,32374.30078125,32196.859375,32228.26953125,14100,0,0
2017-07-26,32255.990234375,32413.630859375,32226.080078125,32382.4609375,12400,0,0
2017-07-27,32519.439453125,32672.66015625,32325.330078125,32383.30078125,10900,0,0
2017-07-28,32381.359375,32381.359375,32104.66015625,32309.880859375,11300,0,0
2017-07-31,32412.19921875,32546.5,32324.44921875,32514.939453125,13100,0,0
2017-08-01,32579.80078125,32632.01953125,32462.25,32575.169921875,9000,0,0
2017-08-02,32641.580078125,32686.48046875,32394.890625,32476.740234375,10500,0,0
2017-08-03,32502.55078125,32502.55078125,32194.580078125,32237.880859375,12600,0,0
2017-08-04,32191.119140625,32352.189453125,32107.990234375,32325.41015625,11300,0,0
2017-08-07,32377.80078125,32396.140625,32235.8203125,32273.669921875,10400,0,0
2017-08-08,32341.05078125,32354.76953125,31915.19921875,32014.189453125,9400,0,0
2017-08-09,31926.140625,31967.279296875,31731.91015625,31797.83984375,9300,0,0
2017-08-10,31750.73046875,31756.26953125,31422.80078125,31531.330078125,13000,0,0
2017-08-11,31355.919921875,31379.19921875,31128.01953125,31213.58984375,15200,0,0
2017-08-14,31299.51953125,31526.400390625,31298.900390625,31449.029296875,9700,0,0
2017-08-16,31566.240234375,31805.990234375,31399.349609375,31770.890625,12500,0,0
2017-08-17,31919.169921875,31937.509765625,31714.099609375,31795.4609375,8500,0,0
2017-08-18,31729.880859375,31729.880859375,31349.130859375,31524.6796875,16400,0,0
2017-08-21,31609.9296875,31641.810546875,31220.529296875,31258.849609375,23600,0,0
2017-08-22,31393.9296875,31484.279296875,31241.5,31291.849609375,10800,0,0
2017-08-23,31407.470703125,31593.390625,31379.25,31568.009765625,10000,0,0
2017-08-24,31673.439453125,31678.189453125,31546.05078125,31596.060546875,8900,0,0
2017-08-28,31756.869140625,31809.69921875,31701.669921875,31750.8203125,10100,0,0
2017-08-29,31724.83984375,31739.80078125,31360.810546875,31388.390625,6800,0,0
2017-08-30,31534.5703125,31727.98046875,31533.01953125,31646.4609375,5400,0,0
2017-08-31,31685.439453125,31757.1796875,31551.849609375,31730.490234375,17900,0,0
2017-09-01,31769.33984375,31944.099609375,31707.26953125,31892.23046875,6600,0,0
2017-09-04,31932.19921875,31932.19921875,31560.3203125,31702.25,7600,0,0
2017-09-05,31755.16015625,31863.470703125,31674.23046875,31809.55078125,8000,0,0
2017-09-06,31713.5,31727.849609375,31586.529296875,31661.970703125,7400,0,0
2017-09-07,31738.740234375,31814.9609375,31620.439453125,31662.740234375,10200,0,0
2017-09-08,31694.150390625,31763.69921875,31619.0,31687.51953125,7800,0,0
2017-09-11,31798.310546875,31952.869140625,31797.890625,31882.16015625,8700,0,0
2017-09-12,32029.150390625,32172.4609375,31950.240234375,32158.66015625,7000,0,0
2017-09-13,32188.94921875,32348.30078125,32126.76953125,32186.41015625,8900,0,0
2017-09-14,32289.259765625,32328.609375,32186.83984375,32241.9296875,9100,0,0
2017-09-15,32207.630859375,32356.109375,32138.380859375,32272.609375,8900,0,0
2017-09-18,32361.369140625,32508.060546875,32361.25,32423.759765625,9500,0,0
2017-09-19,32522.439453125,32524.109375,32358.630859375,32402.369140625,57400,0,0
2017-09-20,32467.099609375,32499.880859375,32383.8203125,32400.509765625,10500,0,0
2017-09-21,32406.419921875,32462.609375,32164.419921875,32370.0390625,8700,0,0
2017-09-22,32339.5,32342.810546875,31886.08984375,31922.439453125,9600,0,0
2017-09-25,31986.400390625,32016.51953125,31474.560546875,31626.630859375,12200,0,0
2017-09-26,31685.810546875,31693.58984375,31455.650390625,31599.759765625,10000,0,0
2017-09-27,31785.240234375,31797.4609375,31100.80078125,31159.810546875,9800,0,0
2017-09-28,31216.359375,31340.91015625,31081.830078125,31282.48046875,8300,0,0
2017-09-29,31367.25,31523.869140625,31243.7109375,31283.720703125,7700,0,0
2017-10-03,31537.810546875,31615.279296875,31440.48046875,31497.380859375,7100,0,0
2017-10-04,31522.169921875,31752.16015625,31457.779296875,31671.7109375,5900,0,0
2017-10-05,31725.849609375,31772.41015625,31562.25,31592.029296875,5900,0,0
2017-10-06,31633.33984375,31844.279296875,31632.810546875,31814.220703125,8300,0,0
2017-10-09,31862.19921875,31935.630859375,31781.75,31846.890625,5800,0,0
2017-10-10,31910.8203125,31994.76953125,31896.900390625,31924.41015625,7200,0,0
2017-10-11,31975.58984375,32098.4609375,31769.400390625,31833.990234375,8600,0,0
2017-10-12,31887.470703125,32209.029296875,31813.669921875,32182.220703125,7800,0,0
2017-10-13,32247.740234375,32508.58984375,32247.740234375,32432.689453125,15500,0,0
2017-10-16,32488.23046875,32687.3203125,32445.4296875,32633.640625,9200,0,0
2017-10-17,32654.41015625,32699.859375,32556.740234375,32609.16015625,5500,0,0
2017-10-18,32518.560546875,32670.3203125,32462.849609375,32584.349609375,14100,0,0
2017-10-19,32656.75,32663.060546875,32319.369140625,32389.9609375,2500,0,0
2017-10-23,32411.859375,32614.890625,32312.740234375,32506.720703125,8400,0,0
2017-10-24,32619.259765625,32670.369140625,32502.080078125,32607.33984375,8400,0,0
2017-10-25,32995.28125,33117.328125,32804.6015625,33042.5,29900,0,0
2017-10-26,33025.171875,33196.171875,32835.05859375,33147.12890625,15500,0,0
2017-10-27,33228.3203125,33286.51171875,33109.41015625,33157.21875,18300,0,0
2017-10-30,33260.1015625,33340.171875,33206.9296875,33266.16015625,14000,0,0
2017-10-31,33254.9296875,33294.30078125,33164.28125,33213.12890625,11500,0,0
2017-11-01,33344.23046875,33651.51953125,33340.62109375,33600.26953125,14200,0,0
2017-11-02,33615.83984375,33657.5703125,33527.0,33573.21875,12400,0,0
2017-11-03,33667.33984375,33733.7109375,33531.94140625,33685.55859375,199700,0,0
2017-11-06,33710.1484375,33848.421875,33582.37890625,33731.19140625,13100,0,0
2017-11-07,33781.01171875,33865.94921875,33341.8203125,33370.76171875,16300,0,0
2017-11-08,33417.3515625,33484.69921875,33157.6796875,33218.80859375,283000,0,0
2017-11-09,33376.62109375,33463.80078125,33111.5390625,33250.9296875,14100,0,0
2017-11-10,33235.75,33380.421875,33108.08984375,33314.55859375,21200,0,0
2017-11-13,33397.41015625,33417.30078125,32999.98046875,33033.55859375,18200,0,0
2017-11-14,32990.03125,33126.55078125,32907.109375,32941.87109375,12000,0,0
2017-11-15,32944.94140625,32944.94140625,32683.58984375,32760.439453125,11300,0,0
2017-11-16,32829.8203125,33165.1484375,32829.8203125,33106.8203125,9600,0,0
2017-11-17,33388.46875,33520.8203125,33278.91015625,33342.80078125,11300,0,0
2017-11-20,33365.83984375,33449.53125,33288.2109375,33359.8984375,7900,0,0
2017-11-21,33438.28125,33625.05078125,33437.609375,33478.3515625,14800,0,0
2017-11-22,33569.0703125,33654.53125,33465.23046875,33561.55078125,13100,0,0
2017-11-23,33575.91015625,33670.19140625,33468.30078125,33588.078125,7100,0,0
2017-11-24,33670.0,33738.53125,33639.98046875,33679.23828125,7800,0,0
2017-11-27,33640.51171875,33745.171875,33540.4609375,33724.44140625,8900,0,0
2017-11-28,33726.6484375,33770.1484375,33576.6484375,33618.58984375,8100,0,0
2017-11-29,33664.26953125,33728.80859375,33553.12109375,33602.76171875,6600,0,0
2017-11-30,33542.5,33576.19921875,33108.71875,33149.3515625,7400,0,0
2017-12-01,33247.66015625,33300.80859375,32797.78125,32832.94140625,9200,0,0
2017-12-04,32968.01953125,33008.46875,32785.76171875,32869.71875,9600,0,0
2017-12-05,32814.03125,32893.05078125,32682.51953125,32802.44140625,8600,0,0
2017-12-06,32798.5,32804.75,32565.16015625,32597.1796875,9600,0,0
2017-12-07,32615.05078125,32992.44921875,32598.119140625,32949.2109375,9500,0,0
2017-12-08,33034.19921875,33285.6796875,33034.19921875,33250.30078125,14200,0,0
2017-12-11,33317.71875,33535.96875,33313.171875,33455.7890625,12000,0,0
2017-12-12,33426.58984375,33458.41015625,33179.75,33227.98828125,8200,0,0
2017-12-13,33229.73046875,33404.26171875,32988.8203125,33053.0390625,24500,0,0
2017-12-14,33114.69140625,33321.51953125,32886.9296875,33246.69921875,11200,0,0
2017-12-15,33456.01953125,33621.9609375,33405.8203125,33462.96875,24200,0,0
2017-12-18,33364.51953125,33801.8984375,32595.630859375,33601.6796875,21100,0,0
2017-12-19,33732.078125,33862.0703125,33666.62109375,33836.73828125,20600,0,0
2017-12-20,33928.58984375,33956.30859375,33754.94140625,33777.37890625,7100,0,0
2017-12-21,33826.25,33860.98828125,33707.80078125,33756.28125,9900,0,0
2017-12-22,33768.46875,33964.28125,33767.73046875,33940.30078125,7800,0,0
2017-12-26,33980.76171875,34061.87890625,33889.75,34010.609375,12900,0,0
2017-12-27,34087.3203125,34137.96875,33839.51171875,33911.80859375,10900,0,0
2017-12-28,33928.859375,34023.6484375,33752.03125,33848.03125,9500,0,0
2017-12-29,33889.390625,34086.05078125,33889.390625,34056.828125,12100,0,0
2018-01-01,34059.98828125,34101.12890625,33766.1484375,33812.75,7500,0,0
2018-01-02,33913.55078125,33964.140625,33703.37109375,33812.26171875,10600,0,0
2018-01-03,33929.609375,33998.37109375,33765.4296875,33793.37890625,9000,0,0
2018-01-04,33912.48828125,33995.3984375,33802.12890625,33969.640625,10500,0,0
2018-01-05,34021.26953125,34188.8515625,34020.83984375,34153.8515625,14700,0,0
2018-01-08,34216.328125,34385.671875,34216.328125,34352.7890625,13500,0,0
2018-01-09,34431.609375,34488.03125,34343.41015625,34443.19140625,11200,0,0
2018-01-10,34538.78125,34565.62890625,34311.62890625,34433.0703125,8500,0,0
2018-01-11,34471.48046875,34558.87890625,34400.609375,34503.48828125,8100,0,0
2018-01-12,34578.98828125,34638.421875,34342.16015625,34592.390625,7800,0,0
2018-01-15,34687.2109375,34963.69140625,34687.2109375,34843.51171875,14600,0,0
2018-01-16,34877.7109375,34936.03125,34735.55078125,34771.05078125,53600,0,0
2018-01-17,34753.80078125,35118.609375,34700.8203125,35081.8203125,35000,0,0
2018-01-18,35366.44921875,35507.359375,35166.44140625,35260.2890625,15700,0,0
2018-01-19,35339.109375,35542.171875,35221.16015625,35511.578125,35200,0,0
2018-01-22,35613.96875,35827.69921875,35544.6796875,35798.01171875,13700,0,0
2018-01-23,35868.19140625,36170.828125,35863.98046875,36139.98046875,27000,0,0
2018-01-24,36161.62109375,36268.19140625,36036.51171875,36161.640625,25200,0,0
2018-01-25,36208.390625,36247.01953125,35823.3515625,36050.44140625,15100,0,0
2018-01-29,36106.359375,36443.98046875,36093.359375,36283.25,16900,0,0
2018-01-30,36277.12109375,36291.8203125,35993.41015625,36033.73046875,18100,0,0
2018-01-31,35951.640625,36050.69140625,35818.41015625,35965.01953125,11000,0,0
2018-02-01,36048.98828125,36256.828125,35501.73828125,35906.66015625,25200,0,0
2018-02-02,35707.6015625,35738.12890625,35006.41015625,35066.75,18000,0,0
2018-02-05,34718.8515625,34874.171875,34520.80078125,34757.16015625,23500,0,0
2018-02-06,33753.78125,34521.01171875,33482.80859375,34195.94140625,22900,0,0
2018-02-07,34563.30078125,34666.328125,34008.421875,34082.7109375,13100,0,0
2018-02-08,34208.109375,34634.3515625,34108.76171875,34413.16015625,35700,0,0
2018-02-09,34002.44921875,34070.73046875,33849.6484375,34005.76171875,15200,0,0
2018-02-12,34203.33984375,34351.33984375,34115.12109375,34300.46875,15500,0,0
2018-02-14,34436.98046875,34473.4296875,34028.6796875,34155.94921875,21100,0,0
2018-02-15,34207.5703125,34535.078125,34186.01171875,34297.46875,13000,0,0
2018-02-16,34411.23828125,34508.23828125,33957.328125,34010.76171875,18000,0,0
2018-02-19,34053.94921875,34122.9609375,33554.37109375,33774.66015625,18000,0,0
2018-02-20,33913.94140625,33960.94921875,33657.890625,33703.58984375,19200,0,0
2018-02-21,33813.828125,33911.359375,33702.5,33844.859375,17700,0,0
2018-02-22,33817.08984375,33868.73828125,33691.421875,33819.5,11800,0,0
2018-02-23,33832.0,34167.6015625,33832.0,34142.1484375,21600,0,0
2018-02-26,34225.71875,34483.390625,34225.71875,34445.75,8400,0,0
2018-02-27,34558.55859375,34610.7890625,34314.87109375,34346.390625,12700,0,0
2018-02-28,34155.62890625,34302.73828125,34076.44921875,34184.0390625,12000,0,0
2018-03-01,34141.21875,34278.62890625,34015.7890625,34046.94140625,11300,0,0
2018-03-05,34034.28125,34034.28125,33653.41015625,33746.78125,16900,0,0
2018-03-06,34047.4296875,34060.12890625,33209.76171875,33317.19921875,11800,0,0
2018-03-07,33279.390625,33331.2109375,32991.140625,33033.08984375,10700,0,0
2018-03-08,33244.51953125,33439.96875,33037.48046875,33351.5703125,15500,0,0
2018-03-09,33465.05078125,33519.48828125,33256.421875,33307.140625,8200,0,0
2018-03-12,33468.16015625,33962.48046875,33468.16015625,33917.94140625,12200,0,0
2018-03-13,33818.21875,34077.3203125,33722.9609375,33856.78125,14300,0,0
2018-03-14,33733.55078125,33875.1484375,33580.69140625,33835.73828125,9300,0,0
2018-03-15,33843.46875,33866.28125,33637.28125,33685.5390625,17300,0,0
2018-03-16,33685.859375,33691.3203125,33119.921875,33176.0,12700,0,0
2018-03-19,33268.96875,33275.7890625,32856.5390625,32923.12109375,9800,0,0
2018-03-20,32876.48046875,33102.73828125,32810.859375,32996.76171875,14600,0,0
2018-03-21,33090.8203125,33354.9296875,33070.53125,33136.1796875,10100,0,0
2018-03-22,33206.98828125,33281.76953125,32963.30859375,33006.26953125,12900,0,0
2018-03-23,32650.890625,32720.029296875,32483.83984375,32596.5390625,11400,0,0
2018-03-26,32536.439453125,33115.41015625,32515.169921875,33066.41015625,16400,0,0
2018-03-27,33172.98046875,33371.0390625,33077.12890625,33174.390625,15100,0,0
2018-03-28,33098.08984375,33104.109375,32917.66015625,32968.6796875,12300,0,0
2018-04-02,33030.87109375,33289.33984375,32997.87890625,33255.359375,7600,0,0
2018-04-03,33197.421875,33402.94140625,33153.828125,33370.62890625,11100,0,0
2018-04-04,33437.51953125,33505.53125,32972.55859375,33019.0703125,9700,0,0
2018-04-05,33289.9609375,33637.4609375,33267.859375,33596.80078125,11000,0,0
2018-04-06,33608.58984375,33697.51171875,33501.37109375,33626.96875,10800,0,0
2018-04-09,33653.609375,33846.5,33578.91015625,33788.5390625,37400,0,0
2018-04-10,33880.109375,33949.98046875,33813.30078125,33880.25,13600,0,0
2018-04-11,33970.3515625,33981.5390625,33750.73828125,33940.44140625,9300,0,0
2018-04-12,33987.55078125,34177.44140625,33924.87890625,34101.12890625,6600,0,0
2018-04-13,34167.53125,34313.140625,34103.53125,34192.6484375,8300,0,0
2018-04-16,33944.73046875,34341.4609375,33899.33984375,34305.4296875,7100,0,0
2018-04-17,34381.80078125,34434.140625,34229.828125,34395.05859375,10400,0,0
2018-04-18,34443.421875,34591.80859375,34270.0390625,34331.6796875,8200,0,0
2018-04-19,34403.671875,34478.8203125,34358.91015625,34427.2890625,7600,0,0
2018-04-20,34434.140625,34487.328125,34311.2890625,34415.578125,10200,0,0
2018-04-23,34493.69140625,34663.94921875,34259.26953125,34450.76953125,9500,0,0
2018-04-24,34491.37890625,34706.7109375,34465.48828125,34616.640625,8400,0,0
2018-04-25,34593.171875,34631.26953125,34400.55859375,34501.26953125,7800,0,0
2018-04-26,34532.94921875,34747.96875,34505.62109375,34713.6015625,10000,0,0
2018-04-27,34747.0390625,35065.37109375,34744.73046875,34969.69921875,16200,0,0
2018-04-30,35021.19921875,35213.30078125,35004.0,35160.359375,6900,0,0
2018-05-02,35328.91015625,35357.1484375,35072.421875,35176.421875,8700,0,0
2018-05-03,35257.30859375,35257.30859375,35020.078125,35103.140625,7700,0,0
2018-05-04,35144.9609375,35206.55078125,34847.609375,34915.37890625,7800,0,0
2018-05-07,34983.58984375,35259.80859375,34977.73828125,35208.140625,12600,0,0
2018-05-08,35349.8515625,35388.87109375,35136.01171875,35216.3203125,14200,0,0
2018-05-09,35198.078125,35404.828125,35134.19921875,35319.3515625,9400,0,0
2018-05-10,35353.9609375,35500.76171875,35203.8515625,35246.26953125,8400,0,0
2018-05-11,35287.98828125,35596.1484375,35262.05859375,35535.7890625,8900,0,0
2018-05-14,35555.828125,35642.71875,35456.55859375,35556.7109375,9000,0,0
2018-05-15,35537.8515625,35993.53125,35497.921875,35543.94140625,12000,0,0
2018-05-16,35452.3515625,35543.890625,35241.62890625,35387.87890625,10900,0,0
2018-05-17,35483.62109375,35510.01171875,35087.8203125,35149.12109375,11000,0,0
2018-05-18,35143.58984375,35163.109375,34821.62109375,34848.30078125,9500,0,0
2018-05-21,34873.16015625,34973.94921875,34593.8203125,34616.12890625,6500,0,0
2018-05-22,34601.48828125,34754.6015625,34550.21875,34651.23828125,12000,0,0
2018-05-23,34656.62890625,34668.46875,34302.890625,34344.91015625,11300,0,0
2018-05-24,34404.140625,34741.4609375,34367.828125,34663.109375,15800,0,0
2018-05-25,34753.46875,35017.9296875,34700.51953125,34924.87109375,10300,0,0
2018-05-28,35074.3203125,35240.9609375,35006.5,35165.48046875,11200,0,0
2018-05-29,35213.140625,35234.140625,34922.1796875,34949.23828125,8400,0,0
2018-05-30,34876.12890625,35017.44921875,34735.109375,34906.109375,10900,0,0
2018-05-31,35083.80859375,35416.03125,34926.078125,35322.37890625,22900,0,0
2018-06-01,35373.98046875,35438.21875,35177.3515625,35227.26171875,11900,0,0
2018-06-04,35503.23828125,35555.58984375,34982.25,35011.890625,29400,0,0
2018-06-05,35029.44921875,35073.12109375,34784.6796875,34903.2109375,8300,0,0
2018-06-06,34932.48828125,35230.5390625,34896.37109375,35178.87890625,10100,0,0
2018-06-07,35278.37890625,35628.48828125,35278.37890625,35463.078125,8800,0,0
2018-06-08,35406.46875,35484.94140625,35260.0,35443.671875,9900,0,0
2018-06-11,35472.58984375,35704.83984375,35444.48828125,35483.46875,11100,0,0
2018-06-12,35525.30078125,35743.078125,35479.0703125,35692.51953125,11100,0,0
2018-06-13,35835.44140625,35877.41015625,35715.9609375,35739.16015625,11900,0,0
2018-06-14,35743.1015625,35749.87890625,35488.55078125,35599.8203125,9800,0,0
2018-06-15,35656.26171875,35675.19921875,35419.6796875,35622.140625,9000,0,0
2018-06-18,35698.4296875,35721.55078125,35518.73046875,35548.26171875,8100,0,0
2018-06-19,35552.46875,35552.46875,35249.05859375,35286.73828125,9000,0,0
2018-06-20,35329.609375,35571.37109375,35329.51171875,35547.328125,10200,0,0
2018-06-21,35644.05078125,35678.69140625,35396.96875,35432.390625,62300,0,0
2018-06-22,35428.421875,35741.26171875,35344.48828125,35689.6015625,14700,0,0
2018-06-25,35783.75,35806.96875,35430.109375,35470.3515625,11800,0,0
2018-06-26,35355.71875,35616.640625,35338.08984375,35490.0390625,11500,0,0
2018-06-27,35543.890625,35618.8515625,35154.2109375,35217.109375,11300,0,0
2018-06-28,35207.19140625,35282.3984375,34937.1484375,35037.640625,13000,0,0
2018-06-29,35128.16015625,35459.05078125,35099.6484375,35423.48046875,37800,0,0
2018-07-02,35545.21875,35578.23828125,35106.5703125,35264.41015625,14800,0,0
2018-07-03,35344.2109375,35445.2109375,35195.62890625,35378.6015625,7700,0,0
2018-07-04,35385.51953125,35667.30859375,35309.671875,35645.3984375,11900,0,0
2018-07-05,35703.171875,35748.26171875,35517.7890625,35574.55078125,19300,0,0
2018-07-06,35543.66015625,35799.7109375,35532.2109375,35657.859375,14600,0,0
2018-07-09,35835.1015625,35977.37109375,35779.71875,35934.71875,8400,0,0
2018-07-10,36068.26953125,36274.328125,36019.62890625,36239.62109375,8800,0,0
2018-07-11,36299.26171875,36362.30078125,36169.69921875,36265.9296875,9400,0,0
2018-07-12,36424.23046875,36699.53125,36422.078125,36548.41015625,12300,0,0
2018-07-13,36635.140625,36740.0703125,36501.609375,36541.62890625,11900,0,0
2018-07-16,36658.7109375,36658.7109375,36298.94140625,36323.76953125,9600,0,0
2018-07-17,36390.98828125,36549.55078125,36261.78125,36519.9609375,9200,0,0
2018-07-18,36722.41015625,36747.87109375,36320.921875,36373.44140625,18400,0,0
2018-07-19,36509.078125,36515.578125,36279.328125,36351.23046875,9400,0,0
2018-07-20,36377.03125,36567.33984375,36335.609375,36496.37109375,16300,0,0
2018-07-23,36501.05078125,36749.69140625,36491.828125,36718.6015625,8100,0,0
2018-07-24,36859.390625,36902.05859375,36709.71875,36825.1015625,11600,0,0
2018-07-25,36928.05859375,36947.1796875,36803.1484375,36858.23046875,11000,0,0
2018-07-26,36928.37890625,37061.62109375,36852.53125,36984.640625,17800,0,0
2018-07-27,37253.859375,37368.62109375,37134.87890625,37336.8515625,14700,0,0
2018-07-30,37491.390625,37533.5,37292.44921875,37494.3984375,14100,0,0
2018-07-31,37534.94921875,37644.58984375,37298.75,37606.578125,14000,0,0
2018-08-01,37643.87109375,37711.87109375,37432.91015625,37521.62109375,16100,0,0
2018-08-02,37529.69140625,37529.69140625,37128.98828125,37165.16015625,11700,0,0
2018-08-03,37327.16015625,37582.26953125,37319.609375,37556.16015625,17800,0,0
2018-08-06,37714.69921875,37805.25,37643.2890625,37691.890625,12400,0,0
2018-08-07,37849.2109375,37876.87109375,37586.87890625,37665.80078125,15900,0,0
2018-08-08,37756.23828125,37931.421875,37641.3984375,37887.55859375,9400,0,0
2018-08-09,37994.51171875,38076.23046875,37939.28125,38024.37109375,15300,0,0
2018-08-10,38050.0703125,38051.44921875,37815.75,37869.23046875,15600,0,0
2018-08-13,37693.19140625,37799.5390625,37559.26171875,37644.8984375,11400,0,0
2018-08-14,37749.58984375,37932.3984375,37689.7109375,37852.0,11300,0,0
2018-08-16,37796.01171875,37891.921875,37634.12890625,37663.55859375,13000,0,0
2018-08-17,37898.6015625,38022.3203125,37840.16015625,37947.87890625,10000,0,0
2018-08-20,38075.0703125,38340.69140625,38050.69140625,38278.75,11800,0,0
2018-08-21,38360.3203125,38402.9609375,38213.87109375,38285.75,8900,0,0
2018-08-23,38416.6484375,38487.62890625,38227.359375,38336.76171875,11100,0,0
2018-08-24,38366.7890625,38429.5,38172.76953125,38251.80078125,10700,0,0
2018-08-27,38472.03125,38736.87890625,38416.73046875,38694.109375,10800,0,0
2018-08-28,38814.76171875,38938.91015625,38760.578125,38896.62890625,9900,0,0
2018-08-29,38989.6484375,38989.6484375,38679.5703125,38722.9296875,11400,0,0
2018-08-30,38796.98046875,38819.05859375,38581.828125,38690.1015625,10800,0,0
2018-08-31,38704.83984375,38838.44921875,38562.2109375,38645.0703125,18000,0,0
2018-09-03,38915.91015625,38934.3515625,38270.01171875,38312.51953125,12300,0,0
2018-09-04,38460.9609375,38518.55859375,38098.6015625,38157.921875,12500,0,0
2018-09-05,38192.94921875,38250.609375,37774.421875,38018.30859375,14800,0,0
2018-09-06,38161.8515625,38320.9609375,37912.5,38242.80859375,9300,0,0
2018-09-07,38314.55078125,38421.55859375,38067.21875,38389.8203125,18700,0,0
2018-09-10,38348.390625,38354.51953125,37882.828125,37922.171875,20500,0,0
2018-09-11,38017.48828125,38043.26953125,37361.19921875,37413.12890625,11900,0,0
2018-09-12,37546.421875,37752.578125,37342.0,37717.9609375,13600,0,0
2018-09-14,37939.2890625,38125.62109375,37859.51953125,38090.640625,12200,0,0
2018-09-17,38027.80859375,38027.80859375,37548.9296875,37585.51171875,8800,0,0
2018-09-18,37660.19140625,37745.44140625,37242.8515625,37290.671875,10900,0,0
2018-09-19,37432.9296875,37530.62890625,37062.69140625,37121.21875,13000,0,0
2018-09-21,37278.890625,37489.23828125,35993.640625,36841.6015625,41100,0,0
2018-09-24,36924.71875,36945.5,36216.94921875,36305.01953125,23300,0,0
2018-09-25,36350.25,36705.7890625,36064.1015625,36652.05859375,20500,0,0
2018-09-26,36936.640625,36938.73828125,36357.9296875,36542.26953125,21800,0,0
2018-09-27,36691.9296875,36711.62109375,36238.23046875,36324.171875,17800,0,0
2018-09-28,36452.73828125,36551.859375,35985.62890625,36227.140625,22800,0,0
2018-10-01,36274.25,36616.640625,35960.6484375,36526.140625,21300,0,0
2018-10-03,36602.8515625,36602.8515625,35911.8203125,35975.62890625,25100,0,0
2018-10-04,35820.53125,35820.53125,35022.12109375,35169.16015625,21300,0,0
2018-10-05,35097.98828125,35118.5390625,34202.21875,34376.98828125,22100,0,0
2018-10-08,34412.359375,34636.4296875,33974.66015625,34474.37890625,20400,0,0
2018-10-09,34651.8203125,34711.6796875,34233.5,34299.46875,30300,0,0
2018-10-10,34493.2109375,34858.3515625,34346.5,34760.890625,24400,0,0
2018-10-11,34063.8203125,34325.1796875,33723.53125,34001.1484375,30700,0,0
2018-10-12,34291.921875,34808.421875,34279.78125,34733.578125,31300,0,0
2018-10-15,34971.828125,35008.6484375,34559.98046875,34865.1015625,10600,0,0
2018-10-16,35004.328125,35215.7890625,34913.05859375,35162.48046875,12900,0,0
2018-10-17,35543.37890625,35605.4296875,34727.16015625,34779.578125,17700,0,0
2018-10-19,34563.2890625,34563.2890625,34140.3203125,34315.62890625,16000,0,0
2018-10-22,34689.390625,34748.69140625,34082.76171875,34134.37890625,17100,0,0
2018-10-23,33935.87890625,34073.921875,33742.75,33847.23046875,12700,0,0
2018-10-24,34203.69921875,34300.96875,33726.0703125,34033.9609375,18900,0,0
2018-10-25,33778.6015625,33838.76171875,33553.1796875,33690.08984375,17400,0,0
2018-10-26,33776.80078125,33776.80078125,33291.578125,33349.30859375,21300,0,0
2018-10-29,33549.87890625,34154.6015625,33341.80078125,34067.3984375,28000,0,0
2018-10-30,34068.921875,34176.359375,33799.7890625,33891.12890625,15800,0,0
2018-10-31,33963.08984375,34463.37890625,33587.23828125,34442.05078125,25900,0,0
2018-11-01,34650.62890625,34679.9296875,34303.37890625,34431.96875,22400,0,0
2018-11-02,34743.94921875,35190.19921875,34649.80078125,35011.6484375,38700,0,0
2018-11-05,35118.62109375,35123.41015625,34811.6015625,34950.921875,22200,0,0
2018-11-06,35076.23828125,35196.03125,34889.71875,34991.91015625,16200,0,0
2018-11-07,35301.87890625,35302.25,35183.171875,35237.6796875,2500,0,0
2018-11-09,35258.12890625,35287.2890625,35011.23046875,35158.55078125,17100,0,0
2018-11-12,35287.48828125,35333.21875,34756.80078125,34812.98828125,15700,0,0
2018-11-13,34846.19140625,35187.75,34672.19921875,35144.48828125,12000,0,0
2018-11-14,35330.140625,35351.87890625,34986.859375,35141.98828125,23300,0,0
2018-11-15,35145.75,35402.0,35118.421875,35260.5390625,20000,0,0
2018-11-16,35398.69921875,35545.8515625,35324.37109375,35457.16015625,21100,0,0
2018-11-19,35647.62109375,35818.828125,35511.1015625,35774.87890625,15600,0,0
2018-11-20,35730.76953125,35731.671875,35416.1796875,35474.51171875,15700,0,0
2018-11-21,35492.62109375,35494.25,35112.48828125,35199.80078125,13900,0,0
2018-11-22,35282.328125,35364.5,34937.98046875,34981.01953125,13800,0,0
2018-11-26,35118.08984375,35397.23828125,34896.0703125,35354.078125,19200,0,0
2018-11-27,35394.76953125,35555.16015625,35262.96875,35513.140625,19100,0,0
2018-11-28,35635.51953125,35822.16015625,35605.33984375,35716.94921875,27500,0,0
2018-11-29,35997.2890625,36253.8515625,35946.23828125,36170.41015625,40500,0,0
2018-11-30,36304.4296875,36389.21875,36082.96875,36194.30078125,23300,0,0
2018-12-03,36396.69140625,36446.16015625,36099.6796875,36241.0,30100,0,0
2018-12-04,36290.48046875,36295.83984375,36036.390625,36134.30859375,18500,0,0
2018-12-05,36035.6484375,36048.6484375,35777.80859375,35884.41015625,20800,0,0
2018-12-06,35694.25,35707.23046875,35266.76171875,35312.12890625,22600,0,0
2018-12-07,35494.859375,35730.05078125,35378.26953125,35673.25,19000,0,0
2018-12-10,35204.66015625,35246.96875,34915.76953125,34959.71875,18500,0,0
2018-12-11,34584.12890625,35207.328125,34426.2890625,35150.01171875,22300,0,0
2018-12-12,35277.83984375,35826.578125,35167.46875,35779.0703125,21600,0,0
2018-12-13,36024.87890625,36095.55859375,35794.51171875,35929.640625,22600,0,0
2018-12-14,35960.19140625,36019.01953125,35813.8515625,35962.9296875,19000,0,0
2018-12-17,36129.12890625,36312.30859375,36123.62109375,36270.0703125,17130800,0,0
2018-12-18,36226.37890625,36375.37890625,36046.51953125,36347.078125,20793100,0,0
2018-12-19,36441.4609375,36554.98828125,36381.87109375,36484.328125,16700,0,0
2018-12-20,36321.1796875,36475.51953125,36202.8984375,36431.671875,19766300,0,0
2018-12-21,36449.26953125,36483.48828125,35694.73828125,35742.0703125,18528300,0,0
2018-12-24,35859.66015625,35910.671875,35423.23828125,35470.1484375,13245200,0,0
2018-12-26,35443.16015625,35711.26171875,35010.8203125,35649.94140625,16200,0,0
2018-12-27,36002.109375,36041.23828125,35781.94921875,35807.28125,13054200,0,0
2018-12-28,35911.98828125,36194.78125,35911.98828125,36076.71875,10426300,0,0
