Date,ASIAN_PAINTS,BHARTI_AIRTEL,ICICI_BANK,INFOSYS,MARUTI_SUZUKI,NESTLE_INDIA,RELIANCE_INDUSTRIES,SBI_BANK,TATA_STEEL,WIPRO
1/1/2014,462.789978,292.354828,172.687637,353.205078,1714.807129,4837.601563,397.97345,156.549103,314.088379,193.31955
1/8/2014,459.957825,289.754303,170.648148,376.849731,1648.035034,4837.916504,416.379944,153.450653,298.256683,194.286224
1/15/2014,452.216278,268.862396,177.432617,383.67395,1674.455933,4649.968262,408.322693,156.440628,305.25766,200.894821
1/22/2014,451.272156,270.008392,167.621872,375.639191,1451.711914,4470.744629,399.698303,150.531433,291.255676,199.664505
1/29/2014,449.478424,278.95575,159.55452,364.365906,1504.786133,4472.274414,388.451172,142.990463,272.997559,196.442276
2/5/2014,456.653503,269.170929,159.390015,367.343842,1555.63147,4547.695313,380.653809,143.226288,310.389008,198.915924
2/12/2014,446.551788,266.394135,170.681076,375.945679,1587.067139,4520.980957,384.079926,141.391724,301.518524,196.848679
2/19/2014,445.702148,253.303635,169.52153,386.437439,1556.420654,4503.982422,382.969452,142.118011,287.118835,210.312347
2/26/2014,448.95929,253.524002,175.705673,388.194489,1484.308838,4230.130859,384.954163,146.169083,279.839417,208.192032
3/5/2014,453.443665,266.967133,197.111755,375.204987,1630.668701,4313.378418,413.473663,158.001648,273.793091,197.855774
3/12/2014,473.505402,260.311737,198.156143,342.156555,1735.56311,4280.77002,423.114044,161.628006,271.048431,190.929596
3/19/2014,495.313751,260.179474,206.009705,332.180695,1767.370239,4235.842285,415.222198,165.686783,291.733124,193.827286
3/26/2014,506.690033,278.162415,201.281113,338.208099,1793.419922,4365.998047,444.757721,180.294601,319.259521,198.067795
4/2/2014,508.530975,280.057648,198.855148,336.231323,1768.159546,4410.478516,446.128143,182.93071,322.958893,196.618973
4/9/2014,504.896271,286.184174,200.335388,333.084808,1785.20105,4344.81543,448.231079,186.856247,324.908051,208.139084
4/16/2014,506.359558,295.572357,211.823792,321.791107,1833.445801,4241.194824,457.611572,195.026138,334.971954,187.749222
4/23/2014,470.437164,295.440125,207.572174,324.723114,1779.675415,4242.229004,444.355988,196.544022,322.600861,185.487595
4/30/2014,485.967255,277.897919,209.628067,323.246826,1773.406982,4223.024414,455.201477,195.254532,318.901489,181.847809
5/7/2014,509.050323,281.997009,230.696945,333.600677,1945.769531,4363.75,501.560394,216.619034,339.625977,186.865784
5/14/2014,499.467773,306.547211,238.386032,318.639496,2037.059448,4103.976563,509.664886,240.39122,371.528076,174.585922
5/21/2014,493.000702,295.924896,238.073547,320.156586,2141.395996,4271.105469,518.670654,250.492966,379.28479,179.091461
5/28/2014,480.822113,316.596497,239.841614,308.05069,2175.757568,4344.621582,522.008362,251.549316,418.267395,174.691925
6/4/2014,505.69873,318.359558,243.624481,317.648346,2289.938477,4481.660645,533.023193,255.056412,444.56076,185.452255
6/11/2014,528.403992,299.054321,246.007233,336.294861,2245.454834,4517.377441,519.695862,254.06572,423.319214,189.41008
6/18/2014,550.430237,300.552917,244.224747,332.46817,2243.36499,4462.444824,505.271698,254.553879,423.557922,187.749222
6/25/2014,555.282776,295.660522,244.071945,333.654083,2400.497803,4470.899902,480.643524,256.59259,430.678223,190.346512
7/2/2014,561.847961,299.406952,239.793854,345.25824,2405.280518,4501.326172,474.516266,246.633469,408.362671,194.587051
7/9/2014,554.664307,294.514496,236.576797,334.037201,2341.0625,4452.587891,463.573029,240.837906,418.665192,189.851807
7/16/2014,573.503601,311.395599,251.796295,335.036621,2333.586182,4693.116699,491.515198,241.584503,456.294739,197.502396
7/23/2014,603.712952,312.365234,246.414703,348.634399,2325.785156,4680.278809,479.356049,238.354111,444.48349,197.966812
7/30/2014,602.285828,330.127808,252.186737,362.910583,2476.835449,4706.228516,469.008881,236.391968,455.970001,196.005371
8/6/2014,584.493164,326.072815,248.502838,370.382568,2476.231445,4808.634277,469.437988,232.525085,439.897064,193.86557
8/13/2014,585.492065,332.243439,261.956757,367.762421,2554.983398,5198.092285,480.977295,233.525299,441.682892,194.846298
8/20/2014,578.49884,324.397919,256.354492,374.960083,2577.550537,5305.922852,473.99173,238.631699,426.178162,196.540314
8/27/2014,593.960388,346.950226,270.080017,374.022949,2705.058594,5504.042969,488.225067,241.397858,421.469879,199.928314
9/3/2014,632.780701,359.477264,262.746124,386.994141,2715.078857,5789.197266,492.707245,245.73851,420.901642,209.503906
9/10/2014,616.890991,365.276001,259.113159,378.683197,2752.247559,5542.519531,467.506866,245.384384,397.806824,199.518188
9/17/2014,604.474182,359.919922,261.175873,374.152344,2858.949707,5369.42627,460.664337,244.642593,394.600403,207.649429
9/24/2014,600.477905,357.883759,243.656021,388.117828,2858.156982,5415.43457,450.770172,233.769363,372.844971,212.677902
10/1/2014,600.382324,357.175507,242.781738,396.677216,2740.96167,5389.125,441.853455,226.825256,357.949036,220.345535
10/8/2014,616.744324,352.748962,250.692841,405.827026,2762.553711,5397.503418,458.280182,241.359573,370.287933,206.953964
10/15/2014,615.170166,363.726746,267.822174,390.86731,2868.929688,5399.449219,443.045532,247.38002,370.003784,204.439728
10/22/2014,616.553467,361.60202,271.828613,395.954437,2938.60376,5406.604492,445.381989,254.257141,366.1073,197.610214
10/29/2014,623.613525,350.579956,278.763519,426.266327,3064.52002,5739.570313,477.401093,260.464264,397.076263,201.158707
11/5/2014,619.654175,340.576019,285.893738,430.446014,3103.367188,5839.826172,466.219452,262.024445,389.405029,198.733582
11/12/2014,668.549194,352.748962,285.375885,435.909363,3139.369873,5571.660645,470.987732,281.358856,394.884491,201.978973
11/19/2014,660.058228,356.909882,294.89978,449.085083,3068.110352,5732.414551,473.181122,291.88269,376.984985,207.221451
11/26/2014,734.569275,340.221924,300.57843,444.153931,3134.75293,5605.803223,458.947784,305.09137,377.309723,210.645142
12/3/2014,746.11322,313.61853,297.429199,410.100708,3108.030762,5706.150391,447.885376,293.557739,354.011963,198.573105
12/10/2014,724.360962,309.94458,280.664886,404.433777,3088.397461,5472.641113,412.027832,283.22052,316.102417,191.262146
12/17/2014,704.564453,314.415344,299.67868,411.415619,3169.91626,5639.540039,426.237305,293.892731,320.77005,197.075256
12/24/2014,715.583862,309.546204,297.768768,410.434631,3123.93335,5653.867188,419.895477,296.524841,321.825378,196.504639
12/31/2014,722.452942,313.751373,295.264709,408.441284,3167.071289,5650.104492,398.676605,287.096954,321.703613,194.52533
1/7/2015,794.817444,306.757446,289.450226,435.658905,3236.651611,6081.383301,401.99054,291.978394,317.888306,200.730728
1/14/2015,799.444397,314.282562,311.434906,442.985107,3360.468994,6403.844238,429.694336,304.421326,326.411896,210.573807
1/21/2015,849.245911,348.278198,325.69519,445.834167,3437.230957,6659.428223,423.781616,315.667847,323.124268,213.212891
1/28/2015,777.406067,329.199951,294.161255,442.567688,3365.31958,6405.341309,447.003204,287.288361,309.24295,223.657578
2/4/2015,783.941284,316.008911,281.004456,475.952942,3164.273438,6182.58252,420.896851,274.845428,290.328766,231.372986
2/11/2015,794.960449,319.195984,287.031128,475.577332,3333.513672,6491.396484,430.409607,293.653412,300.313538,237.901428
2/18/2015,763,303.791687,276.590485,475.504242,3347.131592,6341.36377,401.370697,283.459808,291.74939,234.718155
2/25/2015,799.730835,308.926453,295.731567,479.511688,3459.336914,6404.887207,429.93277,289.777008,286.959961,241.696182
3/4/2015,771.920288,325.702972,283.338715,459.213348,3402.814453,6690.441895,409.643646,275.276184,269.588135,235.59938
3/11/2015,791.716797,342.435181,283.763153,467.948578,3416.058838,6703.227539,408.570831,270.681824,269.831635,231.10321
3/18/2015,775.211792,349.074951,264.87674,461.718048,3351.188477,6344.719727,404.73233,258.813202,265.610413,234.358444
3/25/2015,771.586304,348.720825,267.635406,462.657318,3450.335938,6294.981445,393.240753,255.558914,257.208679,225.81572
4/1/2015,796.916443,358.149292,269.460388,451.104462,3358.69751,6468.726563,397.103088,260.248932,270.805786,221.30159
4/8/2015,820.099609,375.766846,268.99353,467.332764,3416.385498,6451.269531,439.826935,273.218323,279.735199,224.251053
4/15/2015,758.611389,352.793213,263.858124,447.587402,3254.466309,6244.428223,417.654419,276.664001,282.495239,208.190704
4/22/2015,730.371582,354.829468,277.269653,409.380554,3569.163574,6205.479492,412.45697,260.727509,301.449982,191.159225
4/29/2015,745.063782,342.479431,278.712616,410.507629,3536.891602,6175.328125,424.806854,260.48822,307.822418,195.979126
5/6/2015,723.311584,346.59613,261.905853,406.92807,3333.233887,6081.200684,414.054352,255.941742,286.675842,192.040466
5/13/2015,739.387329,352.08493,267.550507,421.236053,3458.683838,6354.694336,431.921448,275.946167,298.852356,198.856689
5/20/2015,728.654236,354.873718,263.094177,419.388885,3476.21875,6196.471191,426.688232,265.36969,270.19696,201.014832
5/27/2015,724.408691,370.01239,258.595398,419.284454,3572.521484,6196.290039,433.464905,254.841019,261.105133,197.256027
6/3/2015,702.370178,361.02652,243.698471,415.892761,3446.791504,5419.27832,426.326477,249.481552,247.345657,195.583466
6/10/2015,672.65155,366.604004,260.664246,417.21814,3539.177246,5263.675781,435.997131,246.7677,239.02507,194.162674
6/17/2015,721.308044,380.23764,270.981995,424.259583,3748.337646,5576.564453,479.792175,259.416229,254.448685,200.637131
6/24/2015,719.781555,371.73877,265.931061,417.563965,3752.021729,5775.949219,482.541443,254.715439,247.345657,195.727341
7/1/2015,791.351868,381.698364,269.90274,416.165466,3705.246338,5538.518066,483.964294,264.310883,241.460358,199.072495
7/8/2015,789.14502,373.420776,270.895599,411.101379,3776.272461,5412.225098,481.166748,260.337006,228.675018,203.766495
7/15/2015,783.579956,394.181122,268.866669,471.510162,3878.964111,5523.908691,485.941803,256.120819,222.952042,207.543304
7/22/2015,801.234863,365.453064,246.115707,450.681732,3913.334961,5627.902344,487.123474,251.371567,202.414322,202.719177
7/29/2015,868.112366,366.249786,271.197784,449.1138,4139.470703,5782.958496,476.584686,279.334045,214.251114,203.283661
8/5/2015,849.449951,358.414948,260.750549,467.992889,4201.682129,5738.8125,466.094116,261.015472,206.31279,206.215256
8/12/2015,864.754089,341.15152,259.843994,493.186188,4322.702148,5613.883789,455.483032,275.214813,210.281952,208.054352
8/19/2015,817.354553,310.405945,244.777435,460.428497,3916.878906,5609.651855,411.374451,245.604599,178.946472,197.32933
8/26/2015,782.956299,307.423859,234.546005,461.763458,3785.040039,5453.867676,405.224823,231.744522,180.659485,204.977081
9/2/2015,760.599731,308.670044,225.436996,448.901978,3886.243164,5373.995117,409.46933,221.276764,191.188202,204.776779
9/9/2015,795.861633,311.91922,232.25795,465.471375,4063.722656,5473.209961,418.440521,226.607559,191.39711,207.526306
9/16/2015,771.442078,305.509949,233.682587,468.480164,4195.084473,5589.216309,408.745789,230.581436,183.834793,216.557877
9/23/2015,772.641602,287.928894,232.128448,475.090942,4386.309082,5625.397949,404.742493,234.555298,168.250641,214.045074
9/30/2015,818.505859,310.762024,244.129852,489.393219,4088.446289,5901.833496,432.11441,232.859146,189.809433,218.415222
10/7/2015,830.595642,307.512848,248.144745,465.577423,4011.553467,5605.054688,430.498596,235.912231,204.892242,213.18927
10/14/2015,839.231262,321.978333,247.06546,476.89209,4232.334473,5946.84375,460.836823,246.622299,201.21553,208.291061
10/21/2015,794.326294,313.610596,244.950104,491.158478,4217.274902,5771.080078,452.999054,241.000732,205.518951,209.47464
10/28/2015,782.476563,308.759155,241.021591,488.827698,4204.044922,5674.64209,466.118286,228.933731,197.246384,209.128693
11/4/2015,767.965881,295.539917,226.559433,473.174896,4424.451172,5521.951172,444.678986,233.876846,182.121796,202.609909
11/11/2015,776.383911,297.898895,230.833313,453.801483,4344.367676,5529.186523,447.355865,240.370728,195.951187,202.318573
11/18/2015,824.005981,303.774109,227.466019,445.205322,4354.126465,5516.263672,466.889954,234.070694,187.469742,205.359436
11/25/2015,811.835754,287.261261,236.22963,460.451782,4271.931152,5348.509277,465.708282,241.630722,198.583374,211.750778
12/2/2015,827.806274,282.810364,225.739212,446.894501,4262.92334,5301.950195,454.566589,228.64296,196.160095,207.162094
12/9/2015,843.05481,274.531647,212.70166,460.558624,4335.500488,5306.866699,470.700348,219.144455,204.056641,203.429306
12/16/2015,846.325806,287.706329,224.055527,463.424011,4332.82666,5231.473633,476.295319,221.276764,214.919586,202.354996
12/23/2015,846.470093,297.720886,228.976974,472.041595,4352.390137,5325.53418,489.631592,221.470612,213.206589,205.231964
12/30/2015,866.673401,288.462952,221.681137,459.660583,4286.474121,5166.075195,484.784241,211.535934,229.041443,202.846603
1/6/2016,840.024414,280.540375,204.499237,449.075714,4006.204102,4969.013184,504.077148,193.701965,205.85321,199.933197
1/13/2016,813.134705,276.089447,197.548767,487.15979,3942.682373,4956.73584,503.353668,177.467285,198.834061,197.292923
1/20/2016,844.113037,265.05127,203.894852,486.539734,3833.604736,4987.3125,484.639526,177.273422,212.120285,199.150253
1/27/2016,847.28772,269.012543,181.834641,502.427551,3636.937744,4979.783691,483.289001,164.237167,193.444351,208.197998
2/3/2016,850.655151,277.691803,180.712234,474.415222,3430.981201,4945.645508,461.391479,161.862534,196.828598,197.007126
2/10/2016,809.094055,280.49585,169.919556,462.312103,3477.427246,4621.665527,448.392853,151.588623,204.599792,193.534073
2/17/2016,841.323059,285.747925,165.861542,480.680481,3277.006104,4737.401367,458.545776,153.575562,211.786041,198.311798
2/24/2016,839.158325,285.569855,177.085892,480.915771,3279.821289,4608.477539,473.763092,157.210205,214.668915,196.621216
3/2/2016,839.783875,295.361877,187.230988,497.616333,3247.966309,4841.63916,495.419495,178.000351,243.873596,198.918198
3/9/2016,852.48291,305.910553,191.116348,485.128265,3428.447754,4612.904785,492.163818,179.551132,250.516693,196.584473
3/16/2016,821.600769,312.720398,201.779495,508.885529,3471.140381,4814.164551,505.717102,191.327332,258.580322,203.254883
3/23/2016,821.648865,315.65802,192.84317,512.755981,3500.649658,4861.444824,504.534607,183.67038,253.942734,203.16301
3/30/2016,836.272278,294.071136,194.699509,521.159668,3327.627441,5224.628906,500.977417,178.824188,260.794739,205.643738
4/6/2016,832.568359,311.162598,197.419266,505.635132,3355.963623,5600.454102,510.260254,181.925751,270.863892,208.822769
4/13/2016,850.510742,319.174225,204.412903,529.798523,3488.780273,5590.595703,517.374573,181.101913,279.930267,216.522232
4/20/2016,843.632141,320.821014,219.393097,527.296631,3630.697754,5336.941406,495.47113,194.671234,299.483612,203.861298
4/27/2016,838.484985,326.696289,191.116348,504.97229,3581.390137,5116.148438,475.614258,178.533417,291.16925,199.763489
5/4/2016,864.556946,328.343048,194.699509,518.572266,3609.586182,5041.210449,478.196899,183.476532,274.039215,197.94429
5/11/2016,933.10376,312.898468,195.347061,519.213623,3705.47998,5667.084961,472.763702,171.603378,273.203613,198.679306
5/18/2016,919.97168,307.334839,193.749725,508.158447,3675.782959,5487.042969,458.071991,164.334106,265.390625,197.760513
5/25/2016,946.765015,313.031952,211.708725,534.524292,3910.732666,5594.208496,467.281677,198.548157,279.470673,200.737427
6/1/2016,992.799622,310.806488,219.177277,537.667725,3887.557373,5916.714355,465.186371,203.345886,286.489838,198.330185
6/8/2016,948.256287,304.575287,211.838257,502.598602,3851.291504,6040.041016,475.053894,203.807343,271.574158,199.175476
6/15/2016,943.734436,322.423401,205.664825,521.732178,3901.349854,5982.023926,481.071838,210.042816,278.96933,205.901001
6/22/2016,947.852478,318.061493,205.396683,502.327911,3822.391846,5922.40332,466.91629,212.399551,260.251587,199.340866
6/29/2016,952.881958,325.628052,216.146729,508.557922,3912.84375,5991.47168,483.849396,218.978729,279.178223,206.599289
7/6/2016,985.234741,323.180054,230.465439,508.795929,4100.410156,5891.307617,488.308044,222.366516,286.1138,209.318924
7/13/2016,993.455933,324.292725,237.162231,469.987213,4209.580566,6085.720215,494.78894,225.557907,309.38562,202.273376
7/20/2016,1025.857056,329.010712,230.906036,471.068848,4208.501465,6549.943359,498.638489,222.415619,307.213043,201.334549
7/27/2016,1086.258423,318.684631,216.190796,469.121857,4683.046387,6266.924316,492.669281,223.741287,302.408203,202.67836
8/3/2016,1108.310547,310.53949,216.190796,467.910492,4661.699707,6301.185059,501.830231,230.369553,320.802795,202.641556
8/10/2016,1092.255127,305.821472,219.142654,454.693024,4562.240723,6222.569336,499.076996,242.005859,324.006989,197.431915
8/17/2016,1087.564087,315.942993,220.420334,449.631042,4535.029297,6255.925293,492.108887,250.008896,329.34729,191.283463
8/24/2016,1109.180908,296.774628,225.70723,450.388245,4756.139648,6161.463867,519.348083,247.652161,322.81076,180.072678
8/31/2016,1161.312988,287.436218,240.070038,452.162048,4987.289551,6025.102051,497.249756,254.771454,329.689087,177.753174
9/7/2016,1116.579956,284.174438,236.809753,456.012634,5034.67334,5913.272949,509.992126,248.143158,319.222076,177.200912
9/14/2016,1128.476563,285.78302,239.673492,454.433441,5208.662109,5819.824707,523.392517,249.665207,312.258301,176.795914
9/21/2016,1154.687378,280.599915,229.804611,450.150208,5206.960938,5960.687988,541.105408,244.460785,314.30896,178.342224
9/28/2016,1153.188477,289.044739,227.513596,453.762909,5366.541504,6110.603027,533.674194,254.575043,333.320465,177.274536
10/5/2016,1172.193481,282.476563,220.376266,445.434387,5397.154297,6093.054199,534.039673,251.383652,356.646912,175.59935
10/12/2016,1138.5354,273.80835,238.263672,449.176758,5315.615723,6271.361328,525.926392,252.26741,363.055298,177.21933
10/19/2016,1102.604126,277.963715,254.741257,440.156006,5462.913574,6232.540039,516.473083,256.588074,355.023468,177.182495
10/26/2016,1040.51001,283.012726,242.625366,432.412567,5554.135742,6235.617188,510.820648,253.740372,356.903229,169.690216
11/2/2016,1024.380127,272.557251,249.54245,429.766907,5349.535156,5927.746582,488.673492,248.044983,349.127777,166.76326
11/9/2016,865.075134,270.680603,237.294403,404.382385,4575.489746,5494.999023,481.242401,273.085144,336.268341,164.959213
11/16/2016,879.764587,271.708282,232.051544,399.659729,4658.444824,5414.919922,487.82077,252.758408,322.981628,165.64032
11/23/2016,929.262573,289.714966,225.354782,425.328491,4809.947754,5762.210449,485.262512,248.388657,349.512299,170.923584
11/30/2016,905.701355,294.049072,230.157089,422.835968,4857.991211,5755.82373,488.917145,254.476837,357.458679,168.475235
12/7/2016,881.315979,294.763947,233.285156,432.937286,4876.084961,5814.172852,506.727448,260.712341,359.423889,170.684265
12/14/2016,842.289734,270.099731,221.697983,441.836121,4820.812012,5466.756836,516.083252,249.959793,345.111877,171.862442
12/21/2016,849.70697,267.552948,223.195953,436.960358,4938.489746,5422.307129,518.665955,244.215286,335.584778,170.831558
12/28/2016,871.231995,271.35083,224.077133,434.948853,5206.251953,5577.44043,531.457092,240.434738,344.471039,172.120148
1/4/2017,896.247681,286.051056,229.364044,424.432068,5362.195801,5411.66748,529.727234,243.38063,368.182007,175.433701
1/11/2017,930.95929,283.772339,236.54541,418.069489,5353.834473,5419.543457,507.409607,251.530945,388.090637,176.961563
1/18/2017,944.242737,282.699982,226.544327,413.281219,5422.475586,5492.273438,500.709442,250.107086,396.677826,177.127274
1/25/2017,941.285461,310.894012,237.074112,406.37204,5571.143555,5381.913086,508.432922,255.311508,395.097168,168.291153
2/1/2017,966.495178,314.691925,253.639801,413.128113,5863.470703,5670.437012,502.244354,272.495972,404.367889,168.456863
2/8/2017,950.496765,329.749603,251.04039,431.734772,5611.108887,5720.550781,510.796204,265.622162,403.513397,175.616119
2/15/2017,961.016846,324.343109,251.04039,442.951233,5728.171875,5853.482422,530.287598,265.76947,419.192566,175.856491
2/22/2017,993.304443,326.309082,243.550583,442.666962,5596.039063,5762.236328,603.38031,264.345642,412.399719,180.64534
3/1/2017,991.753113,322.779266,243.242203,445.902863,5561.27002,5805.993652,635.809204,263.216339,411.844299,182.60527
3/8/2017,1036.597046,322.91333,252.670532,452.593414,5793.365234,5632.574707,628.304993,269.74646,403.897919,185.064407
3/15/2017,1034.997192,312.413147,239.849731,451.281555,5742.061035,5834.320801,615.830505,267.389709,424.319275,184.010498
3/22/2017,1025.495239,304.415161,244.035202,452.637115,5645.830566,5985.859863,606.986206,277.062103,410.049957,187.689972
3/29/2017,1057.928223,305.308807,252.670532,441.420715,5737.290039,6058.681641,668.164795,287.863739,414.706726,187.52356
4/5/2017,1040.23291,312.949341,249.278076,422.923401,5903.437012,6047.811523,669.577881,288.403839,417.227325,188.577454
4/12/2017,1009.302917,302.538544,249.36618,403.354767,5798.986816,5829.805664,667.799316,284.917816,384.715576,182.660736
4/19/2017,1063.697266,316.479187,240.158142,406.240875,5992.10791,5826.904785,698.035461,280.842682,387.877045,182.882599
4/26/2017,1081.780273,310.53653,243.154053,402.742554,6335.645508,6185.579102,668.018738,283.052094,380.443298,183.049011
5/3/2017,1129.775269,308.749329,265.491302,413.980896,6263.697266,6174.84668,648.381104,290.662354,370.360809,188.115219
5/10/2017,1108.977417,334.843292,266.724915,418.266327,6568.969238,5966.007324,660.953003,301.463989,390.483093,190.370972
5/17/2017,1066.024292,331.938995,269.853027,418.659882,6500.658691,6051.404297,635.614258,283.935852,419.021667,194.290817
5/24/2017,1123.279053,330.41983,282.541565,435.735931,6752.453613,6120.148926,662.146851,283.592163,436.367004,198.007248
5/31/2017,1119.497559,329.168701,280.779297,428.302032,6724.250488,6188.996582,639.999756,284.621918,418.679932,207.326111
6/7/2017,1115.425171,324.879333,277.386932,425.432922,6943.449219,6198.540039,639.609924,281.203461,434.572662,191.813171
6/14/2017,1115.813232,327.068695,283.559326,419.039368,6817.315918,6212.255371,688.167847,287.346741,446.193176,187.893356
6/21/2017,1101.442017,332.25177,281.343079,411.291718,6794.592285,6119.361816,699.6922,276.843719,436.153412,189.335541
6/28/2017,1076.91687,338.953979,282.759583,426.454041,6964.802246,6346.195801,693.26001,270.502289,466.828094,192.219971
7/5/2017,1097.751099,353.386108,283.052551,433.247101,7039.963379,6292.869629,728.588196,281.00531,475.970673,194.771545
7/12/2017,1113.09729,364.824554,295.60556,437.509491,7138.555664,6358.333984,740.624084,287.792633,480.88382,198.691391
7/19/2017,1118.876465,383.062958,296.875519,441.394379,7100.195313,6316.12793,786.964905,293.539581,472.595612,214.370743
7/26/2017,1115.137085,373.07431,295.214813,446.21167,7425.451172,6205.861816,787.063171,305.974731,497.456726,217.624954
8/2/2017,1112.75769,374.462891,288.034698,428.274353,7328.464844,6194.186035,786.989502,301.070038,535.505188,212.595734
8/9/2017,1120.867554,365.997162,285.055176,434.867676,7196.945313,6169.687988,772.142029,275.506073,540.288452,213.742111
8/16/2017,1097.411011,377.732697,286.667084,389.447357,7084.700684,6146.705078,767.331909,271.592224,538.59259,214.66658
8/23/2017,1118.827881,383.779663,291.600342,411.824493,7110.588867,6459.208008,751.821838,274.168457,548.028564,215.184296
8/30/2017,1170.306396,364.160675,290.916504,400.080933,7458.857422,6522.126953,801.517944,274.762939,566.204895,219.806732
9/6/2017,1219.162109,362.727325,284.371399,392.422028,7787.890625,6845.818848,808.193115,270.997711,594.121704,220.583313
9/13/2017,1217.074097,353.589691,287.546265,404.60968,7775.674805,6753.507813,824.58667,265.349854,588.381714,213.668121
9/20/2017,1138.545044,346.960449,276.165527,402.456329,7524.940918,6567.816895,804.168396,255.540436,568.901001,214.66658
9/27/2017,1114.505615,345.482361,272.013763,401.346283,7527.756348,6791.583984,783.700928,249.000824,574.553894,209.341522
10/4/2017,1129.075195,344.04895,263.026398,415.39859,7536.583008,6768.553711,827.924316,254.301865,600.644226,211.930099
10/11/2017,1160.107788,417.41861,267.56897,413.55603,7504.375977,6852.691895,858.208191,248.852188,619.603149,214.000946
10/18/2017,1185.458496,449.400208,260.291168,411.46933,7515.20752,6726.993652,917.598145,252.171539,625.647522,219.141113
10/25/2017,1146.80127,445.816833,293.016815,409.204926,7841.328613,6706.14502,923.537109,303.002197,611.950073,217.440063
11/1/2017,1111.994263,460.777496,304.983704,430.243744,7858.649414,7146.25,890.013794,314.297913,602.296631,223.430756
11/8/2017,1123.626953,446.175201,306.59552,427.430023,7756.303711,7103.02002,869.938965,326.18811,595.90448,221.174988
11/15/2017,1130.538818,450.744049,312.652191,435.06076,8038.290527,7197.04834,915.29126,327.723938,618.559631,217.403076
11/22/2017,1138.910522,440.934509,306.497833,443.209137,8231.720703,6961.859375,925.647705,329.606537,612.471863,217.440063
11/29/2017,1084.688354,439.41156,298.340881,443.164124,8107.712891,7146.25,894.774719,316.378662,587.859924,209.600372
12/6/2017,1088.825806,469.377594,300.294617,455.184082,8724.649414,7346.753418,898.259644,315.486908,599.383179,212.410812
12/13/2017,1106.542725,480.530823,306.351318,452.347961,9356.135742,7370.492676,907.045288,316.527313,617.733459,216.071808
12/20/2017,1119.149292,486.264221,310.161163,465.65097,9228.599609,7299.755859,910.971985,313.951111,627.386841,224.281281
12/27/2017,1112.529541,462.524353,302.101868,463.467529,9108.646484,7329.599609,894.676575,300.128723,634.083374,235.855911
1/3/2018,1160.278198,456.880585,304.934845,468.779816,8957.490234,7270.474121,923.635254,301.46637,671.653625,234.894409
1/10/2018,1158.769531,445.144989,326.4263,505.515076,8894.270508,7234.663574,906.554565,293.440491,666.435547,245.470581
1/17/2018,1136.720337,439.769958,353.681396,529.059753,8967.271484,7079.71582,963.686646,315.090576,678.393616,233.045441
1/24/2018,1098.949829,394.261047,344.44986,526.583801,9132.169922,6935.308105,931.832031,309.987701,674.480042,227.572449
1/31/2018,1081.37854,395.554626,323.104889,499.009857,8573.587891,6539.384277,876.368774,288.833038,606.958862,218.105682
2/7/2018,1115.060791,382.301849,318.464691,496.916473,8689.673828,6655.302734,897.916016,285.860474,650.362061,213.622787
2/14/2018,1096.807983,376.531921,310.307709,510.82724,8325.810547,7045.444824,902.529785,267.182922,593.997314,216.182709
2/21/2018,1080.74585,388.612671,312.261444,516.949768,8485.318359,7237.880371,932.519226,265.349854,613.257141,216.961807
2/28/2018,1073.49353,373.106049,288.278931,516.297058,8224.516602,7169.197754,894.185852,254.153244,602.896912,212.32428
3/7/2018,1107.613525,383.969727,296.973206,531.468445,8353.200195,7184.025391,913.524231,252.567886,573.505188,219.299118
3/14/2018,1077.192871,360.754852,285.006348,523.162354,8396.046875,7312.347168,873.227539,246.969574,541.557617,217.963516
3/21/2018,1101.724121,370.942322,277.337799,518.975586,8448.769531,7538.775879,883.436707,251.527496,538.590942,202.233032
3/28/2018,1122.312988,362.107147,263.368347,513.235718,8611.138672,7796.958984,882.3078,248.059525,528.961121,210.654785
4/4/2018,1124.649292,347.592224,282.222198,501.575958,8836.251953,7930.083984,899.633911,260.841492,549.224976,211.916199
4/11/2018,1143.972656,343.76062,284.95752,506.460449,8739.44043,8408.026367,926.383911,245.929184,543.885132,211.841995
4/18/2018,1141.977051,366.11908,277.63089,519.470825,8653.699219,8228.365234,951.955933,238.398727,546.075867,212.992096
4/25/2018,1168.309448,369.22937,277.875092,539.954346,8419.330078,8772.100586,945.427917,244.04657,542.83551,206.833481
5/2/2018,1173.614746,361.295746,302.101868,524.625549,8373.860352,8502.217773,949.894409,247.712723,544.159058,202.047562
5/9/2018,1275.293823,342.047699,300.880737,536.870667,8326.862305,8903.688477,961.379761,246.325531,569.625854,200.637726
5/16/2018,1251.979126,326.270569,284.02951,537.320862,8167.975098,8967.665039,909.892212,251.824738,526.861694,196.66803
5/23/2018,1264.682983,341.010895,283.931763,547.720032,8284.015625,8938.416016,900.173828,262.476379,525.081726,195.109818
5/30/2018,1239.275513,327.983551,277.337799,549.768311,8407.449219,8960.295898,930.457764,261.089203,522.06958,189.50769
6/6/2018,1250.372803,343.535248,280.610352,566.515381,8604.84082,9238.858398,977.135254,280.262177,529.234924,197.632614
6/13/2018,1234.992188,334.609863,285.25058,560.055176,8462.892578,9026.919922,977.380737,269.907776,506.460846,194.145218
6/20/2018,1245.785034,342.723846,281.343079,579.815247,8540.808594,9458.920898,960.741699,264.705811,501.440521,190.880386
6/27/2018,1263.58667,333.753418,266.64093,614.208923,8568.864258,9175.615234,953.771912,255.391815,517.094849,194.219406
7/4/2018,1339.437012,331.184021,267.080475,590.999939,9095.192383,9399.807617,1013.080566,261.089203,519.011658,201.15712
7/11/2018,1347.701782,308.555145,260.144592,602.298218,9018.994141,9889.5625,1078.216064,256.878082,494.756775,210.840271
7/18/2018,1434.55542,321.312073,268.15509,624.350037,9371.261719,9670.298828,1096.833374,264.259949,489.367889,202.82666
7/25/2018,1416.558838,352.235168,300.246887,619.358887,9071.669922,9894.774414,1171.203125,290.715637,522.955505,205.386551
8/1/2018,1388.487793,343.805695,309.28537,621.355347,8967.082031,9888.52832,1168.931641,301.218658,532.757813,205.757568
8/8/2018,1364.964966,332.544769,328.251434,639.210144,8712.338867,10221.511719,1195.993042,292.003754,537.867981,211.025787
8/15/2018,1371.420044,333.678986,334.771027,628.116089,8765.817383,10242.814453,1231.104126,304.092133,540.980469,214.068024
8/22/2018,1376.555176,341.572937,334.721619,646.288452,9147.600586,10672.508789,1301.918335,302.159973,547.577209,219.558823
8/29/2018,1283.294678,342.752502,325.750519,667.591736,8618.558594,10195.165039,1227.005371,293.886383,551.014954,232.655182
9/5/2018,1267.449829,344.657959,324.063721,666.321228,8268.129883,9463.160156,1223.153442,279.717194,550.318115,239.926819
9/12/2018,1262.853149,338.94162,316.225067,652.618225,8158.621582,9671.256836,1202.166016,271.493134,569.039917,246.716171
9/19/2018,1262.657227,326.737732,307.741486,659.288269,7773.228516,9150.828125,1215.400391,267.777435,557.425964,244.490128
9/26/2018,1250.577881,295.660889,311.710419,675.577576,7250.694824,9055.291992,1216.338745,270.551819,542.141846,245.491852
10/3/2018,1175.656738,261.862,303.7229,650.98468,6499.527832,8925.139648,1076.932129,260.246979,531.735779,237.589508
10/10/2018,1239.036743,266.670959,318.556824,631.972961,6944.410645,9157.554688,1149.277466,267.727905,533.408081,237.552414
10/17/2018,1113.842041,259.41217,319.201782,596.989258,6568.632324,8788.916016,1039.598999,253.013779,507.392731,229.501663
10/24/2018,1171.206543,264.810883,343.213806,598.713684,6505.306641,9137.185547,1044.092896,270.650909,525.046082,243.562653
10/31/2018,1214.511353,276.787964,350.457184,611.697327,6869.915039,9566.455078,1089.820923,283.878784,536.1026,241.188232
11/7/2018,1259.660156,272.099762,358.097351,610.688232,6940.961914,9563.256836,1085.969238,275.605164,547.391479,241.930237
11/14/2018,1281.033813,303.476563,355.219879,588.121094,7121.37207,9641.856445,1124.586182,280.460327,523.559448,238.702499
11/21/2018,1312.99585,300.50354,351.598236,584.359924,7410.271484,9895.626953,1113.573853,286.405426,485.093872,231.430878
11/28/2018,1303.338501,291.264343,355.219879,627.888794,7502.686035,9962.327148,1137.326904,279.717194,500.14563,248.200165
12/5/2018,1298.044312,265.37619,340.088318,618.531616,7099.713379,10003.392578,1082.6604,278.627289,466.046906,244.082031
12/12/2018,1327.947388,290.12085,359.536102,620.45813,7534.689453,10436.237305,1122.413208,289.873413,489.646576,248.86795
12/19/2018,1329.516235,282.665436,350.556396,595.414185,7297.703613,10332.277344,1076.586426,290.121124,477.939697,242.857742
12/26/2018,1346.820801,286.233063,357.204346,605.321655,7247.780762,10498.631836,1107.203613,292.945038,484.861572,245.046646
