Date,Expiry,Strike,Call,Put,Underlying Value
1-Mar-19,28-Mar-19,11550,178.8,736.15,-
1-Mar-19,28-Mar-19,11600,4.3,678.9,-
1-Mar-19,28-Mar-19,11650,6.9,809.6,-
1-Mar-19,28-Mar-19,11700,3.25,775.7,-
1-Mar-19,28-Mar-19,11750,131.45,885.15,-
1-Mar-19,28-Mar-19,11800,2.65,880,-
1-Mar-19,28-Mar-19,11850,111.9,963.75,-
1-Mar-19,28-Mar-19,11900,2.5,966.8,-
1-Mar-19,28-Mar-19,11950,94.75,1044.75,-
1-Mar-19,28-Mar-19,12000,2.5,1072.85,-
1-Mar-19,28-Mar-19,12050,79.9,1128.05,-
1-Mar-19,28-Mar-19,12100,2.45,1228.2,-
1-Mar-19,28-Mar-19,12150,67.05,1213.35,-
1-Mar-19,28-Mar-19,12200,1.15,1300,-
1-Mar-19,28-Mar-19,12250,19.95,1300.45,-
1-Mar-19,28-Mar-19,12300,1.5,1534.4,-
1-Mar-19,28-Mar-19,12350,7.4,1319.1,-
1-Mar-19,28-Mar-19,12400,1,1465.35,-
1-Mar-19,28-Mar-19,12450,7.85,1325.6,-
1-Mar-19,28-Mar-19,12500,1.05,1565.7,-
1-Mar-19,28-Mar-19,12550,3.65,1361.2,-
1-Mar-19,28-Mar-19,12600,198.75,1690.85,-
1-Mar-19,28-Mar-19,12700,11.4,1808.9,-
1-Mar-19,28-Mar-19,12800,207.95,1822,-
1-Mar-19,28-Mar-19,12900,1.05,1797.5,-
1-Mar-19,28-Mar-19,13000,1,2080,-
1-Mar-19,28-Mar-19,13100,80.35,1680.95,-
1-Mar-19,28-Mar-19,13200,58.4,1645.8,-
1-Mar-19,28-Mar-19,13300,1.5,1719.55,-
1-Mar-19,28-Mar-19,13400,3,1741.3,-
1-Mar-19,28-Mar-19,13500,0.5,2700,-
1-Mar-19,28-Mar-19,13600,3,1799,-
1-Mar-19,28-Mar-19,13700,2,1799.15,-
1-Mar-19,28-Mar-19,13800,3,1813.35,-
1-Mar-19,28-Mar-19,13900,19.85,1832.05,-
1-Mar-19,28-Mar-19,14000,1.1,3063.2,-
1-Mar-19,28-Mar-19,14100,1,3368.75,-
1-Mar-19,28-Mar-19,7600,3277.55,1.1,-
1-Mar-19,28-Mar-19,7700,2970.55,7.75,-
1-Mar-19,28-Mar-19,7800,2879.65,9.75,-
1-Mar-19,28-Mar-19,7900,2789.15,3.05,-
1-Mar-19,28-Mar-19,8000,2893.15,1.9,-
1-Mar-19,28-Mar-19,8100,2609.7,18.4,-
1-Mar-19,28-Mar-19,8200,2520.85,22.4,-
1-Mar-19,28-Mar-19,8300,2432.65,27.1,-
1-Mar-19,28-Mar-19,8400,2345.25,32.55,-
1-Mar-19,28-Mar-19,8500,2389.75,3,-
1-Mar-19,28-Mar-19,8600,2285.1,3.05,-
1-Mar-19,28-Mar-19,8700,2185.1,1.65,-
1-Mar-19,28-Mar-19,8800,2005,63.8,-
1-Mar-19,28-Mar-19,8900,1922.75,74.4,-
1-Mar-19,28-Mar-19,9000,1894.7,4.2,-
1-Mar-19,28-Mar-19,9100,1732.15,3.4,-
1-Mar-19,28-Mar-19,9150,1685.15,6.15,-
1-Mar-19,28-Mar-19,9200,1600,6,-
1-Mar-19,28-Mar-19,9250,1589.45,8.7,-
1-Mar-19,28-Mar-19,9300,1595.2,5.35,-
1-Mar-19,28-Mar-19,9350,1615.35,13.25,-
1-Mar-19,28-Mar-19,9400,1438.2,5.35,-
1-Mar-19,28-Mar-19,9450,1521.7,3.05,-
1-Mar-19,28-Mar-19,9500,1406.65,6.3,-
1-Mar-19,28-Mar-19,9550,1429.35,23.6,-
1-Mar-19,28-Mar-19,9600,1302.15,6.9,-
1-Mar-19,28-Mar-19,9650,1338.45,30.85,-
1-Mar-19,28-Mar-19,9700,1218.45,9.05,-
1-Mar-19,28-Mar-19,9750,1249.25,39.8,-
1-Mar-19,28-Mar-19,9800,1107,11.35,-
1-Mar-19,28-Mar-19,9850,1162.05,50.75,-
1-Mar-19,28-Mar-19,9900,1011.95,14.7,-
1-Mar-19,28-Mar-19,9950,1077.05,63.9,-
1-Mar-19,28-Mar-19,10000,920,17.9,-
1-Mar-19,28-Mar-19,10050,994.6,79.6,-
1-Mar-19,28-Mar-19,10100,822.55,22.7,-
1-Mar-19,28-Mar-19,10150,766.75,27.5,-
1-Mar-19,28-Mar-19,10200,740,28.6,-
1-Mar-19,28-Mar-19,10250,838.2,24.1,-
1-Mar-19,28-Mar-19,10300,645.2,36.75,-
1-Mar-19,28-Mar-19,10350,765.15,42.95,-
1-Mar-19,28-Mar-19,10400,553,47.6,-
1-Mar-19,28-Mar-19,10450,515,52.55,-
1-Mar-19,28-Mar-19,10500,469.9,61,-
1-Mar-19,28-Mar-19,10550,390,69.55,-
1-Mar-19,28-Mar-19,10600,390.05,79.8,-
1-Mar-19,28-Mar-19,10650,347.25,89.4,-
1-Mar-19,28-Mar-19,10700,311.25,101.2,-
1-Mar-19,28-Mar-19,10750,272.2,113.45,-
1-Mar-19,28-Mar-19,10800,239,128.05,-
1-Mar-19,28-Mar-19,10850,206.4,142.65,-
1-Mar-19,28-Mar-19,10900,175.7,162.2,-
1-Mar-19,28-Mar-19,10950,145.65,181.3,-
1-Mar-19,28-Mar-19,11000,121.1,206.15,-
1-Mar-19,28-Mar-19,11050,96.75,233.2,-
1-Mar-19,28-Mar-19,11100,76.55,261.2,-
1-Mar-19,28-Mar-19,11150,59.1,308.25,-
1-Mar-19,28-Mar-19,11200,44.95,328.85,-
1-Mar-19,28-Mar-19,11250,33,536.9,-
1-Mar-19,28-Mar-19,11300,24.15,399.85,-
1-Mar-19,28-Mar-19,11350,16.95,477.95,-
1-Mar-19,28-Mar-19,11400,12.35,490.85,-
1-Mar-19,28-Mar-19,11450,9.85,666.35,-
1-Mar-19,28-Mar-19,11500,7.65,582.15,-
5-Mar-19,28-Mar-19,11550,9.2,736.15,10987.45
5-Mar-19,28-Mar-19,11600,6.8,561.25,10987.45
5-Mar-19,28-Mar-19,11650,3.85,809.6,10987.45
5-Mar-19,28-Mar-19,11700,3.95,667.55,10987.45
5-Mar-19,28-Mar-19,11750,131.45,885.15,10987.45
5-Mar-19,28-Mar-19,11800,3.35,758.05,10987.45
5-Mar-19,28-Mar-19,11850,111.9,963.75,10987.45
5-Mar-19,28-Mar-19,11900,2.65,930,10987.45
5-Mar-19,28-Mar-19,11950,94.75,1044.75,10987.45
5-Mar-19,28-Mar-19,12000,2.7,960.4,10987.45
5-Mar-19,28-Mar-19,12050,79.9,1128.05,10987.45
5-Mar-19,28-Mar-19,12100,2.5,1228.2,10987.45
5-Mar-19,28-Mar-19,12150,67.05,1213.35,10987.45
5-Mar-19,28-Mar-19,12200,1.25,1153.95,10987.45
5-Mar-19,28-Mar-19,12250,19.95,1300.45,10987.45
5-Mar-19,28-Mar-19,12300,1.5,1534.4,10987.45
5-Mar-19,28-Mar-19,12350,7.4,1319.1,10987.45
5-Mar-19,28-Mar-19,12400,1.35,1422.15,10987.45
5-Mar-19,28-Mar-19,12450,7.85,1325.6,10987.45
5-Mar-19,28-Mar-19,12500,1.3,1450.5,10987.45
5-Mar-19,28-Mar-19,12550,3.65,1361.2,10987.45
5-Mar-19,28-Mar-19,12600,198.75,1690.85,10987.45
5-Mar-19,28-Mar-19,12700,11.4,1808.9,10987.45
5-Mar-19,28-Mar-19,12800,2.3,1822,10987.45
5-Mar-19,28-Mar-19,12900,1.05,1797.5,10987.45
5-Mar-19,28-Mar-19,13000,0.9,1951.6,10987.45
5-Mar-19,28-Mar-19,13100,80.35,1680.95,10987.45
5-Mar-19,28-Mar-19,13200,58.4,1645.8,10987.45
5-Mar-19,28-Mar-19,13300,1.5,1719.55,10987.45
5-Mar-19,28-Mar-19,13400,3,1741.3,10987.45
5-Mar-19,28-Mar-19,13500,0.75,2700,10987.45
5-Mar-19,28-Mar-19,13600,3,1799,10987.45
5-Mar-19,28-Mar-19,13700,2,1799.15,10987.45
5-Mar-19,28-Mar-19,13800,3,1813.35,10987.45
5-Mar-19,28-Mar-19,13900,19.85,1832.05,10987.45
5-Mar-19,28-Mar-19,14000,0.9,2940.5,10987.45
5-Mar-19,28-Mar-19,14100,1,3368.75,10987.45
5-Mar-19,28-Mar-19,7600,3382,1.2,10987.45
5-Mar-19,28-Mar-19,7700,2970.55,7.75,10987.45
5-Mar-19,28-Mar-19,7800,2879.65,9.75,10987.45
5-Mar-19,28-Mar-19,7900,2789.15,3.05,10987.45
5-Mar-19,28-Mar-19,8000,3005.2,1.7,10987.45
5-Mar-19,28-Mar-19,8100,2609.7,18.4,10987.45
5-Mar-19,28-Mar-19,8200,2520.85,22.4,10987.45
5-Mar-19,28-Mar-19,8300,2432.65,27.1,10987.45
5-Mar-19,28-Mar-19,8400,2345.25,32.55,10987.45
5-Mar-19,28-Mar-19,8500,2525,2.05,10987.45
5-Mar-19,28-Mar-19,8600,2433,3.05,10987.45
5-Mar-19,28-Mar-19,8700,2333,1.65,10987.45
5-Mar-19,28-Mar-19,8800,2005,63.8,10987.45
5-Mar-19,28-Mar-19,8900,1922.75,74.4,10987.45
5-Mar-19,28-Mar-19,9000,2015.6,3.8,10987.45
5-Mar-19,28-Mar-19,9100,1732.15,3.4,10987.45
5-Mar-19,28-Mar-19,9150,1685.15,6.15,10987.45
5-Mar-19,28-Mar-19,9200,1600,4,10987.45
5-Mar-19,28-Mar-19,9250,1589.45,8.7,10987.45
5-Mar-19,28-Mar-19,9300,1595.2,5.35,10987.45
5-Mar-19,28-Mar-19,9350,1615.35,13.25,10987.45
5-Mar-19,28-Mar-19,9400,1438.2,4.9,10987.45
5-Mar-19,28-Mar-19,9450,1521.7,3.05,10987.45
5-Mar-19,28-Mar-19,9500,1517.35,4.55,10987.45
5-Mar-19,28-Mar-19,9550,1429.35,23.6,10987.45
5-Mar-19,28-Mar-19,9600,1419.4,4.5,10987.45
5-Mar-19,28-Mar-19,9650,1338.45,30.85,10987.45
5-Mar-19,28-Mar-19,9700,1320,5.5,10987.45
5-Mar-19,28-Mar-19,9750,1249.25,39.8,10987.45
5-Mar-19,28-Mar-19,9800,1218.75,7.2,10987.45
5-Mar-19,28-Mar-19,9850,1162.05,50.75,10987.45
5-Mar-19,28-Mar-19,9900,1113.65,8.65,10987.45
5-Mar-19,28-Mar-19,9950,1077.05,63.9,10987.45
5-Mar-19,28-Mar-19,10000,1031.5,10,10987.45
5-Mar-19,28-Mar-19,10050,994.6,79.6,10987.45
5-Mar-19,28-Mar-19,10100,929.5,12.85,10987.45
5-Mar-19,28-Mar-19,10150,766.75,27.5,10987.45
5-Mar-19,28-Mar-19,10200,840,16.75,10987.45
5-Mar-19,28-Mar-19,10250,838.2,18.7,10987.45
5-Mar-19,28-Mar-19,10300,748.05,21.6,10987.45
5-Mar-19,28-Mar-19,10350,765.15,25.25,10987.45
5-Mar-19,28-Mar-19,10400,647.55,27.95,10987.45
5-Mar-19,28-Mar-19,10450,515,32.35,10987.45
5-Mar-19,28-Mar-19,10500,560.2,37.25,10987.45
5-Mar-19,28-Mar-19,10550,482.75,42.4,10987.45
5-Mar-19,28-Mar-19,10600,471.65,48.35,10987.45
5-Mar-19,28-Mar-19,10650,381.2,54.95,10987.45
5-Mar-19,28-Mar-19,10700,385.2,62.15,10987.45
5-Mar-19,28-Mar-19,10750,347.75,72,10987.45
5-Mar-19,28-Mar-19,10800,307.35,81.3,10987.45
5-Mar-19,28-Mar-19,10850,267.9,93.7,10987.45
5-Mar-19,28-Mar-19,10900,232.6,106.4,10987.45
5-Mar-19,28-Mar-19,10950,198.2,121.5,10987.45
5-Mar-19,28-Mar-19,11000,166.4,138.95,10987.45
5-Mar-19,28-Mar-19,11050,137.6,157.4,10987.45
5-Mar-19,28-Mar-19,11100,110.95,181.7,10987.45
5-Mar-19,28-Mar-19,11150,89.05,208.55,10987.45
5-Mar-19,28-Mar-19,11200,69.45,239.7,10987.45
5-Mar-19,28-Mar-19,11250,52.2,536.9,10987.45
5-Mar-19,28-Mar-19,11300,39.75,305.85,10987.45
5-Mar-19,28-Mar-19,11350,28.6,354.5,10987.45
5-Mar-19,28-Mar-19,11400,21.25,383.4,10987.45
5-Mar-19,28-Mar-19,11450,15.8,666.35,10987.45
5-Mar-19,28-Mar-19,11500,12.05,474,10987.45
6-Mar-19,28-Mar-19,11550,11.25,736.15,11053
6-Mar-19,28-Mar-19,11600,8,510.8,11053
6-Mar-19,28-Mar-19,11650,3.85,809.6,11053
6-Mar-19,28-Mar-19,11700,4.75,612.95,11053
6-Mar-19,28-Mar-19,11750,131.45,885.15,11053
6-Mar-19,28-Mar-19,11800,3.45,706.2,11053
6-Mar-19,28-Mar-19,11850,111.9,963.75,11053
6-Mar-19,28-Mar-19,11900,3.15,805.9,11053
6-Mar-19,28-Mar-19,11950,94.75,1044.75,11053
6-Mar-19,28-Mar-19,12000,2.95,901.95,11053
6-Mar-19,28-Mar-19,12050,79.9,1128.05,11053
6-Mar-19,28-Mar-19,12100,2.5,1228.2,11053
6-Mar-19,28-Mar-19,12150,67.05,1213.35,11053
6-Mar-19,28-Mar-19,12200,1.6,1103.8,11053
6-Mar-19,28-Mar-19,12250,19.95,1300.45,11053
6-Mar-19,28-Mar-19,12300,3,1534.4,11053
6-Mar-19,28-Mar-19,12350,7.4,1319.1,11053
6-Mar-19,28-Mar-19,12400,1.05,1294.35,11053
6-Mar-19,28-Mar-19,12450,7.85,1325.6,11053
6-Mar-19,28-Mar-19,12500,1.35,1399.45,11053
6-Mar-19,28-Mar-19,12550,3.65,1361.2,11053
6-Mar-19,28-Mar-19,12600,198.75,1690.85,11053
6-Mar-19,28-Mar-19,12700,11.4,1808.9,11053
6-Mar-19,28-Mar-19,12800,1.9,1822,11053
6-Mar-19,28-Mar-19,12900,1.05,1797.5,11053
6-Mar-19,28-Mar-19,13000,1,1895.6,11053
6-Mar-19,28-Mar-19,13100,80.35,1680.95,11053
6-Mar-19,28-Mar-19,13200,58.4,1645.8,11053
6-Mar-19,28-Mar-19,13300,1.5,1719.55,11053
6-Mar-19,28-Mar-19,13400,3,1741.3,11053
6-Mar-19,28-Mar-19,13500,0.9,2700,11053
6-Mar-19,28-Mar-19,13600,3,1799,11053
6-Mar-19,28-Mar-19,13700,2,1799.15,11053
6-Mar-19,28-Mar-19,13800,3,1813.35,11053
6-Mar-19,28-Mar-19,13900,19.85,1832.05,11053
6-Mar-19,28-Mar-19,14000,1.6,2894.9,11053
6-Mar-19,28-Mar-19,14100,1,3004.3,11053
6-Mar-19,28-Mar-19,7600,3438.3,1.3,11053
6-Mar-19,28-Mar-19,7700,2970.55,7.75,11053
6-Mar-19,28-Mar-19,7800,2879.65,9.75,11053
6-Mar-19,28-Mar-19,7900,2789.15,0.2,11053
6-Mar-19,28-Mar-19,8000,3059.9,1.85,11053
6-Mar-19,28-Mar-19,8100,2609.7,18.4,11053
6-Mar-19,28-Mar-19,8200,2520.85,22.4,11053
6-Mar-19,28-Mar-19,8300,2432.65,27.1,11053
6-Mar-19,28-Mar-19,8400,2345.25,32.55,11053
6-Mar-19,28-Mar-19,8500,2559.15,2.4,11053
6-Mar-19,28-Mar-19,8600,2455.5,3.05,11053
6-Mar-19,28-Mar-19,8700,2355.5,1.65,11053
6-Mar-19,28-Mar-19,8800,2005,63.8,11053
6-Mar-19,28-Mar-19,8900,1922.75,74.4,11053
6-Mar-19,28-Mar-19,9000,2069.15,3.9,11053
6-Mar-19,28-Mar-19,9100,1732.15,3.4,11053
6-Mar-19,28-Mar-19,9150,1685.15,6.15,11053
6-Mar-19,28-Mar-19,9200,1865,4,11053
6-Mar-19,28-Mar-19,9250,1589.45,8.7,11053
6-Mar-19,28-Mar-19,9300,1756.85,3.95,11053
6-Mar-19,28-Mar-19,9350,1615.35,13.25,11053
6-Mar-19,28-Mar-19,9400,1653.25,4.65,11053
6-Mar-19,28-Mar-19,9450,1521.7,3.05,11053
6-Mar-19,28-Mar-19,9500,1570.35,4.65,11053
6-Mar-19,28-Mar-19,9550,1429.35,23.6,11053
6-Mar-19,28-Mar-19,9600,1474.75,4.85,11053
6-Mar-19,28-Mar-19,9650,1338.45,30.85,11053
6-Mar-19,28-Mar-19,9700,1334,5.7,11053
6-Mar-19,28-Mar-19,9750,1249.25,39.8,11053
6-Mar-19,28-Mar-19,9800,1271.15,6.4,11053
6-Mar-19,28-Mar-19,9850,1162.05,50.75,11053
6-Mar-19,28-Mar-19,9900,1155.7,6.95,11053
6-Mar-19,28-Mar-19,9950,1077.05,63.9,11053
6-Mar-19,28-Mar-19,10000,1084.15,8.05,11053
6-Mar-19,28-Mar-19,10050,994.6,79.6,11053
6-Mar-19,28-Mar-19,10100,965.35,10.05,11053
6-Mar-19,28-Mar-19,10150,766.75,27.5,11053
6-Mar-19,28-Mar-19,10200,881,12.9,11053
6-Mar-19,28-Mar-19,10250,838.2,14.55,11053
6-Mar-19,28-Mar-19,10300,789.95,16.85,11053
6-Mar-19,28-Mar-19,10350,765.15,19.15,11053
6-Mar-19,28-Mar-19,10400,696.4,20.95,11053
6-Mar-19,28-Mar-19,10450,515,25.1,11053
6-Mar-19,28-Mar-19,10500,605.1,28.5,11053
6-Mar-19,28-Mar-19,10550,540.2,32.65,11053
6-Mar-19,28-Mar-19,10600,520.35,37,11053
6-Mar-19,28-Mar-19,10650,470.35,43.05,11053
6-Mar-19,28-Mar-19,10700,429.4,49.25,11053
6-Mar-19,28-Mar-19,10750,386,57.45,11053
6-Mar-19,28-Mar-19,10800,344.3,65,11053
6-Mar-19,28-Mar-19,10850,304,75.7,11053
6-Mar-19,28-Mar-19,10900,267.65,87,11053
6-Mar-19,28-Mar-19,10950,231.8,100.75,11053
6-Mar-19,28-Mar-19,11000,197.55,116.5,11053
6-Mar-19,28-Mar-19,11050,165.7,133.6,11053
6-Mar-19,28-Mar-19,11100,136.4,153.55,11053
6-Mar-19,28-Mar-19,11150,110.85,176.2,11053
6-Mar-19,28-Mar-19,11200,88.25,204.4,11053
6-Mar-19,28-Mar-19,11250,67.3,240,11053
6-Mar-19,28-Mar-19,11300,52.1,265.3,11053
6-Mar-19,28-Mar-19,11350,37.75,300.3,11053
6-Mar-19,28-Mar-19,11400,28.05,338.8,11053
6-Mar-19,28-Mar-19,11450,20.3,666.35,11053
6-Mar-19,28-Mar-19,11500,15.4,422.8,11053
7-Mar-19,28-Mar-19,11550,9.55,736.15,11058.2
7-Mar-19,28-Mar-19,11600,6.9,499.8,11058.2
7-Mar-19,28-Mar-19,11650,5.85,809.6,11058.2
7-Mar-19,28-Mar-19,11700,3.8,595.2,11058.2
7-Mar-19,28-Mar-19,11750,131.45,885.15,11058.2
7-Mar-19,28-Mar-19,11800,3.3,681.4,11058.2
7-Mar-19,28-Mar-19,11850,111.9,963.75,11058.2
7-Mar-19,28-Mar-19,11900,2.7,805.9,11058.2
7-Mar-19,28-Mar-19,11950,94.75,1044.75,11058.2
7-Mar-19,28-Mar-19,12000,2.8,892.6,11058.2
7-Mar-19,28-Mar-19,12050,79.9,1128.05,11058.2
7-Mar-19,28-Mar-19,12100,2,1015,11058.2
7-Mar-19,28-Mar-19,12150,67.05,1213.35,11058.2
7-Mar-19,28-Mar-19,12200,1.6,1103.8,11058.2
7-Mar-19,28-Mar-19,12250,19.95,1300.45,11058.2
7-Mar-19,28-Mar-19,12300,2.5,1534.4,11058.2
7-Mar-19,28-Mar-19,12350,7.4,1319.1,11058.2
7-Mar-19,28-Mar-19,12400,1.5,1296.25,11058.2
7-Mar-19,28-Mar-19,12450,7.85,1325.6,11058.2
7-Mar-19,28-Mar-19,12500,1.4,1392.65,11058.2
7-Mar-19,28-Mar-19,12550,3.65,1361.2,11058.2
7-Mar-19,28-Mar-19,12600,198.75,1690.85,11058.2
7-Mar-19,28-Mar-19,12700,0.4,1808.9,11058.2
7-Mar-19,28-Mar-19,12800,1.9,1822,11058.2
7-Mar-19,28-Mar-19,12900,1.05,1797.5,11058.2
7-Mar-19,28-Mar-19,13000,1.05,1863.3,11058.2
7-Mar-19,28-Mar-19,13100,80.35,1680.95,11058.2
7-Mar-19,28-Mar-19,13200,58.4,1645.8,11058.2
7-Mar-19,28-Mar-19,13300,1.5,1719.55,11058.2
7-Mar-19,28-Mar-19,13400,3,1741.3,11058.2
7-Mar-19,28-Mar-19,13500,2.95,2700,11058.2
7-Mar-19,28-Mar-19,13600,3,1799,11058.2
7-Mar-19,28-Mar-19,13700,2,1799.15,11058.2
7-Mar-19,28-Mar-19,13800,3,1813.35,11058.2
7-Mar-19,28-Mar-19,13900,19.85,1832.05,11058.2
7-Mar-19,28-Mar-19,14000,1.3,2885.9,11058.2
7-Mar-19,28-Mar-19,14100,1,3004.3,11058.2
7-Mar-19,28-Mar-19,7600,3491.35,1.65,11058.2
7-Mar-19,28-Mar-19,7700,2970.55,7.75,11058.2
7-Mar-19,28-Mar-19,7800,2879.65,9.75,11058.2
7-Mar-19,28-Mar-19,7900,2789.15,1.6,11058.2
7-Mar-19,28-Mar-19,8000,3078,2.9,11058.2
7-Mar-19,28-Mar-19,8100,2609.7,18.4,11058.2
7-Mar-19,28-Mar-19,8200,2520.85,22.4,11058.2
7-Mar-19,28-Mar-19,8300,2432.65,27.1,11058.2
7-Mar-19,28-Mar-19,8400,2345.25,32.55,11058.2
7-Mar-19,28-Mar-19,8500,2578.55,3.05,11058.2
7-Mar-19,28-Mar-19,8600,2487.95,3,11058.2
7-Mar-19,28-Mar-19,8700,2357.5,3.05,11058.2
7-Mar-19,28-Mar-19,8800,2005,63.8,11058.2
7-Mar-19,28-Mar-19,8900,1922.75,74.4,11058.2
7-Mar-19,28-Mar-19,9000,2081.55,4,11058.2
7-Mar-19,28-Mar-19,9100,1732.15,3.05,11058.2
7-Mar-19,28-Mar-19,9150,1685.15,6.15,11058.2
7-Mar-19,28-Mar-19,9200,1865,4,11058.2
7-Mar-19,28-Mar-19,9250,1589.45,8.7,11058.2
7-Mar-19,28-Mar-19,9300,1756.85,3.6,11058.2
7-Mar-19,28-Mar-19,9350,1615.35,13.25,11058.2
7-Mar-19,28-Mar-19,9400,1653.25,4,11058.2
7-Mar-19,28-Mar-19,9450,1521.7,3.05,11058.2
7-Mar-19,28-Mar-19,9500,1592.4,4.65,11058.2
7-Mar-19,28-Mar-19,9550,1429.35,23.6,11058.2
7-Mar-19,28-Mar-19,9600,1486.6,4.75,11058.2
7-Mar-19,28-Mar-19,9650,1338.45,30.85,11058.2
7-Mar-19,28-Mar-19,9700,1334,5.8,11058.2
7-Mar-19,28-Mar-19,9750,1249.25,39.8,11058.2
7-Mar-19,28-Mar-19,9800,1271.15,6.5,11058.2
7-Mar-19,28-Mar-19,9850,1162.05,50.75,11058.2
7-Mar-19,28-Mar-19,9900,1185.3,6.75,11058.2
7-Mar-19,28-Mar-19,9950,1077.05,63.9,11058.2
7-Mar-19,28-Mar-19,10000,1094.45,7.6,11058.2
7-Mar-19,28-Mar-19,10050,994.6,79.6,11058.2
7-Mar-19,28-Mar-19,10100,988.7,8.1,11058.2
7-Mar-19,28-Mar-19,10150,766.75,27.5,11058.2
7-Mar-19,28-Mar-19,10200,893.85,10.05,11058.2
7-Mar-19,28-Mar-19,10250,838.2,11.65,11058.2
7-Mar-19,28-Mar-19,10300,797.5,13.2,11058.2
7-Mar-19,28-Mar-19,10350,765.15,14.6,11058.2
7-Mar-19,28-Mar-19,10400,704.4,16.65,11058.2
7-Mar-19,28-Mar-19,10450,515,18.75,11058.2
7-Mar-19,28-Mar-19,10500,610.7,22.4,11058.2
7-Mar-19,28-Mar-19,10550,540.2,25.4,11058.2
7-Mar-19,28-Mar-19,10600,519.65,29.3,11058.2
7-Mar-19,28-Mar-19,10650,477.05,34.25,11058.2
7-Mar-19,28-Mar-19,10700,428.55,39.6,11058.2
7-Mar-19,28-Mar-19,10750,388.8,45.4,11058.2
7-Mar-19,28-Mar-19,10800,344.25,52.65,11058.2
7-Mar-19,28-Mar-19,10850,303.9,62.1,11058.2
7-Mar-19,28-Mar-19,10900,264.4,73,11058.2
7-Mar-19,28-Mar-19,10950,227.65,86.4,11058.2
7-Mar-19,28-Mar-19,11000,196.05,101.85,11058.2
7-Mar-19,28-Mar-19,11050,160.25,119.3,11058.2
7-Mar-19,28-Mar-19,11100,131.9,139.4,11058.2
7-Mar-19,28-Mar-19,11150,104.5,160.45,11058.2
7-Mar-19,28-Mar-19,11200,81.85,187.5,11058.2
7-Mar-19,28-Mar-19,11250,61.4,212.9,11058.2
7-Mar-19,28-Mar-19,11300,46.8,249.45,11058.2
7-Mar-19,28-Mar-19,11350,32.85,303.75,11058.2
7-Mar-19,28-Mar-19,11400,24.5,324.35,11058.2
7-Mar-19,28-Mar-19,11450,17.7,666.35,11058.2
7-Mar-19,28-Mar-19,11500,13.65,408.4,11058.2
8-Mar-19,28-Mar-19,11550,7.65,736.15,-
8-Mar-19,28-Mar-19,11600,5.1,521.05,-
8-Mar-19,28-Mar-19,11650,5.45,809.6,-
8-Mar-19,28-Mar-19,11700,2.85,614.85,-
8-Mar-19,28-Mar-19,11750,131.45,885.15,-
8-Mar-19,28-Mar-19,11800,2.9,712.25,-
8-Mar-19,28-Mar-19,11850,111.9,963.75,-
8-Mar-19,28-Mar-19,11900,2.9,851.5,-
8-Mar-19,28-Mar-19,11950,94.75,1044.75,-
8-Mar-19,28-Mar-19,12000,2.6,911,-
8-Mar-19,28-Mar-19,12050,79.9,1128.05,-
8-Mar-19,28-Mar-19,12100,2,1015,-
8-Mar-19,28-Mar-19,12150,67.05,1213.35,-
8-Mar-19,28-Mar-19,12200,1.6,1119.7,-
8-Mar-19,28-Mar-19,12250,19.95,1300.45,-
8-Mar-19,28-Mar-19,12300,1.25,1205,-
8-Mar-19,28-Mar-19,12350,7.4,1319.1,-
8-Mar-19,28-Mar-19,12400,1.35,1309.05,-
8-Mar-19,28-Mar-19,12450,7.85,1325.6,-
8-Mar-19,28-Mar-19,12500,1.35,1418.55,-
8-Mar-19,28-Mar-19,12550,3.65,1361.2,-
8-Mar-19,28-Mar-19,12600,198.75,1690.85,-
8-Mar-19,28-Mar-19,12700,1.5,1808.9,-
8-Mar-19,28-Mar-19,12800,1.5,1822,-
8-Mar-19,28-Mar-19,12900,1.05,1797.5,-
8-Mar-19,28-Mar-19,13000,0.95,1908.2,-
8-Mar-19,28-Mar-19,13100,80.35,1680.95,-
8-Mar-19,28-Mar-19,13200,58.4,1645.8,-
8-Mar-19,28-Mar-19,13300,1.5,1719.55,-
8-Mar-19,28-Mar-19,13400,3,1741.3,-
8-Mar-19,28-Mar-19,13500,2.95,2700,-
8-Mar-19,28-Mar-19,13600,3,1799,-
8-Mar-19,28-Mar-19,13700,2,1799.15,-
8-Mar-19,28-Mar-19,13800,3,1813.35,-
8-Mar-19,28-Mar-19,13900,19.85,1832.05,-
8-Mar-19,28-Mar-19,14000,0.9,2898.35,-
8-Mar-19,28-Mar-19,14100,1.7,3004.3,-
8-Mar-19,28-Mar-19,7600,3467.9,1.45,-
8-Mar-19,28-Mar-19,7700,2970.55,7.75,-
8-Mar-19,28-Mar-19,7800,2879.65,9.75,-
8-Mar-19,28-Mar-19,7900,2789.15,1.6,-
8-Mar-19,28-Mar-19,8000,3059.55,2.5,-
8-Mar-19,28-Mar-19,8100,2609.7,18.4,-
8-Mar-19,28-Mar-19,8200,2520.85,22.4,-
8-Mar-19,28-Mar-19,8300,2432.65,27.1,-
8-Mar-19,28-Mar-19,8400,2345.25,32.55,-
8-Mar-19,28-Mar-19,8500,2566.35,2.8,-
8-Mar-19,28-Mar-19,8600,2480,3,-
8-Mar-19,28-Mar-19,8700,2351,3.05,-
8-Mar-19,28-Mar-19,8800,2005,63.8,-
8-Mar-19,28-Mar-19,8900,1922.75,74.4,-
8-Mar-19,28-Mar-19,9000,2060.3,3.5,-
8-Mar-19,28-Mar-19,9100,1732.15,3,-
8-Mar-19,28-Mar-19,9150,1685.15,6.15,-
8-Mar-19,28-Mar-19,9200,1865,4,-
8-Mar-19,28-Mar-19,9250,1589.45,8.7,-
8-Mar-19,28-Mar-19,9300,1756.85,3.1,-
8-Mar-19,28-Mar-19,9350,1615.35,13.25,-
8-Mar-19,28-Mar-19,9400,1653.25,4.5,-
8-Mar-19,28-Mar-19,9450,1521.7,3.05,-
8-Mar-19,28-Mar-19,9500,1566.2,3.85,-
8-Mar-19,28-Mar-19,9550,1429.35,23.6,-
8-Mar-19,28-Mar-19,9600,1468.55,4.15,-
8-Mar-19,28-Mar-19,9650,1338.45,30.85,-
8-Mar-19,28-Mar-19,9700,1355,5.45,-
8-Mar-19,28-Mar-19,9750,1249.25,39.8,-
8-Mar-19,28-Mar-19,9800,1271.15,6.15,-
8-Mar-19,28-Mar-19,9850,1162.05,50.75,-
8-Mar-19,28-Mar-19,9900,1157.9,6.3,-
8-Mar-19,28-Mar-19,9950,1077.05,63.9,-
8-Mar-19,28-Mar-19,10000,1070.95,6.6,-
8-Mar-19,28-Mar-19,10050,994.6,79.6,-
8-Mar-19,28-Mar-19,10100,965,7.2,-
8-Mar-19,28-Mar-19,10150,766.75,27.5,-
8-Mar-19,28-Mar-19,10200,848,8.6,-
8-Mar-19,28-Mar-19,10250,838.2,11.05,-
8-Mar-19,28-Mar-19,10300,780.9,11.35,-
8-Mar-19,28-Mar-19,10350,765.15,13,-
8-Mar-19,28-Mar-19,10400,684.4,14.25,-
8-Mar-19,28-Mar-19,10450,515,16.75,-
8-Mar-19,28-Mar-19,10500,587.2,20.05,-
8-Mar-19,28-Mar-19,10550,540.2,23.25,-
8-Mar-19,28-Mar-19,10600,498.35,27.55,-
8-Mar-19,28-Mar-19,10650,449.75,32.05,-
8-Mar-19,28-Mar-19,10700,406.8,38.15,-
8-Mar-19,28-Mar-19,10750,362.7,44.8,-
8-Mar-19,28-Mar-19,10800,323.05,51.75,-
8-Mar-19,28-Mar-19,10850,280.1,61.75,-
8-Mar-19,28-Mar-19,10900,244.6,72.1,-
8-Mar-19,28-Mar-19,10950,207.4,85.85,-
8-Mar-19,28-Mar-19,11000,174,102.4,-
8-Mar-19,28-Mar-19,11050,142.35,119.25,-
8-Mar-19,28-Mar-19,11100,114,140.5,-
8-Mar-19,28-Mar-19,11150,90.45,165.95,-
8-Mar-19,28-Mar-19,11200,69.45,195.1,-
8-Mar-19,28-Mar-19,11250,50.35,219.5,-
8-Mar-19,28-Mar-19,11300,37.85,260.7,-
8-Mar-19,28-Mar-19,11350,26.5,301.9,-
8-Mar-19,28-Mar-19,11400,18.8,340.35,-
8-Mar-19,28-Mar-19,11450,13.8,666.35,-
8-Mar-19,28-Mar-19,11500,10.45,426.45,-
11-Mar-19,28-Mar-19,11550,13.05,736.15,11168.05
11-Mar-19,28-Mar-19,11600,9.45,399.45,11168.05
11-Mar-19,28-Mar-19,11650,8.95,809.6,11168.05
11-Mar-19,28-Mar-19,11700,4.7,503.55,11168.05
11-Mar-19,28-Mar-19,11750,131.45,885.15,11168.05
11-Mar-19,28-Mar-19,11800,3.95,607.75,11168.05
11-Mar-19,28-Mar-19,11850,111.9,963.75,11168.05
11-Mar-19,28-Mar-19,11900,3.6,722,11168.05
11-Mar-19,28-Mar-19,11950,94.75,1044.75,11168.05
11-Mar-19,28-Mar-19,12000,3.3,793.75,11168.05
11-Mar-19,28-Mar-19,12050,79.9,1128.05,11168.05
11-Mar-19,28-Mar-19,12100,3.2,1015,11168.05
11-Mar-19,28-Mar-19,12150,67.05,1213.35,11168.05
11-Mar-19,28-Mar-19,12200,3.15,992.5,11168.05
11-Mar-19,28-Mar-19,12250,19.95,1300.45,11168.05
11-Mar-19,28-Mar-19,12300,2.75,1109.45,11168.05
11-Mar-19,28-Mar-19,12350,7.4,1319.1,11168.05
11-Mar-19,28-Mar-19,12400,1.85,1204.85,11168.05
11-Mar-19,28-Mar-19,12450,7.85,1325.6,11168.05
11-Mar-19,28-Mar-19,12500,1.2,1284.05,11168.05
11-Mar-19,28-Mar-19,12550,3.65,1361.2,11168.05
11-Mar-19,28-Mar-19,12600,198.75,1690.85,11168.05
11-Mar-19,28-Mar-19,12700,2.8,1808.9,11168.05
11-Mar-19,28-Mar-19,12800,1.5,1822,11168.05
11-Mar-19,28-Mar-19,12900,1.05,1797.5,11168.05
11-Mar-19,28-Mar-19,13000,1,1787.05,11168.05
11-Mar-19,28-Mar-19,13100,80.35,1680.95,11168.05
11-Mar-19,28-Mar-19,13200,58.4,1645.8,11168.05
11-Mar-19,28-Mar-19,13300,1.5,1719.55,11168.05
11-Mar-19,28-Mar-19,13400,3,1741.3,11168.05
11-Mar-19,28-Mar-19,13500,0.1,2328.65,11168.05
11-Mar-19,28-Mar-19,13600,3,1799,11168.05
11-Mar-19,28-Mar-19,13700,2,1799.15,11168.05
11-Mar-19,28-Mar-19,13800,3,1813.35,11168.05
11-Mar-19,28-Mar-19,13900,19.85,1832.05,11168.05
11-Mar-19,28-Mar-19,14000,1.3,2778.9,11168.05
11-Mar-19,28-Mar-19,14100,1.65,2876.45,11168.05
11-Mar-19,28-Mar-19,7600,3563.75,1.35,11168.05
11-Mar-19,28-Mar-19,7700,2970.55,7.75,11168.05
11-Mar-19,28-Mar-19,7800,2879.65,9.75,11168.05
11-Mar-19,28-Mar-19,7900,2789.15,1.6,11168.05
11-Mar-19,28-Mar-19,8000,3195.6,2.25,11168.05
11-Mar-19,28-Mar-19,8100,2609.7,18.4,11168.05
11-Mar-19,28-Mar-19,8200,2520.85,22.4,11168.05
11-Mar-19,28-Mar-19,8300,2432.65,27.1,11168.05
11-Mar-19,28-Mar-19,8400,2345.25,32.55,11168.05
11-Mar-19,28-Mar-19,8500,2686.75,2,11168.05
11-Mar-19,28-Mar-19,8600,2565,3,11168.05
11-Mar-19,28-Mar-19,8700,2465,0.75,11168.05
11-Mar-19,28-Mar-19,8800,2005,63.8,11168.05
11-Mar-19,28-Mar-19,8900,1922.75,74.4,11168.05
11-Mar-19,28-Mar-19,9000,2192.3,2.95,11168.05
11-Mar-19,28-Mar-19,9100,1732.15,3,11168.05
11-Mar-19,28-Mar-19,9150,1685.15,6.15,11168.05
11-Mar-19,28-Mar-19,9200,1865,3.05,11168.05
11-Mar-19,28-Mar-19,9250,1589.45,8.7,11168.05
11-Mar-19,28-Mar-19,9300,1756.85,3.1,11168.05
11-Mar-19,28-Mar-19,9350,1615.35,13.25,11168.05
11-Mar-19,28-Mar-19,9400,1750.3,3.4,11168.05
11-Mar-19,28-Mar-19,9450,1521.7,3.05,11168.05
11-Mar-19,28-Mar-19,9500,1687.75,3.3,11168.05
11-Mar-19,28-Mar-19,9550,1429.35,23.6,11168.05
11-Mar-19,28-Mar-19,9600,1596.55,2.95,11168.05
11-Mar-19,28-Mar-19,9650,1338.45,30.85,11168.05
11-Mar-19,28-Mar-19,9700,1477,3.45,11168.05
11-Mar-19,28-Mar-19,9750,1249.25,39.8,11168.05
11-Mar-19,28-Mar-19,9800,1372.4,3.95,11168.05
11-Mar-19,28-Mar-19,9850,1162.05,50.75,11168.05
11-Mar-19,28-Mar-19,9900,1259.2,4.4,11168.05
11-Mar-19,28-Mar-19,9950,1077.05,63.9,11168.05
11-Mar-19,28-Mar-19,10000,1189.5,4.7,11168.05
11-Mar-19,28-Mar-19,10050,994.6,79.6,11168.05
11-Mar-19,28-Mar-19,10100,1070,5.1,11168.05
11-Mar-19,28-Mar-19,10150,766.75,27.5,11168.05
11-Mar-19,28-Mar-19,10200,992.6,6.1,11168.05
11-Mar-19,28-Mar-19,10250,838.2,7,11168.05
11-Mar-19,28-Mar-19,10300,887,7,11168.05
11-Mar-19,28-Mar-19,10350,832.05,7.4,11168.05
11-Mar-19,28-Mar-19,10400,797.75,8.8,11168.05
11-Mar-19,28-Mar-19,10450,515,10.3,11168.05
11-Mar-19,28-Mar-19,10500,706.05,12.25,11168.05
11-Mar-19,28-Mar-19,10550,540.2,13.75,11168.05
11-Mar-19,28-Mar-19,10600,608.5,16.15,11168.05
11-Mar-19,28-Mar-19,10650,567.5,18.2,11168.05
11-Mar-19,28-Mar-19,10700,519.9,22.15,11168.05
11-Mar-19,28-Mar-19,10750,462.75,26.75,11168.05
11-Mar-19,28-Mar-19,10800,426.25,30.9,11168.05
11-Mar-19,28-Mar-19,10850,379.3,36.7,11168.05
11-Mar-19,28-Mar-19,10900,337,43.75,11168.05
11-Mar-19,28-Mar-19,10950,294.9,51.75,11168.05
11-Mar-19,28-Mar-19,11000,256.5,62.5,11168.05
11-Mar-19,28-Mar-19,11050,221.15,74.8,11168.05
11-Mar-19,28-Mar-19,11100,183.5,88.3,11168.05
11-Mar-19,28-Mar-19,11150,150.35,105.5,11168.05
11-Mar-19,28-Mar-19,11200,120.5,124.75,11168.05
11-Mar-19,28-Mar-19,11250,94.5,146.05,11168.05
11-Mar-19,28-Mar-19,11300,71.5,173.65,11168.05
11-Mar-19,28-Mar-19,11350,52.4,202.15,11168.05
11-Mar-19,28-Mar-19,11400,38.3,236.5,11168.05
11-Mar-19,28-Mar-19,11450,26.95,300,11168.05
11-Mar-19,28-Mar-19,11500,19.9,314.5,11168.05
12-Mar-19,28-Mar-19,11550,33.25,736.15,-
12-Mar-19,28-Mar-19,11600,24.65,287.7,-
12-Mar-19,28-Mar-19,11650,16.55,809.6,-
12-Mar-19,28-Mar-19,11700,12.65,373.3,-
12-Mar-19,28-Mar-19,11750,131.45,885.15,-
12-Mar-19,28-Mar-19,11800,7.55,462.2,-
12-Mar-19,28-Mar-19,11850,111.9,963.75,-
12-Mar-19,28-Mar-19,11900,5.35,578.5,-
12-Mar-19,28-Mar-19,11950,94.75,1044.75,-
12-Mar-19,28-Mar-19,12000,4.15,654.85,-
12-Mar-19,28-Mar-19,12050,79.9,1128.05,-
12-Mar-19,28-Mar-19,12100,3.3,1015,-
12-Mar-19,28-Mar-19,12150,67.05,1213.35,-
12-Mar-19,28-Mar-19,12200,3.1,852.6,-
12-Mar-19,28-Mar-19,12250,19.95,1300.45,-
12-Mar-19,28-Mar-19,12300,2.55,950.65,-
12-Mar-19,28-Mar-19,12350,7.4,1319.1,-
12-Mar-19,28-Mar-19,12400,2.2,1043.2,-
12-Mar-19,28-Mar-19,12450,7.85,1325.6,-
12-Mar-19,28-Mar-19,12500,2.2,1170.3,-
12-Mar-19,28-Mar-19,12550,3.65,1361.2,-
12-Mar-19,28-Mar-19,12600,198.75,1690.85,-
12-Mar-19,28-Mar-19,12650,0.05,1439.7,-
12-Mar-19,28-Mar-19,12700,2.8,1808.9,-
12-Mar-19,28-Mar-19,12800,2.75,1822,-
12-Mar-19,28-Mar-19,12900,1.05,1797.5,-
12-Mar-19,28-Mar-19,13000,1.05,1647.85,-
12-Mar-19,28-Mar-19,13100,80.35,1680.95,-
12-Mar-19,28-Mar-19,13200,58.4,1645.8,-
12-Mar-19,28-Mar-19,13300,1.5,1719.55,-
12-Mar-19,28-Mar-19,13400,3,1741.3,-
12-Mar-19,28-Mar-19,13500,1.25,2177.85,-
12-Mar-19,28-Mar-19,13600,3,1799,-
12-Mar-19,28-Mar-19,13700,2,1799.15,-
12-Mar-19,28-Mar-19,13800,3,1813.35,-
12-Mar-19,28-Mar-19,13900,19.85,1832.05,-
12-Mar-19,28-Mar-19,14000,1.2,2641.25,-
12-Mar-19,28-Mar-19,14100,1.65,2776.4,-
12-Mar-19,28-Mar-19,7600,3727.55,1.05,-
12-Mar-19,28-Mar-19,7700,2970.55,7.75,-
12-Mar-19,28-Mar-19,7800,2879.65,9.75,-
12-Mar-19,28-Mar-19,7900,2789.15,1.6,-
12-Mar-19,28-Mar-19,8000,3332.55,1.75,-
12-Mar-19,28-Mar-19,8100,2609.7,18.4,-
12-Mar-19,28-Mar-19,8200,2520.85,22.4,-
12-Mar-19,28-Mar-19,8300,2432.65,27.1,-
12-Mar-19,28-Mar-19,8400,2345.25,32.55,-
12-Mar-19,28-Mar-19,8500,2818.8,1.85,-
12-Mar-19,28-Mar-19,8600,2681,3,-
12-Mar-19,28-Mar-19,8700,2611.4,0.75,-
12-Mar-19,28-Mar-19,8800,2005,63.8,-
12-Mar-19,28-Mar-19,8900,1922.75,74.4,-
12-Mar-19,28-Mar-19,9000,2314.2,1.95,-
12-Mar-19,28-Mar-19,9100,2180.55,1.5,-
12-Mar-19,28-Mar-19,9150,1685.15,6.15,-
12-Mar-19,28-Mar-19,9200,1865,1.1,-
12-Mar-19,28-Mar-19,9250,1589.45,8.7,-
12-Mar-19,28-Mar-19,9300,1756.85,3.1,-
12-Mar-19,28-Mar-19,9350,1615.35,13.25,-
12-Mar-19,28-Mar-19,9400,1750.3,2.15,-
12-Mar-19,28-Mar-19,9450,1521.7,3.05,-
12-Mar-19,28-Mar-19,9500,1823.75,2.55,-
12-Mar-19,28-Mar-19,9550,1429.35,23.6,-
12-Mar-19,28-Mar-19,9600,1711.3,3,-
12-Mar-19,28-Mar-19,9650,1338.45,30.85,-
12-Mar-19,28-Mar-19,9700,1609.7,4.35,-
12-Mar-19,28-Mar-19,9750,1249.25,39.8,-
12-Mar-19,28-Mar-19,9800,1530.5,4.9,-
12-Mar-19,28-Mar-19,9850,1162.05,50.75,-
12-Mar-19,28-Mar-19,9900,1432.35,5.15,-
12-Mar-19,28-Mar-19,9950,1077.05,63.9,-
12-Mar-19,28-Mar-19,10000,1331.45,5.05,-
12-Mar-19,28-Mar-19,10050,994.6,79.6,-
12-Mar-19,28-Mar-19,10100,1237.8,5.75,-
12-Mar-19,28-Mar-19,10150,766.75,27.5,-
12-Mar-19,28-Mar-19,10200,1125.65,6.8,-
12-Mar-19,28-Mar-19,10250,838.2,7.8,-
12-Mar-19,28-Mar-19,10300,1041.1,7.95,-
12-Mar-19,28-Mar-19,10350,832.05,8.2,-
12-Mar-19,28-Mar-19,10400,941.85,9.75,-
12-Mar-19,28-Mar-19,10450,515,10.5,-
12-Mar-19,28-Mar-19,10500,837.5,11.95,-
12-Mar-19,28-Mar-19,10550,540.2,12.9,-
12-Mar-19,28-Mar-19,10600,732.25,14.2,-
12-Mar-19,28-Mar-19,10650,675.7,14.9,-
12-Mar-19,28-Mar-19,10700,640.5,16.9,-
12-Mar-19,28-Mar-19,10750,574.2,19.65,-
12-Mar-19,28-Mar-19,10800,553.6,20.85,-
12-Mar-19,28-Mar-19,10850,503.5,25,-
12-Mar-19,28-Mar-19,10900,454.9,28.2,-
12-Mar-19,28-Mar-19,10950,415.6,33.1,-
12-Mar-19,28-Mar-19,11000,367.35,38.7,-
12-Mar-19,28-Mar-19,11050,331.25,46,-
12-Mar-19,28-Mar-19,11100,283,53.1,-
12-Mar-19,28-Mar-19,11150,240.95,64,-
12-Mar-19,28-Mar-19,11200,205.1,75.7,-
12-Mar-19,28-Mar-19,11250,171.6,90.25,-
12-Mar-19,28-Mar-19,11300,138.4,106.75,-
12-Mar-19,28-Mar-19,11350,109.45,124.75,-
12-Mar-19,28-Mar-19,11400,84.55,149.5,-
12-Mar-19,28-Mar-19,11450,62.25,172.45,-
12-Mar-19,28-Mar-19,11500,45.5,210.05,-
13-Mar-19,28-Mar-19,7600,3727.55,0.9,11341.7
13-Mar-19,28-Mar-19,7700,2970.55,7.75,11341.7
13-Mar-19,28-Mar-19,7800,2879.65,9.75,11341.7
13-Mar-19,28-Mar-19,7900,2789.15,1.6,11341.7
13-Mar-19,28-Mar-19,8000,3359.6,1.65,11341.7
13-Mar-19,28-Mar-19,8100,2609.7,18.4,11341.7
13-Mar-19,28-Mar-19,8200,2520.85,22.4,11341.7
13-Mar-19,28-Mar-19,8300,2432.65,27.1,11341.7
13-Mar-19,28-Mar-19,8400,2345.25,32.55,11341.7
13-Mar-19,28-Mar-19,8500,2856.25,1.7,11341.7
13-Mar-19,28-Mar-19,8600,2735,3,11341.7
13-Mar-19,28-Mar-19,8700,2635,0.75,11341.7
13-Mar-19,28-Mar-19,8800,2005,63.8,11341.7
13-Mar-19,28-Mar-19,8900,1922.75,74.4,11341.7
13-Mar-19,28-Mar-19,9000,2350.75,2.4,11341.7
13-Mar-19,28-Mar-19,9100,2180.55,1.5,11341.7
13-Mar-19,28-Mar-19,9150,1685.15,6.15,11341.7
13-Mar-19,28-Mar-19,9200,1865,1.1,11341.7
13-Mar-19,28-Mar-19,9250,1589.45,8.7,11341.7
13-Mar-19,28-Mar-19,9300,1756.85,3.1,11341.7
13-Mar-19,28-Mar-19,9350,1615.35,13.25,11341.7
13-Mar-19,28-Mar-19,9400,1750.3,2.15,11341.7
13-Mar-19,28-Mar-19,9450,1521.7,3.05,11341.7
13-Mar-19,28-Mar-19,9500,1851.85,2.85,11341.7
13-Mar-19,28-Mar-19,9550,1429.35,23.6,11341.7
13-Mar-19,28-Mar-19,9600,1762.95,3.55,11341.7
13-Mar-19,28-Mar-19,9650,1338.45,30.85,11341.7
13-Mar-19,28-Mar-19,9700,1656.9,4.7,11341.7
13-Mar-19,28-Mar-19,9750,1249.25,39.8,11341.7
13-Mar-19,28-Mar-19,9800,1548.45,4.7,11341.7
13-Mar-19,28-Mar-19,9850,1162.05,50.75,11341.7
13-Mar-19,28-Mar-19,9900,1469.75,4.65,11341.7
13-Mar-19,28-Mar-19,9950,1077.05,63.9,11341.7
13-Mar-19,28-Mar-19,10000,1359.15,4.9,11341.7
13-Mar-19,28-Mar-19,10050,994.6,79.6,11341.7
13-Mar-19,28-Mar-19,10100,1250.9,5.95,11341.7
13-Mar-19,28-Mar-19,10150,766.75,5.3,11341.7
13-Mar-19,28-Mar-19,10200,1149.8,7.05,11341.7
13-Mar-19,28-Mar-19,10250,838.2,8.35,11341.7
13-Mar-19,28-Mar-19,10300,1066.85,7.8,11341.7
13-Mar-19,28-Mar-19,10350,912.75,9,11341.7
13-Mar-19,28-Mar-19,10400,958.05,8.55,11341.7
13-Mar-19,28-Mar-19,10450,818.3,9.2,11341.7
13-Mar-19,28-Mar-19,10500,867.1,10.65,11341.7
13-Mar-19,28-Mar-19,10550,540.2,10.85,11341.7
13-Mar-19,28-Mar-19,10600,775.35,12.6,11341.7
13-Mar-19,28-Mar-19,10650,675.7,12.6,11341.7
13-Mar-19,28-Mar-19,10700,668.85,13.95,11341.7
13-Mar-19,28-Mar-19,10750,617.55,16.5,11341.7
13-Mar-19,28-Mar-19,10800,574.8,17.8,11341.7
13-Mar-19,28-Mar-19,10850,520.15,20.15,11341.7
13-Mar-19,28-Mar-19,10900,484.95,23.25,11341.7
13-Mar-19,28-Mar-19,10950,440.35,26.95,11341.7
13-Mar-19,28-Mar-19,11000,390.35,31.9,11341.7
13-Mar-19,28-Mar-19,11050,350.05,36.8,11341.7
13-Mar-19,28-Mar-19,11100,303.05,43.3,11341.7
13-Mar-19,28-Mar-19,11150,261.6,53.25,11341.7
13-Mar-19,28-Mar-19,11200,223.85,62.85,11341.7
13-Mar-19,28-Mar-19,11250,187.8,76.85,11341.7
13-Mar-19,28-Mar-19,11300,155.05,92.3,11341.7
13-Mar-19,28-Mar-19,11350,125.4,110.9,11341.7
13-Mar-19,28-Mar-19,11400,98,132.95,11341.7
13-Mar-19,28-Mar-19,11450,76.05,157.35,11341.7
13-Mar-19,28-Mar-19,11500,57.85,191.6,11341.7
13-Mar-19,28-Mar-19,11550,43.7,220,11341.7
13-Mar-19,28-Mar-19,11600,31.9,262.4,11341.7
13-Mar-19,28-Mar-19,11650,23.6,809.6,11341.7
13-Mar-19,28-Mar-19,11700,16.6,349,11341.7
13-Mar-19,28-Mar-19,11750,131.45,885.15,11341.7
13-Mar-19,28-Mar-19,11800,9.25,447.7,11341.7
13-Mar-19,28-Mar-19,11850,111.9,963.75,11341.7
13-Mar-19,28-Mar-19,11900,6.3,544.85,11341.7
13-Mar-19,28-Mar-19,11950,94.75,1044.75,11341.7
13-Mar-19,28-Mar-19,12000,3.95,630,11341.7
13-Mar-19,28-Mar-19,12050,79.9,1128.05,11341.7
13-Mar-19,28-Mar-19,12100,3.3,1015,11341.7
13-Mar-19,28-Mar-19,12150,67.05,1213.35,11341.7
13-Mar-19,28-Mar-19,12200,2.75,835,11341.7
13-Mar-19,28-Mar-19,12250,19.95,1300.45,11341.7
13-Mar-19,28-Mar-19,12300,2.5,970,11341.7
13-Mar-19,28-Mar-19,12350,7.4,1319.1,11341.7
13-Mar-19,28-Mar-19,12400,2.5,1011.65,11341.7
13-Mar-19,28-Mar-19,12450,7.85,1325.6,11341.7
13-Mar-19,28-Mar-19,12500,1.95,1128.35,11341.7
13-Mar-19,28-Mar-19,12550,3.65,1361.2,11341.7
13-Mar-19,28-Mar-19,12600,198.75,1690.85,11341.7
13-Mar-19,28-Mar-19,12650,0.05,1439.7,11341.7
13-Mar-19,28-Mar-19,12700,2.8,1808.9,11341.7
13-Mar-19,28-Mar-19,12750,0.05,1408.6,11341.7
13-Mar-19,28-Mar-19,12800,1.2,1822,11341.7
13-Mar-19,28-Mar-19,12900,1.25,1797.5,11341.7
13-Mar-19,28-Mar-19,13000,1,1619.15,11341.7
13-Mar-19,28-Mar-19,13100,80.35,1680.95,11341.7
13-Mar-19,28-Mar-19,13200,58.4,1645.8,11341.7
13-Mar-19,28-Mar-19,13300,1.5,1719.55,11341.7
13-Mar-19,28-Mar-19,13400,3,1741.3,11341.7
13-Mar-19,28-Mar-19,13500,0.65,2177.85,11341.7
13-Mar-19,28-Mar-19,13600,3,1799,11341.7
13-Mar-19,28-Mar-19,13700,2,1799.15,11341.7
13-Mar-19,28-Mar-19,13800,3,1813.35,11341.7
13-Mar-19,28-Mar-19,13900,19.85,1832.05,11341.7
13-Mar-19,28-Mar-19,14000,1,2610,11341.7
13-Mar-19,28-Mar-19,14100,1.9,2725,11341.7
14-Mar-19,28-Mar-19,11550,42.45,206.8,11343.25
14-Mar-19,28-Mar-19,11600,29.45,246.9,11343.25
14-Mar-19,28-Mar-19,11650,21.5,809.6,11343.25
14-Mar-19,28-Mar-19,11700,14.7,327.8,11343.25
14-Mar-19,28-Mar-19,11750,131.45,885.15,11343.25
14-Mar-19,28-Mar-19,11800,7.3,420.9,11343.25
14-Mar-19,28-Mar-19,11850,111.9,963.75,11343.25
14-Mar-19,28-Mar-19,11900,4.7,517.9,11343.25
14-Mar-19,28-Mar-19,11950,94.75,1044.75,11343.25
14-Mar-19,28-Mar-19,12000,3.25,611,11343.25
14-Mar-19,28-Mar-19,12050,79.9,1128.05,11343.25
14-Mar-19,28-Mar-19,12100,2.5,1015,11343.25
14-Mar-19,28-Mar-19,12150,67.05,1213.35,11343.25
14-Mar-19,28-Mar-19,12200,2,845.5,11343.25
14-Mar-19,28-Mar-19,12250,19.95,1300.45,11343.25
14-Mar-19,28-Mar-19,12300,1.8,970,11343.25
14-Mar-19,28-Mar-19,12350,7.4,1319.1,11343.25
14-Mar-19,28-Mar-19,12400,1.75,1021.5,11343.25
14-Mar-19,28-Mar-19,12450,7.85,1325.6,11343.25
14-Mar-19,28-Mar-19,12500,1.5,1114,11343.25
14-Mar-19,28-Mar-19,12550,3.65,1361.2,11343.25
14-Mar-19,28-Mar-19,12600,198.75,1690.85,11343.25
14-Mar-19,28-Mar-19,12650,0.05,1439.7,11343.25
14-Mar-19,28-Mar-19,12700,2.8,1808.9,11343.25
14-Mar-19,28-Mar-19,12750,0.05,1408.6,11343.25
14-Mar-19,28-Mar-19,12800,1.2,1822,11343.25
14-Mar-19,28-Mar-19,12850,0.05,1470.2,11343.25
14-Mar-19,28-Mar-19,12900,1.25,1797.5,11343.25
14-Mar-19,28-Mar-19,13000,0.95,1607.1,11343.25
14-Mar-19,28-Mar-19,13100,80.35,1680.95,11343.25
14-Mar-19,28-Mar-19,13200,58.4,1645.8,11343.25
14-Mar-19,28-Mar-19,13300,1.5,1719.55,11343.25
14-Mar-19,28-Mar-19,13400,3,1741.3,11343.25
14-Mar-19,28-Mar-19,13500,0.65,2177.85,11343.25
14-Mar-19,28-Mar-19,13600,3,1799,11343.25
14-Mar-19,28-Mar-19,13700,2,1799.15,11343.25
14-Mar-19,28-Mar-19,13800,3,1813.35,11343.25
14-Mar-19,28-Mar-19,13900,19.85,1832.05,11343.25
14-Mar-19,28-Mar-19,14000,0.95,2603.35,11343.25
14-Mar-19,28-Mar-19,14100,1.7,2705.6,11343.25
14-Mar-19,28-Mar-19,7600,3753.95,1,11343.25
14-Mar-19,28-Mar-19,7700,2970.55,7.75,11343.25
14-Mar-19,28-Mar-19,7800,2879.65,9.75,11343.25
14-Mar-19,28-Mar-19,7900,2789.15,1.6,11343.25
14-Mar-19,28-Mar-19,8000,3369.65,1.25,11343.25
14-Mar-19,28-Mar-19,8100,2609.7,18.4,11343.25
14-Mar-19,28-Mar-19,8200,2520.85,22.4,11343.25
14-Mar-19,28-Mar-19,8300,2432.65,27.1,11343.25
14-Mar-19,28-Mar-19,8400,2345.25,32.55,11343.25
14-Mar-19,28-Mar-19,8500,2863.5,2,11343.25
14-Mar-19,28-Mar-19,8600,2764.5,3,11343.25
14-Mar-19,28-Mar-19,8700,2653.5,0.75,11343.25
14-Mar-19,28-Mar-19,8800,2005,63.8,11343.25
14-Mar-19,28-Mar-19,8900,1922.75,74.4,11343.25
14-Mar-19,28-Mar-19,9000,2366,1.95,11343.25
14-Mar-19,28-Mar-19,9100,2180.55,1.3,11343.25
14-Mar-19,28-Mar-19,9150,1685.15,6.15,11343.25
14-Mar-19,28-Mar-19,9200,1865,1.5,11343.25
14-Mar-19,28-Mar-19,9250,1589.45,8.7,11343.25
14-Mar-19,28-Mar-19,9300,1756.85,2.6,11343.25
14-Mar-19,28-Mar-19,9350,1615.35,13.25,11343.25
14-Mar-19,28-Mar-19,9400,1750.3,2.2,11343.25
14-Mar-19,28-Mar-19,9450,1521.7,3.05,11343.25
14-Mar-19,28-Mar-19,9500,1869,2.7,11343.25
14-Mar-19,28-Mar-19,9550,1429.35,23.6,11343.25
14-Mar-19,28-Mar-19,9600,1777.65,3.2,11343.25
14-Mar-19,28-Mar-19,9650,1338.45,30.85,11343.25
14-Mar-19,28-Mar-19,9700,1679.65,2.7,11343.25
14-Mar-19,28-Mar-19,9750,1249.25,39.8,11343.25
14-Mar-19,28-Mar-19,9800,1580,3.25,11343.25
14-Mar-19,28-Mar-19,9850,1162.05,50.75,11343.25
14-Mar-19,28-Mar-19,9900,1469.75,3.65,11343.25
14-Mar-19,28-Mar-19,9950,1077.05,63.9,11343.25
14-Mar-19,28-Mar-19,10000,1372.05,3.8,11343.25
14-Mar-19,28-Mar-19,10050,994.6,79.6,11343.25
14-Mar-19,28-Mar-19,10100,1261,3.7,11343.25
14-Mar-19,28-Mar-19,10150,766.75,5.3,11343.25
14-Mar-19,28-Mar-19,10200,1133.1,4.5,11343.25
14-Mar-19,28-Mar-19,10250,838.2,5.4,11343.25
14-Mar-19,28-Mar-19,10300,1065,5.2,11343.25
14-Mar-19,28-Mar-19,10350,912.75,6.5,11343.25
14-Mar-19,28-Mar-19,10400,974.5,6.75,11343.25
14-Mar-19,28-Mar-19,10450,911.8,8,11343.25
14-Mar-19,28-Mar-19,10500,878.5,8.2,11343.25
14-Mar-19,28-Mar-19,10550,540.2,8.1,11343.25
14-Mar-19,28-Mar-19,10600,783.55,10,11343.25
14-Mar-19,28-Mar-19,10650,727.65,9.65,11343.25
14-Mar-19,28-Mar-19,10700,682.35,11.15,11343.25
14-Mar-19,28-Mar-19,10750,630,12.3,11343.25
14-Mar-19,28-Mar-19,10800,586.35,13.15,11343.25
14-Mar-19,28-Mar-19,10850,522.5,14.5,11343.25
14-Mar-19,28-Mar-19,10900,492.2,17.4,11343.25
14-Mar-19,28-Mar-19,10950,444.15,19.75,11343.25
14-Mar-19,28-Mar-19,11000,400.15,23.6,11343.25
14-Mar-19,28-Mar-19,11050,353.9,27.95,11343.25
14-Mar-19,28-Mar-19,11100,306.85,32.35,11343.25
14-Mar-19,28-Mar-19,11150,266.7,39.5,11343.25
14-Mar-19,28-Mar-19,11200,227.9,48.9,11343.25
14-Mar-19,28-Mar-19,11250,190.15,62.4,11343.25
14-Mar-19,28-Mar-19,11300,156.85,76.4,11343.25
14-Mar-19,28-Mar-19,11350,125.65,95.4,11343.25
14-Mar-19,28-Mar-19,11400,98.85,116.2,11343.25
14-Mar-19,28-Mar-19,11450,75.5,143.75,11343.25
14-Mar-19,28-Mar-19,11500,56.3,173.5,11343.25
15-Mar-19,28-Mar-19,11550,74.25,147.1,11426.85
15-Mar-19,28-Mar-19,11600,55.45,179.6,11426.85
15-Mar-19,28-Mar-19,11650,40,228.7,11426.85
15-Mar-19,28-Mar-19,11700,28.3,256.7,11426.85
15-Mar-19,28-Mar-19,11750,21.15,885.15,11426.85
15-Mar-19,28-Mar-19,11800,14.15,335.7,11426.85
15-Mar-19,28-Mar-19,11850,11.2,963.75,11426.85
15-Mar-19,28-Mar-19,11900,7.9,436.7,11426.85
15-Mar-19,28-Mar-19,11950,94.75,1044.75,11426.85
15-Mar-19,28-Mar-19,12000,5.6,526.05,11426.85
15-Mar-19,28-Mar-19,12050,79.9,1128.05,11426.85
15-Mar-19,28-Mar-19,12100,3.25,1015,11426.85
15-Mar-19,28-Mar-19,12150,67.05,1213.35,11426.85
15-Mar-19,28-Mar-19,12200,2.95,717.25,11426.85
15-Mar-19,28-Mar-19,12250,19.95,1300.45,11426.85
15-Mar-19,28-Mar-19,12300,2.45,970,11426.85
15-Mar-19,28-Mar-19,12350,7.4,1319.1,11426.85
15-Mar-19,28-Mar-19,12400,2,923,11426.85
15-Mar-19,28-Mar-19,12450,7.85,1325.6,11426.85
15-Mar-19,28-Mar-19,12500,2.05,1016.75,11426.85
15-Mar-19,28-Mar-19,12550,3.65,1361.2,11426.85
15-Mar-19,28-Mar-19,12600,198.75,1690.85,11426.85
15-Mar-19,28-Mar-19,12650,0.05,1439.7,11426.85
15-Mar-19,28-Mar-19,12700,0.6,1808.9,11426.85
15-Mar-19,28-Mar-19,12750,0.05,1408.6,11426.85
15-Mar-19,28-Mar-19,12800,2,1822,11426.85
15-Mar-19,28-Mar-19,12850,0.05,1470.2,11426.85
15-Mar-19,28-Mar-19,12900,2,1797.5,11426.85
15-Mar-19,28-Mar-19,13000,1.3,1519.55,11426.85
15-Mar-19,28-Mar-19,13100,80.35,1680.95,11426.85
15-Mar-19,28-Mar-19,13200,58.4,1645.8,11426.85
15-Mar-19,28-Mar-19,13300,1.5,1719.55,11426.85
15-Mar-19,28-Mar-19,13400,3,1741.3,11426.85
15-Mar-19,28-Mar-19,13500,1.75,2026.15,11426.85
15-Mar-19,28-Mar-19,13600,2.8,1799,11426.85
15-Mar-19,28-Mar-19,13700,2,1799.15,11426.85
15-Mar-19,28-Mar-19,13800,3,1813.35,11426.85
15-Mar-19,28-Mar-19,13900,19.85,1832.05,11426.85
15-Mar-19,28-Mar-19,14000,1.45,2519.7,11426.85
15-Mar-19,28-Mar-19,14100,1.75,2629.8,11426.85
15-Mar-19,28-Mar-19,7600,3914,0.8,11426.85
15-Mar-19,28-Mar-19,7700,2970.55,7.75,11426.85
15-Mar-19,28-Mar-19,7800,2879.65,9.75,11426.85
15-Mar-19,28-Mar-19,7900,2789.15,1.6,11426.85
15-Mar-19,28-Mar-19,8000,3469.1,0.7,11426.85
15-Mar-19,28-Mar-19,8100,2609.7,18.4,11426.85
15-Mar-19,28-Mar-19,8200,2520.85,22.4,11426.85
15-Mar-19,28-Mar-19,8300,2432.65,27.1,11426.85
15-Mar-19,28-Mar-19,8400,2345.25,32.55,11426.85
15-Mar-19,28-Mar-19,8500,2949.85,1.45,11426.85
15-Mar-19,28-Mar-19,8600,2834.35,3,11426.85
15-Mar-19,28-Mar-19,8700,2740,0.75,11426.85
15-Mar-19,28-Mar-19,8800,2005,63.8,11426.85
15-Mar-19,28-Mar-19,8900,1922.75,74.4,11426.85
15-Mar-19,28-Mar-19,9000,2453.35,1.6,11426.85
15-Mar-19,28-Mar-19,9100,2180.55,1.55,11426.85
15-Mar-19,28-Mar-19,9150,1685.15,6.15,11426.85
15-Mar-19,28-Mar-19,9200,1865,1.5,11426.85
15-Mar-19,28-Mar-19,9250,1589.45,8.7,11426.85
15-Mar-19,28-Mar-19,9300,2175.9,2,11426.85
15-Mar-19,28-Mar-19,9350,1615.35,13.25,11426.85
15-Mar-19,28-Mar-19,9400,2085,2,11426.85
15-Mar-19,28-Mar-19,9450,1521.7,0.4,11426.85
15-Mar-19,28-Mar-19,9500,1965.9,2.55,11426.85
15-Mar-19,28-Mar-19,9550,1429.35,23.6,11426.85
15-Mar-19,28-Mar-19,9600,1865.2,2.2,11426.85
15-Mar-19,28-Mar-19,9650,1338.45,30.85,11426.85
15-Mar-19,28-Mar-19,9700,1745.85,3.65,11426.85
15-Mar-19,28-Mar-19,9750,1249.25,39.8,11426.85
15-Mar-19,28-Mar-19,9800,1677,4,11426.85
15-Mar-19,28-Mar-19,9850,1162.05,50.75,11426.85
15-Mar-19,28-Mar-19,9900,1545.95,4.95,11426.85
15-Mar-19,28-Mar-19,9950,1077.05,63.9,11426.85
15-Mar-19,28-Mar-19,10000,1467.65,5.2,11426.85
15-Mar-19,28-Mar-19,10050,994.6,79.6,11426.85
15-Mar-19,28-Mar-19,10100,1373,5.45,11426.85
15-Mar-19,28-Mar-19,10150,766.75,5.5,11426.85
15-Mar-19,28-Mar-19,10200,1261.1,6.05,11426.85
15-Mar-19,28-Mar-19,10250,838.2,6,11426.85
15-Mar-19,28-Mar-19,10300,1171.5,6.4,11426.85
15-Mar-19,28-Mar-19,10350,912.75,4.1,11426.85
15-Mar-19,28-Mar-19,10400,1079.25,7.25,11426.85
15-Mar-19,28-Mar-19,10450,911.8,9,11426.85
15-Mar-19,28-Mar-19,10500,964.85,8.85,11426.85
15-Mar-19,28-Mar-19,10550,540.2,8.4,11426.85
15-Mar-19,28-Mar-19,10600,885.8,10.4,11426.85
15-Mar-19,28-Mar-19,10650,789.15,9.75,11426.85
15-Mar-19,28-Mar-19,10700,782.9,11.15,11426.85
15-Mar-19,28-Mar-19,10750,775.95,11.65,11426.85
15-Mar-19,28-Mar-19,10800,678.1,13,11426.85
15-Mar-19,28-Mar-19,10850,628.95,14,11426.85
15-Mar-19,28-Mar-19,10900,584,15.45,11426.85
15-Mar-19,28-Mar-19,10950,525.25,16.5,11426.85
15-Mar-19,28-Mar-19,11000,494.1,19.3,11426.85
15-Mar-19,28-Mar-19,11050,441.25,21.65,11426.85
15-Mar-19,28-Mar-19,11100,382.55,23.95,11426.85
15-Mar-19,28-Mar-19,11150,331.8,31.05,11426.85
15-Mar-19,28-Mar-19,11200,301.15,35.1,11426.85
15-Mar-19,28-Mar-19,11250,258.4,44,11426.85
15-Mar-19,28-Mar-19,11300,226.45,53.6,11426.85
15-Mar-19,28-Mar-19,11350,181.6,67.4,11426.85
15-Mar-19,28-Mar-19,11400,147.85,81.35,11426.85
15-Mar-19,28-Mar-19,11450,119.95,101.65,11426.85
15-Mar-19,28-Mar-19,11500,93.65,123.65,11426.85
18-Mar-19,28-Mar-19,11550,79.9,132.5,11462.2
18-Mar-19,28-Mar-19,11600,60.1,162.85,11462.2
18-Mar-19,28-Mar-19,11650,42.25,189.15,11462.2
18-Mar-19,28-Mar-19,11700,29.95,230.3,11462.2
18-Mar-19,28-Mar-19,11750,21.2,885.15,11462.2
18-Mar-19,28-Mar-19,11800,15.05,312.45,11462.2
18-Mar-19,28-Mar-19,11850,10.55,963.75,11462.2
18-Mar-19,28-Mar-19,11900,8.05,400.8,11462.2
18-Mar-19,28-Mar-19,11950,6.85,1044.75,11462.2
18-Mar-19,28-Mar-19,12000,5.9,503.15,11462.2
18-Mar-19,28-Mar-19,12050,79.9,1128.05,11462.2
18-Mar-19,28-Mar-19,12100,4.15,586.45,11462.2
18-Mar-19,28-Mar-19,12150,67.05,1213.35,11462.2
18-Mar-19,28-Mar-19,12200,3,735,11462.2
18-Mar-19,28-Mar-19,12250,19.95,1300.45,11462.2
18-Mar-19,28-Mar-19,12300,2.6,970,11462.2
18-Mar-19,28-Mar-19,12350,7.4,1319.1,11462.2
18-Mar-19,28-Mar-19,12400,2.5,923,11462.2
18-Mar-19,28-Mar-19,12450,7.85,1325.6,11462.2
18-Mar-19,28-Mar-19,12500,2.35,999.6,11462.2
18-Mar-19,28-Mar-19,12550,3.65,1361.2,11462.2
18-Mar-19,28-Mar-19,12600,198.75,1690.85,11462.2
18-Mar-19,28-Mar-19,12650,0.05,1439.7,11462.2
18-Mar-19,28-Mar-19,12700,2,1808.9,11462.2
18-Mar-19,28-Mar-19,12750,0.05,1408.6,11462.2
18-Mar-19,28-Mar-19,12800,2,1822,11462.2
18-Mar-19,28-Mar-19,12850,0.05,1470.2,11462.2
18-Mar-19,28-Mar-19,12900,2,1797.5,11462.2
18-Mar-19,28-Mar-19,12950,0.05,1495,11462.2
18-Mar-19,28-Mar-19,13000,1.1,1488.75,11462.2
18-Mar-19,28-Mar-19,13100,80.35,1680.95,11462.2
18-Mar-19,28-Mar-19,13200,58.4,1645.8,11462.2
18-Mar-19,28-Mar-19,13300,1.5,1719.55,11462.2
18-Mar-19,28-Mar-19,13400,3,1741.3,11462.2
18-Mar-19,28-Mar-19,13500,0.7,1953.7,11462.2
18-Mar-19,28-Mar-19,13600,0.6,1799,11462.2
18-Mar-19,28-Mar-19,13700,2,1799.15,11462.2
18-Mar-19,28-Mar-19,13800,3,1813.35,11462.2
18-Mar-19,28-Mar-19,13900,19.85,1832.05,11462.2
18-Mar-19,28-Mar-19,14000,1.6,2497.7,11462.2
18-Mar-19,28-Mar-19,14100,1.4,2591.1,11462.2
18-Mar-19,28-Mar-19,7600,3866.3,0.6,11462.2
18-Mar-19,28-Mar-19,7700,2970.55,7.75,11462.2
18-Mar-19,28-Mar-19,7800,2879.65,9.75,11462.2
18-Mar-19,28-Mar-19,7900,2789.15,1.6,11462.2
18-Mar-19,28-Mar-19,8000,3458.1,0.45,11462.2
18-Mar-19,28-Mar-19,8100,2609.7,18.4,11462.2
18-Mar-19,28-Mar-19,8200,2520.85,22.4,11462.2
18-Mar-19,28-Mar-19,8300,2432.65,27.1,11462.2
18-Mar-19,28-Mar-19,8400,2345.25,32.55,11462.2
18-Mar-19,28-Mar-19,8500,2985.55,1,11462.2
18-Mar-19,28-Mar-19,8600,2882,3,11462.2
18-Mar-19,28-Mar-19,8700,2700,0.75,11462.2
18-Mar-19,28-Mar-19,8800,2005,0.05,11462.2
18-Mar-19,28-Mar-19,8900,1922.75,74.4,11462.2
18-Mar-19,28-Mar-19,9000,2469.5,1.7,11462.2
18-Mar-19,28-Mar-19,9100,2180.55,1.55,11462.2
18-Mar-19,28-Mar-19,9150,1685.15,6.15,11462.2
18-Mar-19,28-Mar-19,9200,1865,1.5,11462.2
18-Mar-19,28-Mar-19,9250,1589.45,8.7,11462.2
18-Mar-19,28-Mar-19,9300,2175.9,1.2,11462.2
18-Mar-19,28-Mar-19,9350,1615.35,13.25,11462.2
18-Mar-19,28-Mar-19,9400,2085,1.1,11462.2
18-Mar-19,28-Mar-19,9450,1521.7,0.4,11462.2
18-Mar-19,28-Mar-19,9500,1986.05,1.85,11462.2
18-Mar-19,28-Mar-19,9550,1429.35,23.6,11462.2
18-Mar-19,28-Mar-19,9600,1894.2,2.55,11462.2
18-Mar-19,28-Mar-19,9650,1338.45,30.85,11462.2
18-Mar-19,28-Mar-19,9700,1745.85,2.85,11462.2
18-Mar-19,28-Mar-19,9750,1249.25,39.8,11462.2
18-Mar-19,28-Mar-19,9800,1686.65,2.85,11462.2
18-Mar-19,28-Mar-19,9850,1162.05,50.75,11462.2
18-Mar-19,28-Mar-19,9900,1589.45,2.85,11462.2
18-Mar-19,28-Mar-19,9950,1077.05,63.9,11462.2
18-Mar-19,28-Mar-19,10000,1465.25,2.85,11462.2
18-Mar-19,28-Mar-19,10050,994.6,79.6,11462.2
18-Mar-19,28-Mar-19,10100,1361.3,3.1,11462.2
18-Mar-19,28-Mar-19,10150,1344.3,5.5,11462.2
18-Mar-19,28-Mar-19,10200,1262.05,3.35,11462.2
18-Mar-19,28-Mar-19,10250,838.2,6,11462.2
18-Mar-19,28-Mar-19,10300,1188.2,4.1,11462.2
18-Mar-19,28-Mar-19,10350,912.75,1.35,11462.2
18-Mar-19,28-Mar-19,10400,1085.8,4.85,11462.2
18-Mar-19,28-Mar-19,10450,911.8,6.1,11462.2
18-Mar-19,28-Mar-19,10500,992.25,6.3,11462.2
18-Mar-19,28-Mar-19,10550,540.2,6.7,11462.2
18-Mar-19,28-Mar-19,10600,897.05,7.5,11462.2
18-Mar-19,28-Mar-19,10650,789.15,7,11462.2
18-Mar-19,28-Mar-19,10700,797.25,8,11462.2
18-Mar-19,28-Mar-19,10750,752.5,8.7,11462.2
18-Mar-19,28-Mar-19,10800,694.15,8.95,11462.2
18-Mar-19,28-Mar-19,10850,651.75,10.35,11462.2
18-Mar-19,28-Mar-19,10900,597.25,11,11462.2
18-Mar-19,28-Mar-19,10950,551.35,13.15,11462.2
18-Mar-19,28-Mar-19,11000,502.85,15.2,11462.2
18-Mar-19,28-Mar-19,11050,465,17.75,11462.2
18-Mar-19,28-Mar-19,11100,406.95,20.2,11462.2
18-Mar-19,28-Mar-19,11150,366.35,25.05,11462.2
18-Mar-19,28-Mar-19,11200,317.25,30.2,11462.2
18-Mar-19,28-Mar-19,11250,284.35,37.05,11462.2
18-Mar-19,28-Mar-19,11300,235,46.15,11462.2
18-Mar-19,28-Mar-19,11350,200.5,56.95,11462.2
18-Mar-19,28-Mar-19,11400,162.9,69.95,11462.2
18-Mar-19,28-Mar-19,11450,132.1,86.25,11462.2
18-Mar-19,28-Mar-19,11500,101.75,107.5,11462.2
19-Mar-19,28-Mar-19,11550,102.1,82.7,11532.4
19-Mar-19,28-Mar-19,11600,74.3,103.9,11532.4
19-Mar-19,28-Mar-19,11650,53.55,134.9,11532.4
19-Mar-19,28-Mar-19,11700,37.6,164.75,11532.4
19-Mar-19,28-Mar-19,11750,25.25,230,11532.4
19-Mar-19,28-Mar-19,11800,16.7,247.85,11532.4
19-Mar-19,28-Mar-19,11850,10.85,963.75,11532.4
19-Mar-19,28-Mar-19,11900,7.85,330.85,11532.4
19-Mar-19,28-Mar-19,11950,5.7,1044.75,11532.4
19-Mar-19,28-Mar-19,12000,5.15,425.9,11532.4
19-Mar-19,28-Mar-19,12050,79.9,1128.05,11532.4
19-Mar-19,28-Mar-19,12100,3.15,578.85,11532.4
19-Mar-19,28-Mar-19,12150,67.05,1213.35,11532.4
19-Mar-19,28-Mar-19,12200,2.35,628.3,11532.4
19-Mar-19,28-Mar-19,12250,19.95,1300.45,11532.4
19-Mar-19,28-Mar-19,12300,2,800,11532.4
19-Mar-19,28-Mar-19,12350,7.4,1319.1,11532.4
19-Mar-19,28-Mar-19,12400,2,819.5,11532.4
19-Mar-19,28-Mar-19,12450,7.85,1325.6,11532.4
19-Mar-19,28-Mar-19,12500,1.75,929.9,11532.4
19-Mar-19,28-Mar-19,12550,3.65,1361.2,11532.4
19-Mar-19,28-Mar-19,12600,0.6,1030,11532.4
19-Mar-19,28-Mar-19,12650,0.05,1439.7,11532.4
19-Mar-19,28-Mar-19,12700,1.7,1808.9,11532.4
19-Mar-19,28-Mar-19,12750,0.05,1408.6,11532.4
19-Mar-19,28-Mar-19,12800,1.95,1822,11532.4
19-Mar-19,28-Mar-19,12850,0.05,1470.2,11532.4
19-Mar-19,28-Mar-19,12900,2,1797.5,11532.4
19-Mar-19,28-Mar-19,12950,0.05,1495,11532.4
19-Mar-19,28-Mar-19,13000,1.05,1417.5,11532.4
19-Mar-19,28-Mar-19,13100,80.35,1680.95,11532.4
19-Mar-19,28-Mar-19,13200,58.4,1645.8,11532.4
19-Mar-19,28-Mar-19,13300,1.5,1719.55,11532.4
19-Mar-19,28-Mar-19,13400,3,1741.3,11532.4
19-Mar-19,28-Mar-19,13500,1.2,1950,11532.4
19-Mar-19,28-Mar-19,13600,0.6,1799,11532.4
19-Mar-19,28-Mar-19,13700,2,1799.15,11532.4
19-Mar-19,28-Mar-19,13800,3,1813.35,11532.4
19-Mar-19,28-Mar-19,13900,19.85,1832.05,11532.4
19-Mar-19,28-Mar-19,14000,1.2,2429.45,11532.4
19-Mar-19,28-Mar-19,14100,0.55,2557.95,11532.4
19-Mar-19,28-Mar-19,7600,3893.8,0.5,11532.4
19-Mar-19,28-Mar-19,7700,2970.55,0.05,11532.4
19-Mar-19,28-Mar-19,7800,2879.65,9.75,11532.4
19-Mar-19,28-Mar-19,7900,2789.15,1.6,11532.4
19-Mar-19,28-Mar-19,8000,3563,0.35,11532.4
19-Mar-19,28-Mar-19,8100,2609.7,18.4,11532.4
19-Mar-19,28-Mar-19,8200,2520.85,22.4,11532.4
19-Mar-19,28-Mar-19,8300,2432.65,27.1,11532.4
19-Mar-19,28-Mar-19,8400,2345.25,32.55,11532.4
19-Mar-19,28-Mar-19,8500,3047.95,1,11532.4
19-Mar-19,28-Mar-19,8600,2932.5,3,11532.4
19-Mar-19,28-Mar-19,8700,2815,0.15,11532.4
19-Mar-19,28-Mar-19,8800,2005,0.1,11532.4
19-Mar-19,28-Mar-19,8900,1922.75,0.1,11532.4
19-Mar-19,28-Mar-19,9000,2566.4,1.5,11532.4
19-Mar-19,28-Mar-19,9100,2180.55,1.55,11532.4
19-Mar-19,28-Mar-19,9150,1685.15,6.15,11532.4
19-Mar-19,28-Mar-19,9200,1865,1.5,11532.4
19-Mar-19,28-Mar-19,9250,1589.45,8.7,11532.4
19-Mar-19,28-Mar-19,9300,2175.9,1.2,11532.4
19-Mar-19,28-Mar-19,9350,1615.35,13.25,11532.4
19-Mar-19,28-Mar-19,9400,2085,0.9,11532.4
19-Mar-19,28-Mar-19,9450,1521.7,0.4,11532.4
19-Mar-19,28-Mar-19,9500,2063.15,1.5,11532.4
19-Mar-19,28-Mar-19,9550,1429.35,23.6,11532.4
19-Mar-19,28-Mar-19,9600,1965.25,2.25,11532.4
19-Mar-19,28-Mar-19,9650,1338.45,30.85,11532.4
19-Mar-19,28-Mar-19,9700,1745.85,2.75,11532.4
19-Mar-19,28-Mar-19,9750,1249.25,39.8,11532.4
19-Mar-19,28-Mar-19,9800,1695,2.7,11532.4
19-Mar-19,28-Mar-19,9850,1162.05,50.75,11532.4
19-Mar-19,28-Mar-19,9900,1658,2.8,11532.4
19-Mar-19,28-Mar-19,9950,1077.05,63.9,11532.4
19-Mar-19,28-Mar-19,10000,1567.25,2.75,11532.4
19-Mar-19,28-Mar-19,10050,994.6,79.6,11532.4
19-Mar-19,28-Mar-19,10100,1395.9,2.4,11532.4
19-Mar-19,28-Mar-19,10150,1344.3,5.5,11532.4
19-Mar-19,28-Mar-19,10200,1350.2,2.45,11532.4
19-Mar-19,28-Mar-19,10250,838.2,4.65,11532.4
19-Mar-19,28-Mar-19,10300,1270.95,2.85,11532.4
19-Mar-19,28-Mar-19,10350,912.75,2.1,11532.4
19-Mar-19,28-Mar-19,10400,1154,3.75,11532.4
19-Mar-19,28-Mar-19,10450,911.8,4.5,11532.4
19-Mar-19,28-Mar-19,10500,1067.4,4.8,11532.4
19-Mar-19,28-Mar-19,10550,540.2,4.6,11532.4
19-Mar-19,28-Mar-19,10600,976.5,5.55,11532.4
19-Mar-19,28-Mar-19,10650,789.15,4.75,11532.4
19-Mar-19,28-Mar-19,10700,870.35,5.75,11532.4
19-Mar-19,28-Mar-19,10750,775.6,6.1,11532.4
19-Mar-19,28-Mar-19,10800,772.5,6,11532.4
19-Mar-19,28-Mar-19,10850,727.3,6.7,11532.4
19-Mar-19,28-Mar-19,10900,663,6.9,11532.4
19-Mar-19,28-Mar-19,10950,600,7.8,11532.4
19-Mar-19,28-Mar-19,11000,567.75,8.2,11532.4
19-Mar-19,28-Mar-19,11050,512.75,9.7,11532.4
19-Mar-19,28-Mar-19,11100,475.8,10.4,11532.4
19-Mar-19,28-Mar-19,11150,430,12.95,11532.4
19-Mar-19,28-Mar-19,11200,379.15,14.9,11532.4
19-Mar-19,28-Mar-19,11250,338.25,19.3,11532.4
19-Mar-19,28-Mar-19,11300,293.1,23.5,11532.4
19-Mar-19,28-Mar-19,11350,247.2,30,11532.4
19-Mar-19,28-Mar-19,11400,206.2,38.85,11532.4
19-Mar-19,28-Mar-19,11450,166.75,49.6,11532.4
19-Mar-19,28-Mar-19,11500,132.35,64.95,11532.4
20-Mar-19,28-Mar-19,11550,81.85,75.3,11521.05
20-Mar-19,28-Mar-19,11600,58.2,100.15,11521.05
20-Mar-19,28-Mar-19,11650,37.95,128.85,11521.05
20-Mar-19,28-Mar-19,11700,24.6,165.55,11521.05
20-Mar-19,28-Mar-19,11750,14.05,204.15,11521.05
20-Mar-19,28-Mar-19,11800,9.1,248.9,11521.05
20-Mar-19,28-Mar-19,11850,5.85,963.75,11521.05
20-Mar-19,28-Mar-19,11900,4.15,342.85,11521.05
20-Mar-19,28-Mar-19,11950,3.15,1044.75,11521.05
20-Mar-19,28-Mar-19,12000,2.65,435.3,11521.05
20-Mar-19,28-Mar-19,12050,79.9,1128.05,11521.05
20-Mar-19,28-Mar-19,12100,1.8,578.85,11521.05
20-Mar-19,28-Mar-19,12150,67.05,1213.35,11521.05
20-Mar-19,28-Mar-19,12200,1.5,635,11521.05
20-Mar-19,28-Mar-19,12250,19.95,1300.45,11521.05
20-Mar-19,28-Mar-19,12300,1.45,800,11521.05
20-Mar-19,28-Mar-19,12350,7.4,1319.1,11521.05
20-Mar-19,28-Mar-19,12400,1.35,820,11521.05
20-Mar-19,28-Mar-19,12450,7.85,1325.6,11521.05
20-Mar-19,28-Mar-19,12500,1.2,942.05,11521.05
20-Mar-19,28-Mar-19,12550,3.65,1361.2,11521.05
20-Mar-19,28-Mar-19,12600,1.4,1030,11521.05
20-Mar-19,28-Mar-19,12650,0.05,1439.7,11521.05
20-Mar-19,28-Mar-19,12700,1.7,1808.9,11521.05
20-Mar-19,28-Mar-19,12750,1.8,1408.6,11521.05
20-Mar-19,28-Mar-19,12800,0.6,1822,11521.05
20-Mar-19,28-Mar-19,12850,0.05,1470.2,11521.05
20-Mar-19,28-Mar-19,12900,2,1797.5,11521.05
20-Mar-19,28-Mar-19,12950,0.05,1495,11521.05
20-Mar-19,28-Mar-19,13000,0.95,1438.85,11521.05
20-Mar-19,28-Mar-19,13050,0.05,1494.35,11521.05
20-Mar-19,28-Mar-19,13100,80.35,1680.95,11521.05
20-Mar-19,28-Mar-19,13200,58.4,1645.8,11521.05
20-Mar-19,28-Mar-19,13300,1.5,1719.55,11521.05
20-Mar-19,28-Mar-19,13400,3,1741.3,11521.05
20-Mar-19,28-Mar-19,13500,0.4,1924.35,11521.05
20-Mar-19,28-Mar-19,13600,0.6,1799,11521.05
20-Mar-19,28-Mar-19,13700,2,1799.15,11521.05
20-Mar-19,28-Mar-19,13800,3,1813.35,11521.05
20-Mar-19,28-Mar-19,13900,19.85,1832.05,11521.05
20-Mar-19,28-Mar-19,14000,0.7,2430.05,11521.05
20-Mar-19,28-Mar-19,14100,1.45,2545.35,11521.05
20-Mar-19,28-Mar-19,7600,3948.1,0.5,11521.05
20-Mar-19,28-Mar-19,7700,2970.55,0.05,11521.05
20-Mar-19,28-Mar-19,7800,2879.65,9.75,11521.05
20-Mar-19,28-Mar-19,7900,2789.15,1.6,11521.05
20-Mar-19,28-Mar-19,8000,3548.55,0.55,11521.05
20-Mar-19,28-Mar-19,8100,2609.7,18.4,11521.05
20-Mar-19,28-Mar-19,8200,2520.85,22.4,11521.05
20-Mar-19,28-Mar-19,8300,2432.65,27.1,11521.05
20-Mar-19,28-Mar-19,8400,2345.25,32.55,11521.05
20-Mar-19,28-Mar-19,8500,3043.2,0.8,11521.05
20-Mar-19,28-Mar-19,8600,2944,3,11521.05
20-Mar-19,28-Mar-19,8700,2825,0.15,11521.05
20-Mar-19,28-Mar-19,8800,2005,0.1,11521.05
20-Mar-19,28-Mar-19,8900,1922.75,1,11521.05
20-Mar-19,28-Mar-19,9000,2548.95,1.65,11521.05
20-Mar-19,28-Mar-19,9100,2180.55,1.75,11521.05
20-Mar-19,28-Mar-19,9150,1685.15,6.15,11521.05
20-Mar-19,28-Mar-19,9200,1865,1.5,11521.05
20-Mar-19,28-Mar-19,9250,1589.45,8.7,11521.05
20-Mar-19,28-Mar-19,9300,2175.9,1.2,11521.05
20-Mar-19,28-Mar-19,9350,1615.35,13.25,11521.05
20-Mar-19,28-Mar-19,9400,2158.75,0.7,11521.05
20-Mar-19,28-Mar-19,9450,1521.7,0.4,11521.05
20-Mar-19,28-Mar-19,9500,2046.9,1.3,11521.05
20-Mar-19,28-Mar-19,9550,1429.35,23.6,11521.05
20-Mar-19,28-Mar-19,9600,1940.5,1.25,11521.05
20-Mar-19,28-Mar-19,9650,1338.45,30.85,11521.05
20-Mar-19,28-Mar-19,9700,1853.8,2.25,11521.05
20-Mar-19,28-Mar-19,9750,1249.25,39.8,11521.05
20-Mar-19,28-Mar-19,9800,1756,1.9,11521.05
20-Mar-19,28-Mar-19,9850,1162.05,50.75,11521.05
20-Mar-19,28-Mar-19,9900,1656.4,2.3,11521.05
20-Mar-19,28-Mar-19,9950,1077.05,63.9,11521.05
20-Mar-19,28-Mar-19,10000,1547.55,2.4,11521.05
20-Mar-19,28-Mar-19,10050,994.6,79.6,11521.05
20-Mar-19,28-Mar-19,10100,1447,1.8,11521.05
20-Mar-19,28-Mar-19,10150,1344.3,5.5,11521.05
20-Mar-19,28-Mar-19,10200,1343.7,1.65,11521.05
20-Mar-19,28-Mar-19,10250,838.2,2,11521.05
20-Mar-19,28-Mar-19,10300,1237.05,2.15,11521.05
20-Mar-19,28-Mar-19,10350,1213,2,11521.05
20-Mar-19,28-Mar-19,10400,1142.3,3,11521.05
20-Mar-19,28-Mar-19,10450,1117,3.5,11521.05
20-Mar-19,28-Mar-19,10500,1047.8,3.45,11521.05
20-Mar-19,28-Mar-19,10550,540.2,3.75,11521.05
20-Mar-19,28-Mar-19,10600,951.35,4.05,11521.05
20-Mar-19,28-Mar-19,10650,899.35,5.05,11521.05
20-Mar-19,28-Mar-19,10700,855.5,4.4,11521.05
20-Mar-19,28-Mar-19,10750,807.4,5.3,11521.05
20-Mar-19,28-Mar-19,10800,752.95,5.1,11521.05
20-Mar-19,28-Mar-19,10850,700.9,6.45,11521.05
20-Mar-19,28-Mar-19,10900,651.45,6,11521.05
20-Mar-19,28-Mar-19,10950,605.1,6,11521.05
20-Mar-19,28-Mar-19,11000,552.75,7.05,11521.05
20-Mar-19,28-Mar-19,11050,503.35,7.35,11521.05
20-Mar-19,28-Mar-19,11100,461.05,8.05,11521.05
20-Mar-19,28-Mar-19,11150,406.75,8.1,11521.05
20-Mar-19,28-Mar-19,11200,357.45,9.95,11521.05
20-Mar-19,28-Mar-19,11250,313.45,12.55,11521.05
20-Mar-19,28-Mar-19,11300,269.15,17.05,11521.05
20-Mar-19,28-Mar-19,11350,222.25,22.1,11521.05
20-Mar-19,28-Mar-19,11400,182.45,30,11521.05
20-Mar-19,28-Mar-19,11450,142.95,40.5,11521.05
20-Mar-19,28-Mar-19,11500,111.35,56.4,11521.05
22-Mar-19,28-Mar-19,11550,37.1,108.85,11456.9
22-Mar-19,28-Mar-19,11600,24,144.6,11456.9
22-Mar-19,28-Mar-19,11650,13.2,189,11456.9
22-Mar-19,28-Mar-19,11700,8.1,231.45,11456.9
22-Mar-19,28-Mar-19,11750,4.5,275,11456.9
22-Mar-19,28-Mar-19,11800,3.4,325.65,11456.9
22-Mar-19,28-Mar-19,11850,2.6,342.05,11456.9
22-Mar-19,28-Mar-19,11900,2.15,424.8,11456.9
22-Mar-19,28-Mar-19,11950,1.8,1044.75,11456.9
22-Mar-19,28-Mar-19,12000,1.9,513.7,11456.9
22-Mar-19,28-Mar-19,12050,79.9,1128.05,11456.9
22-Mar-19,28-Mar-19,12100,1.55,626.95,11456.9
22-Mar-19,28-Mar-19,12150,67.05,1213.35,11456.9
22-Mar-19,28-Mar-19,12200,1.35,723.5,11456.9
22-Mar-19,28-Mar-19,12250,19.95,1300.45,11456.9
22-Mar-19,28-Mar-19,12300,1.3,782,11456.9
22-Mar-19,28-Mar-19,12350,7.4,1319.1,11456.9
22-Mar-19,28-Mar-19,12400,1.35,920,11456.9
22-Mar-19,28-Mar-19,12450,7.85,1325.6,11456.9
22-Mar-19,28-Mar-19,12500,1.3,1011.4,11456.9
22-Mar-19,28-Mar-19,12550,3.65,1361.2,11456.9
22-Mar-19,28-Mar-19,12600,0.6,1062.45,11456.9
22-Mar-19,28-Mar-19,12650,0.05,1439.7,11456.9
22-Mar-19,28-Mar-19,12700,0.8,1808.9,11456.9
22-Mar-19,28-Mar-19,12750,0.2,1408.6,11456.9
22-Mar-19,28-Mar-19,12800,0.85,1822,11456.9
22-Mar-19,28-Mar-19,12850,0.05,1470.2,11456.9
22-Mar-19,28-Mar-19,12900,0.8,1797.5,11456.9
22-Mar-19,28-Mar-19,12950,0.05,1495,11456.9
22-Mar-19,28-Mar-19,13000,0.55,1528.2,11456.9
22-Mar-19,28-Mar-19,13050,0.05,1494.35,11456.9
22-Mar-19,28-Mar-19,13100,80.35,1680.95,11456.9
22-Mar-19,28-Mar-19,13200,58.4,1645.8,11456.9
22-Mar-19,28-Mar-19,13300,1.5,1719.55,11456.9
22-Mar-19,28-Mar-19,13400,3,1741.3,11456.9
22-Mar-19,28-Mar-19,13500,0.4,1990,11456.9
22-Mar-19,28-Mar-19,13600,0.6,1799,11456.9
22-Mar-19,28-Mar-19,13700,2,1799.15,11456.9
22-Mar-19,28-Mar-19,13800,3,1813.35,11456.9
22-Mar-19,28-Mar-19,13900,19.85,1832.05,11456.9
22-Mar-19,28-Mar-19,14000,0.45,2520.25,11456.9
22-Mar-19,28-Mar-19,14100,0.25,2622.5,11456.9
22-Mar-19,28-Mar-19,7600,3910,0.55,11456.9
22-Mar-19,28-Mar-19,7700,2970.55,0.05,11456.9
22-Mar-19,28-Mar-19,7800,2879.65,9.75,11456.9
22-Mar-19,28-Mar-19,7900,2789.15,1.6,11456.9
22-Mar-19,28-Mar-19,8000,3462.55,0.6,11456.9
22-Mar-19,28-Mar-19,8100,2609.7,18.4,11456.9
22-Mar-19,28-Mar-19,8200,2520.85,22.4,11456.9
22-Mar-19,28-Mar-19,8300,2432.65,27.1,11456.9
22-Mar-19,28-Mar-19,8400,2345.25,32.55,11456.9
22-Mar-19,28-Mar-19,8500,2965,0.85,11456.9
22-Mar-19,28-Mar-19,8600,2863,3,11456.9
22-Mar-19,28-Mar-19,8700,2736,0.15,11456.9
22-Mar-19,28-Mar-19,8800,2005,0.1,11456.9
22-Mar-19,28-Mar-19,8900,1922.75,1,11456.9
22-Mar-19,28-Mar-19,9000,2464.85,0.9,11456.9
22-Mar-19,28-Mar-19,9100,2180.55,1.75,11456.9
22-Mar-19,28-Mar-19,9150,1685.15,6.15,11456.9
22-Mar-19,28-Mar-19,9200,1865,1.5,11456.9
22-Mar-19,28-Mar-19,9250,1589.45,8.7,11456.9
22-Mar-19,28-Mar-19,9300,2175.9,1.2,11456.9
22-Mar-19,28-Mar-19,9350,1615.35,13.25,11456.9
22-Mar-19,28-Mar-19,9400,2158.75,0.95,11456.9
22-Mar-19,28-Mar-19,9450,1521.7,0.4,11456.9
22-Mar-19,28-Mar-19,9500,1957.15,1,11456.9
22-Mar-19,28-Mar-19,9550,1429.35,23.6,11456.9
22-Mar-19,28-Mar-19,9600,1867.85,0.75,11456.9
22-Mar-19,28-Mar-19,9650,1338.45,30.85,11456.9
22-Mar-19,28-Mar-19,9700,1770.2,1.05,11456.9
22-Mar-19,28-Mar-19,9750,1249.25,39.8,11456.9
22-Mar-19,28-Mar-19,9800,1701,1.25,11456.9
22-Mar-19,28-Mar-19,9850,1162.05,50.75,11456.9
22-Mar-19,28-Mar-19,9900,1656.4,1.2,11456.9
22-Mar-19,28-Mar-19,9950,1077.05,63.9,11456.9
22-Mar-19,28-Mar-19,10000,1461.6,0.7,11456.9
22-Mar-19,28-Mar-19,10050,994.6,79.6,11456.9
22-Mar-19,28-Mar-19,10100,1354.35,0.7,11456.9
22-Mar-19,28-Mar-19,10150,1344.3,1.2,11456.9
22-Mar-19,28-Mar-19,10200,1270,0.85,11456.9
22-Mar-19,28-Mar-19,10250,838.2,0.55,11456.9
22-Mar-19,28-Mar-19,10300,1154.2,1.2,11456.9
22-Mar-19,28-Mar-19,10350,1213,1,11456.9
22-Mar-19,28-Mar-19,10400,1073.6,1.8,11456.9
22-Mar-19,28-Mar-19,10450,1089,2.15,11456.9
22-Mar-19,28-Mar-19,10500,971.15,2.45,11456.9
22-Mar-19,28-Mar-19,10550,927.95,1.85,11456.9
22-Mar-19,28-Mar-19,10600,868.1,2.75,11456.9
22-Mar-19,28-Mar-19,10650,807.7,2.25,11456.9
22-Mar-19,28-Mar-19,10700,773.65,2.8,11456.9
22-Mar-19,28-Mar-19,10750,714.45,2.75,11456.9
22-Mar-19,28-Mar-19,10800,670.95,2.85,11456.9
22-Mar-19,28-Mar-19,10850,606,2.95,11456.9
22-Mar-19,28-Mar-19,10900,567,3.65,11456.9
22-Mar-19,28-Mar-19,10950,515.05,4.25,11456.9
22-Mar-19,28-Mar-19,11000,469.85,5,11456.9
22-Mar-19,28-Mar-19,11050,420.4,5.5,11456.9
22-Mar-19,28-Mar-19,11100,374.55,6.55,11456.9
22-Mar-19,28-Mar-19,11150,320.75,7.65,11456.9
22-Mar-19,28-Mar-19,11200,278.15,10.35,11456.9
22-Mar-19,28-Mar-19,11250,237.2,14.45,11456.9
22-Mar-19,28-Mar-19,11300,194.25,21.15,11456.9
22-Mar-19,28-Mar-19,11350,152.45,29,11456.9
22-Mar-19,28-Mar-19,11400,113.85,42.05,11456.9
22-Mar-19,28-Mar-19,11450,80.6,58.5,11456.9
22-Mar-19,28-Mar-19,11500,57.35,82.85,11456.9
25-Mar-19,28-Mar-19,11550,8.8,180.95,11354.25
25-Mar-19,28-Mar-19,11600,5.4,227.45,11354.25
25-Mar-19,28-Mar-19,11650,3.1,275,11354.25
25-Mar-19,28-Mar-19,11700,1.95,323.05,11354.25
25-Mar-19,28-Mar-19,11750,1.7,377.4,11354.25
25-Mar-19,28-Mar-19,11800,1.6,423.35,11354.25
25-Mar-19,28-Mar-19,11850,1.5,342.05,11354.25
25-Mar-19,28-Mar-19,11900,1.45,517.7,11354.25
25-Mar-19,28-Mar-19,11950,1.3,1044.75,11354.25
25-Mar-19,28-Mar-19,12000,1.4,621,11354.25
25-Mar-19,28-Mar-19,12050,1.3,1128.05,11354.25
25-Mar-19,28-Mar-19,12100,1.35,724.8,11354.25
25-Mar-19,28-Mar-19,12150,67.05,1213.35,11354.25
25-Mar-19,28-Mar-19,12200,1.2,819.2,11354.25
25-Mar-19,28-Mar-19,12250,19.95,1300.45,11354.25
25-Mar-19,28-Mar-19,12300,1.2,912.9,11354.25
25-Mar-19,28-Mar-19,12350,7.4,1319.1,11354.25
25-Mar-19,28-Mar-19,12400,1.1,1045,11354.25
25-Mar-19,28-Mar-19,12450,7.85,1325.6,11354.25
25-Mar-19,28-Mar-19,12500,1.1,1125.6,11354.25
25-Mar-19,28-Mar-19,12550,3.65,1361.2,11354.25
25-Mar-19,28-Mar-19,12600,0.6,1062.45,11354.25
25-Mar-19,28-Mar-19,12650,0.05,1439.7,11354.25
25-Mar-19,28-Mar-19,12700,0.8,1808.9,11354.25
25-Mar-19,28-Mar-19,12750,0.2,1408.6,11354.25
25-Mar-19,28-Mar-19,12800,0.85,1822,11354.25
25-Mar-19,28-Mar-19,12850,0.05,1470.2,11354.25
25-Mar-19,28-Mar-19,12900,0.6,1797.5,11354.25
25-Mar-19,28-Mar-19,12950,0.05,1495,11354.25
25-Mar-19,28-Mar-19,13000,0.35,1623.65,11354.25
25-Mar-19,28-Mar-19,13050,0.05,1494.35,11354.25
25-Mar-19,28-Mar-19,13100,80.35,1680.95,11354.25
25-Mar-19,28-Mar-19,13200,58.4,1645.8,11354.25
25-Mar-19,28-Mar-19,13300,1.3,1719.55,11354.25
25-Mar-19,28-Mar-19,13400,3,1741.3,11354.25
25-Mar-19,28-Mar-19,13500,0.55,2132,11354.25
25-Mar-19,28-Mar-19,13600,0.6,1799,11354.25
25-Mar-19,28-Mar-19,13700,1,1799.15,11354.25
25-Mar-19,28-Mar-19,13800,3,1813.35,11354.25
25-Mar-19,28-Mar-19,13900,19.85,1832.05,11354.25
25-Mar-19,28-Mar-19,14000,0.35,2620.65,11354.25
25-Mar-19,28-Mar-19,14100,0.2,2622.5,11354.25
25-Mar-19,28-Mar-19,7600,3910,0.3,11354.25
25-Mar-19,28-Mar-19,7700,2970.55,0.05,11354.25
25-Mar-19,28-Mar-19,7800,2879.65,9.75,11354.25
25-Mar-19,28-Mar-19,7900,2789.15,1.6,11354.25
25-Mar-19,28-Mar-19,8000,3366,0.25,11354.25
25-Mar-19,28-Mar-19,8100,2609.7,18.4,11354.25
25-Mar-19,28-Mar-19,8200,2520.85,22.4,11354.25
25-Mar-19,28-Mar-19,8300,2432.65,27.1,11354.25
25-Mar-19,28-Mar-19,8400,2345.25,32.55,11354.25
25-Mar-19,28-Mar-19,8500,2876.95,0.55,11354.25
25-Mar-19,28-Mar-19,8600,2770.35,1,11354.25
25-Mar-19,28-Mar-19,8700,2671.05,0.75,11354.25
25-Mar-19,28-Mar-19,8800,2005,1,11354.25
25-Mar-19,28-Mar-19,8900,1922.75,1,11354.25
25-Mar-19,28-Mar-19,9000,2361.65,0.7,11354.25
25-Mar-19,28-Mar-19,9100,2180.55,1.75,11354.25
25-Mar-19,28-Mar-19,9150,1685.15,6.15,11354.25
25-Mar-19,28-Mar-19,9200,1865,1.5,11354.25
25-Mar-19,28-Mar-19,9250,1589.45,8.7,11354.25
25-Mar-19,28-Mar-19,9300,2055,1,11354.25
25-Mar-19,28-Mar-19,9350,1615.35,13.25,11354.25
25-Mar-19,28-Mar-19,9400,2158.75,0.6,11354.25
25-Mar-19,28-Mar-19,9450,1521.7,2.8,11354.25
25-Mar-19,28-Mar-19,9500,1861.1,0.75,11354.25
25-Mar-19,28-Mar-19,9550,1429.35,23.6,11354.25
25-Mar-19,28-Mar-19,9600,1765.95,0.3,11354.25
25-Mar-19,28-Mar-19,9650,1338.45,30.85,11354.25
25-Mar-19,28-Mar-19,9700,1666,0.7,11354.25
25-Mar-19,28-Mar-19,9750,1249.25,39.8,11354.25
25-Mar-19,28-Mar-19,9800,1559.25,0.75,11354.25
25-Mar-19,28-Mar-19,9850,1162.05,50.75,11354.25
25-Mar-19,28-Mar-19,9900,1440,0.8,11354.25
25-Mar-19,28-Mar-19,9950,1077.05,63.9,11354.25
25-Mar-19,28-Mar-19,10000,1363.05,0.45,11354.25
25-Mar-19,28-Mar-19,10050,994.6,79.6,11354.25
25-Mar-19,28-Mar-19,10100,1250,0.4,11354.25
25-Mar-19,28-Mar-19,10150,1344.3,1.2,11354.25
25-Mar-19,28-Mar-19,10200,1169,0.6,11354.25
25-Mar-19,28-Mar-19,10250,838.2,0.55,11354.25
25-Mar-19,28-Mar-19,10300,1063.55,0.85,11354.25
25-Mar-19,28-Mar-19,10350,1213,1,11354.25
25-Mar-19,28-Mar-19,10400,964,1.25,11354.25
25-Mar-19,28-Mar-19,10450,917,2.2,11354.25
25-Mar-19,28-Mar-19,10500,864.15,1.75,11354.25
25-Mar-19,28-Mar-19,10550,805,1.65,11354.25
25-Mar-19,28-Mar-19,10600,761.7,1.85,11354.25
25-Mar-19,28-Mar-19,10650,694.9,1.95,11354.25
25-Mar-19,28-Mar-19,10700,664.25,1.9,11354.25
25-Mar-19,28-Mar-19,10750,602.55,2.15,11354.25
25-Mar-19,28-Mar-19,10800,563.05,2.25,11354.25
25-Mar-19,28-Mar-19,10850,516.3,2.35,11354.25
25-Mar-19,28-Mar-19,10900,463.7,3,11354.25
25-Mar-19,28-Mar-19,10950,413,3.4,11354.25
25-Mar-19,28-Mar-19,11000,369.15,4.35,11354.25
25-Mar-19,28-Mar-19,11050,312.3,5.3,11354.25
25-Mar-19,28-Mar-19,11100,276.25,6.8,11354.25
25-Mar-19,28-Mar-19,11150,220.6,8.75,11354.25
25-Mar-19,28-Mar-19,11200,182.15,13.25,11354.25
25-Mar-19,28-Mar-19,11250,139.35,20.4,11354.25
25-Mar-19,28-Mar-19,11300,102,32.05,11354.25
25-Mar-19,28-Mar-19,11350,68,47.45,11354.25
25-Mar-19,28-Mar-19,11400,44.15,71.45,11354.25
25-Mar-19,28-Mar-19,11450,26.2,102.7,11354.25
25-Mar-19,28-Mar-19,11500,16.35,141,11354.25
26-Mar-19,28-Mar-19,11550,29.85,63.95,-
26-Mar-19,28-Mar-19,11600,15.4,101.15,-
26-Mar-19,28-Mar-19,11650,6.75,142.3,-
26-Mar-19,28-Mar-19,11700,3.35,185.15,-
26-Mar-19,28-Mar-19,11750,1.9,226.5,-
26-Mar-19,28-Mar-19,11800,1.4,280.95,-
26-Mar-19,28-Mar-19,11850,1.05,342.05,-
26-Mar-19,28-Mar-19,11900,0.95,378.5,-
26-Mar-19,28-Mar-19,11950,0.7,1044.75,-
26-Mar-19,28-Mar-19,12000,0.9,477.7,-
26-Mar-19,28-Mar-19,12050,1.3,1128.05,-
26-Mar-19,28-Mar-19,12100,0.85,672.1,-
26-Mar-19,28-Mar-19,12150,67.05,1213.35,-
26-Mar-19,28-Mar-19,12200,0.75,680.25,-
26-Mar-19,28-Mar-19,12250,19.95,1300.45,-
26-Mar-19,28-Mar-19,12300,0.65,912.9,-
26-Mar-19,28-Mar-19,12350,7.4,1319.1,-
26-Mar-19,28-Mar-19,12400,0.75,890.6,-
26-Mar-19,28-Mar-19,12450,7.85,1325.6,-
26-Mar-19,28-Mar-19,12500,0.75,977.45,-
26-Mar-19,28-Mar-19,12550,3.65,1361.2,-
26-Mar-19,28-Mar-19,12600,0.6,1062.45,-
26-Mar-19,28-Mar-19,12650,0.05,1439.7,-
26-Mar-19,28-Mar-19,12700,1.3,1808.9,-
26-Mar-19,28-Mar-19,12750,0.2,1408.6,-
26-Mar-19,28-Mar-19,12800,0.35,1822,-
26-Mar-19,28-Mar-19,12850,0.05,1470.2,-
26-Mar-19,28-Mar-19,12900,0.65,1797.5,-
26-Mar-19,28-Mar-19,12950,0.05,1495,-
26-Mar-19,28-Mar-19,13000,0.2,1487.35,-
26-Mar-19,28-Mar-19,13050,0.05,1494.35,-
26-Mar-19,28-Mar-19,13100,80.35,1680.95,-
26-Mar-19,28-Mar-19,13200,58.4,1645.8,-
26-Mar-19,28-Mar-19,13300,0.25,1719.55,-
26-Mar-19,28-Mar-19,13400,0.1,1741.3,-
26-Mar-19,28-Mar-19,13500,0.15,2002,-
26-Mar-19,28-Mar-19,13600,0.6,1799,-
26-Mar-19,28-Mar-19,13700,1,1799.15,-
26-Mar-19,28-Mar-19,13800,3,1813.35,-
26-Mar-19,28-Mar-19,13900,19.85,1832.05,-
26-Mar-19,28-Mar-19,14000,0.35,2477.8,-
26-Mar-19,28-Mar-19,14100,0.3,2591,-
26-Mar-19,28-Mar-19,7600,3785.9,0.3,-
26-Mar-19,28-Mar-19,7700,2970.55,0.05,-
26-Mar-19,28-Mar-19,7800,2879.65,9.75,-
26-Mar-19,28-Mar-19,7900,2789.15,1.6,-
26-Mar-19,28-Mar-19,8000,3512.6,0.05,-
26-Mar-19,28-Mar-19,8100,2609.7,18.4,-
26-Mar-19,28-Mar-19,8200,2520.85,22.4,-
26-Mar-19,28-Mar-19,8300,2432.65,27.1,-
26-Mar-19,28-Mar-19,8400,2345.25,32.55,-
26-Mar-19,28-Mar-19,8500,3010.95,0.25,-
26-Mar-19,28-Mar-19,8600,2836.4,0.5,-
26-Mar-19,28-Mar-19,8700,2801.5,0.55,-
26-Mar-19,28-Mar-19,8800,2005,1,-
26-Mar-19,28-Mar-19,8900,1922.75,1,-
26-Mar-19,28-Mar-19,9000,2498.95,0.6,-
26-Mar-19,28-Mar-19,9100,2180.55,0.35,-
26-Mar-19,28-Mar-19,9150,1685.15,6.15,-
26-Mar-19,28-Mar-19,9200,1865,1.5,-
26-Mar-19,28-Mar-19,9250,1589.45,8.7,-
26-Mar-19,28-Mar-19,9300,2055,0.15,-
26-Mar-19,28-Mar-19,9350,1615.35,13.25,-
26-Mar-19,28-Mar-19,9400,1981.85,0.4,-
26-Mar-19,28-Mar-19,9450,1521.7,2.8,-
26-Mar-19,28-Mar-19,9500,2005.55,0.5,-
26-Mar-19,28-Mar-19,9550,1429.35,23.6,-
26-Mar-19,28-Mar-19,9600,1904.6,0.25,-
26-Mar-19,28-Mar-19,9650,1338.45,30.85,-
26-Mar-19,28-Mar-19,9700,1814.3,0.65,-
26-Mar-19,28-Mar-19,9750,1249.25,39.8,-
26-Mar-19,28-Mar-19,9800,1620,0.65,-
26-Mar-19,28-Mar-19,9850,1162.05,50.75,-
26-Mar-19,28-Mar-19,9900,1607,0.6,-
26-Mar-19,28-Mar-19,9950,1077.05,63.9,-
26-Mar-19,28-Mar-19,10000,1502.8,0.3,-
26-Mar-19,28-Mar-19,10050,994.6,79.6,-
26-Mar-19,28-Mar-19,10100,1330,0.3,-
26-Mar-19,28-Mar-19,10150,1344.3,0.1,-
26-Mar-19,28-Mar-19,10200,1301.4,0.3,-
26-Mar-19,28-Mar-19,10250,838.2,0.55,-
26-Mar-19,28-Mar-19,10300,1121,0.45,-
26-Mar-19,28-Mar-19,10350,1213,0.25,-
26-Mar-19,28-Mar-19,10400,1101.2,0.8,-
26-Mar-19,28-Mar-19,10450,933.45,1.35,-
26-Mar-19,28-Mar-19,10500,999.2,1.15,-
26-Mar-19,28-Mar-19,10550,831.2,0.7,-
26-Mar-19,28-Mar-19,10600,904.6,1.35,-
26-Mar-19,28-Mar-19,10650,694.9,0.85,-
26-Mar-19,28-Mar-19,10700,802.75,1.35,-
26-Mar-19,28-Mar-19,10750,739.2,1.1,-
26-Mar-19,28-Mar-19,10800,702.5,1.4,-
26-Mar-19,28-Mar-19,10850,586.15,1.05,-
26-Mar-19,28-Mar-19,10900,603.65,1.55,-
26-Mar-19,28-Mar-19,10950,556.1,1.5,-
26-Mar-19,28-Mar-19,11000,508.75,1.85,-
26-Mar-19,28-Mar-19,11050,448.5,1.8,-
26-Mar-19,28-Mar-19,11100,407.3,2.1,-
26-Mar-19,28-Mar-19,11150,350.55,2.6,-
26-Mar-19,28-Mar-19,11200,308.95,3.3,-
26-Mar-19,28-Mar-19,11250,259.5,4.05,-
26-Mar-19,28-Mar-19,11300,214,5.95,-
26-Mar-19,28-Mar-19,11350,163.45,8.95,-
26-Mar-19,28-Mar-19,11400,120.35,14.1,-
26-Mar-19,28-Mar-19,11450,82,23.3,-
26-Mar-19,28-Mar-19,11500,52.1,40.75,-
27-Mar-19,28-Mar-19,11550,7.65,97.55,11445.05
27-Mar-19,28-Mar-19,11600,3.7,145.2,11445.05
27-Mar-19,28-Mar-19,11650,1.65,195.65,11445.05
27-Mar-19,28-Mar-19,11700,1.2,239.4,11445.05
27-Mar-19,28-Mar-19,11750,0.9,251,11445.05
27-Mar-19,28-Mar-19,11800,0.8,340.8,11445.05
27-Mar-19,28-Mar-19,11850,0.65,355.05,11445.05
27-Mar-19,28-Mar-19,11900,0.55,424.1,11445.05
27-Mar-19,28-Mar-19,11950,0.9,416.45,11445.05
27-Mar-19,28-Mar-19,12000,0.5,531.25,11445.05
27-Mar-19,28-Mar-19,12050,1.3,1128.05,11445.05
27-Mar-19,28-Mar-19,12100,0.45,542.6,11445.05
27-Mar-19,28-Mar-19,12150,67.05,1213.35,11445.05
27-Mar-19,28-Mar-19,12200,0.4,710.45,11445.05
27-Mar-19,28-Mar-19,12250,19.95,1300.45,11445.05
27-Mar-19,28-Mar-19,12300,0.5,912.9,11445.05
27-Mar-19,28-Mar-19,12350,7.4,1319.1,11445.05
27-Mar-19,28-Mar-19,12400,0.65,939.2,11445.05
27-Mar-19,28-Mar-19,12450,7.85,1325.6,11445.05
27-Mar-19,28-Mar-19,12500,0.4,1037.4,11445.05
27-Mar-19,28-Mar-19,12550,3.65,1361.2,11445.05
27-Mar-19,28-Mar-19,12600,0.7,1137.6,11445.05
27-Mar-19,28-Mar-19,12650,0.05,1439.7,11445.05
27-Mar-19,28-Mar-19,12700,0.2,1808.9,11445.05
27-Mar-19,28-Mar-19,12750,0.2,1408.6,11445.05
27-Mar-19,28-Mar-19,12800,0.25,1822,11445.05
27-Mar-19,28-Mar-19,12850,0.05,1470.2,11445.05
27-Mar-19,28-Mar-19,12900,0.65,1797.5,11445.05
27-Mar-19,28-Mar-19,12950,0.05,1495,11445.05
27-Mar-19,28-Mar-19,13000,0.1,1543.5,11445.05
27-Mar-19,28-Mar-19,13050,0.05,1494.35,11445.05
27-Mar-19,28-Mar-19,13100,80.35,1680.95,11445.05
27-Mar-19,28-Mar-19,13200,58.4,1645.8,11445.05
27-Mar-19,28-Mar-19,13300,0.25,1719.55,11445.05
27-Mar-19,28-Mar-19,13400,0.1,1741.3,11445.05
27-Mar-19,28-Mar-19,13500,0.1,1938.7,11445.05
27-Mar-19,28-Mar-19,13600,1.5,1799,11445.05
27-Mar-19,28-Mar-19,13700,1,1799.15,11445.05
27-Mar-19,28-Mar-19,13800,1.5,1813.35,11445.05
27-Mar-19,28-Mar-19,13900,19.85,1832.05,11445.05
27-Mar-19,28-Mar-19,14000,0.3,2529.8,11445.05
27-Mar-19,28-Mar-19,14100,0.3,2600,11445.05
27-Mar-19,28-Mar-19,7600,3850,0.2,11445.05
27-Mar-19,28-Mar-19,7700,2970.55,0.05,11445.05
27-Mar-19,28-Mar-19,7800,2879.65,9.75,11445.05
27-Mar-19,28-Mar-19,7900,2789.15,0.05,11445.05
27-Mar-19,28-Mar-19,8000,3453.25,0.05,11445.05
27-Mar-19,28-Mar-19,8100,2609.7,18.4,11445.05
27-Mar-19,28-Mar-19,8200,2520.85,22.4,11445.05
27-Mar-19,28-Mar-19,8300,2432.65,27.1,11445.05
27-Mar-19,28-Mar-19,8400,2345.25,32.55,11445.05
27-Mar-19,28-Mar-19,8500,2950,0.15,11445.05
27-Mar-19,28-Mar-19,8600,2867.55,0.5,11445.05
27-Mar-19,28-Mar-19,8700,2751.35,0.55,11445.05
27-Mar-19,28-Mar-19,8800,2005,1,11445.05
27-Mar-19,28-Mar-19,8900,1922.75,1,11445.05
27-Mar-19,28-Mar-19,9000,2450.7,0.25,11445.05
27-Mar-19,28-Mar-19,9100,2339.15,0.25,11445.05
27-Mar-19,28-Mar-19,9150,1685.15,6.15,11445.05
27-Mar-19,28-Mar-19,9200,2270.25,0.1,11445.05
27-Mar-19,28-Mar-19,9250,1589.45,8.7,11445.05
27-Mar-19,28-Mar-19,9300,2055,0.15,11445.05
27-Mar-19,28-Mar-19,9350,1615.35,13.25,11445.05
27-Mar-19,28-Mar-19,9400,2125,0.1,11445.05
27-Mar-19,28-Mar-19,9450,1521.7,0.45,11445.05
27-Mar-19,28-Mar-19,9500,1955.7,0.25,11445.05
27-Mar-19,28-Mar-19,9550,1429.35,23.6,11445.05
27-Mar-19,28-Mar-19,9600,1835,0.1,11445.05
27-Mar-19,28-Mar-19,9650,1338.45,30.85,11445.05
27-Mar-19,28-Mar-19,9700,1753.55,0.75,11445.05
27-Mar-19,28-Mar-19,9750,1249.25,39.8,11445.05
27-Mar-19,28-Mar-19,9800,1661.95,0.45,11445.05
27-Mar-19,28-Mar-19,9850,1162.05,50.75,11445.05
27-Mar-19,28-Mar-19,9900,1558,0.5,11445.05
27-Mar-19,28-Mar-19,9950,1077.05,63.9,11445.05
27-Mar-19,28-Mar-19,10000,1455.4,0.4,11445.05
27-Mar-19,28-Mar-19,10050,994.6,79.6,11445.05
27-Mar-19,28-Mar-19,10100,1361.15,0.2,11445.05
27-Mar-19,28-Mar-19,10150,1344.3,0.1,11445.05
27-Mar-19,28-Mar-19,10200,1245.55,0.1,11445.05
27-Mar-19,28-Mar-19,10250,838.2,0.2,11445.05
27-Mar-19,28-Mar-19,10300,1152.65,0.35,11445.05
27-Mar-19,28-Mar-19,10350,1213,0.65,11445.05
27-Mar-19,28-Mar-19,10400,1050.15,0.6,11445.05
27-Mar-19,28-Mar-19,10450,1083.05,1,11445.05
27-Mar-19,28-Mar-19,10500,943.7,0.6,11445.05
27-Mar-19,28-Mar-19,10550,831.2,0.7,11445.05
27-Mar-19,28-Mar-19,10600,847.5,0.75,11445.05
27-Mar-19,28-Mar-19,10650,908.65,0.85,11445.05
27-Mar-19,28-Mar-19,10700,750.8,0.8,11445.05
27-Mar-19,28-Mar-19,10750,701,0.75,11445.05
27-Mar-19,28-Mar-19,10800,649.9,0.85,11445.05
27-Mar-19,28-Mar-19,10850,596.9,0.5,11445.05
27-Mar-19,28-Mar-19,10900,551.95,0.95,11445.05
27-Mar-19,28-Mar-19,10950,494.7,0.95,11445.05
27-Mar-19,28-Mar-19,11000,453.1,1.1,11445.05
27-Mar-19,28-Mar-19,11050,400.4,0.95,11445.05
27-Mar-19,28-Mar-19,11100,349.35,1.25,11445.05
27-Mar-19,28-Mar-19,11150,300.1,1.15,11445.05
27-Mar-19,28-Mar-19,11200,249,1.85,11445.05
27-Mar-19,28-Mar-19,11250,195.2,2.35,11445.05
27-Mar-19,28-Mar-19,11300,153.05,3.5,11445.05
27-Mar-19,28-Mar-19,11350,106.85,5.6,11445.05
27-Mar-19,28-Mar-19,11400,67.6,14.15,11445.05
27-Mar-19,28-Mar-19,11450,34.3,29.45,11445.05
27-Mar-19,28-Mar-19,11500,18,60.85,11445.05
