Symbol,Date,Expiry,Strike,Call,Put,Underlying Value
NTPC,1-Mar-19,28-Mar-19,105,45.3,0.05,143
NTPC,1-Mar-19,28-Mar-19,192.5,0.45,41.1,143
NTPC,1-Mar-19,28-Mar-19,110,40.45,0.1,143
NTPC,1-Mar-19,28-Mar-19,112.5,38,0.15,143
NTPC,1-Mar-19,28-Mar-19,115,35.65,0.2,143
NTPC,1-Mar-19,28-Mar-19,117.5,33.3,0.3,143
NTPC,1-Mar-19,28-Mar-19,120,18.5,0.5,143
NTPC,1-Mar-19,28-Mar-19,122.5,28.7,0.6,143
NTPC,1-Mar-19,28-Mar-19,125,26.45,0.2,143
NTPC,1-Mar-19,28-Mar-19,127.5,24.3,2.5,143
NTPC,1-Mar-19,28-Mar-19,130,13.95,0.6,143
NTPC,1-Mar-19,28-Mar-19,132.5,10.95,0.75,143
NTPC,1-Mar-19,28-Mar-19,135,9.9,1.15,143
NTPC,1-Mar-19,28-Mar-19,137.5,7.75,1.65,143
NTPC,1-Mar-19,28-Mar-19,140,5.85,2.4,143
NTPC,1-Mar-19,28-Mar-19,142.5,4.35,3.35,143
NTPC,1-Mar-19,28-Mar-19,145,3.25,4.6,143
NTPC,1-Mar-19,28-Mar-19,147.5,2.3,6.3,143
NTPC,1-Mar-19,28-Mar-19,150,1.65,8.3,143
NTPC,1-Mar-19,28-Mar-19,152.5,1.15,12.1,143
NTPC,1-Mar-19,28-Mar-19,155,0.75,13.95,143
NTPC,1-Mar-19,28-Mar-19,157.5,5.85,17.25,143
NTPC,1-Mar-19,28-Mar-19,160,0.4,17.8,143
NTPC,1-Mar-19,28-Mar-19,162.5,4.3,15.5,143
NTPC,1-Mar-19,28-Mar-19,165,3.65,21.8,143
NTPC,1-Mar-19,28-Mar-19,167.5,3.1,19.2,143
NTPC,1-Mar-19,28-Mar-19,170,2.6,27.6,143
NTPC,1-Mar-19,28-Mar-19,172.5,0.5,23.2,143
NTPC,1-Mar-19,28-Mar-19,175,1.8,31.5,143
NTPC,1-Mar-19,28-Mar-19,177.5,1.5,27.45,143
NTPC,1-Mar-19,28-Mar-19,180,0.3,41,143
NTPC,1-Mar-19,28-Mar-19,182.5,1.05,31.85,143
NTPC,1-Mar-19,28-Mar-19,185,0.85,34.15,143
NTPC,1-Mar-19,28-Mar-19,187.5,0.7,36.45,143
NTPC,1-Mar-19,28-Mar-19,190,0.55,38.75,143
NTPC,1-Mar-19,28-Mar-19,107.5,42.85,0.05,143
NTPC,5-Mar-19,28-Mar-19,105,45.3,0.05,147
NTPC,5-Mar-19,28-Mar-19,192.5,0.45,41.1,147
NTPC,5-Mar-19,28-Mar-19,110,40.45,0.1,147
NTPC,5-Mar-19,28-Mar-19,112.5,38,0.15,147
NTPC,5-Mar-19,28-Mar-19,115,35.65,0.2,147
NTPC,5-Mar-19,28-Mar-19,117.5,33.3,0.3,147
NTPC,5-Mar-19,28-Mar-19,120,18.5,0.5,147
NTPC,5-Mar-19,28-Mar-19,122.5,28.7,0.6,147
NTPC,5-Mar-19,28-Mar-19,125,26.45,0.2,147
NTPC,5-Mar-19,28-Mar-19,127.5,24.3,2.5,147
NTPC,5-Mar-19,28-Mar-19,130,16.6,0.35,147
NTPC,5-Mar-19,28-Mar-19,132.5,10.95,0.5,147
NTPC,5-Mar-19,28-Mar-19,135,9.9,0.6,147
NTPC,5-Mar-19,28-Mar-19,137.5,10.5,0.9,147
NTPC,5-Mar-19,28-Mar-19,140,8.25,1.3,147
NTPC,5-Mar-19,28-Mar-19,142.5,6.4,1.95,147
NTPC,5-Mar-19,28-Mar-19,145,4.8,2.75,147
NTPC,5-Mar-19,28-Mar-19,147.5,3.5,3.8,147
NTPC,5-Mar-19,28-Mar-19,150,2.4,5.95,147
NTPC,5-Mar-19,28-Mar-19,152.5,1.65,12.1,147
NTPC,5-Mar-19,28-Mar-19,155,1.05,13.95,147
NTPC,5-Mar-19,28-Mar-19,157.5,5.85,17.25,147
NTPC,5-Mar-19,28-Mar-19,160,0.5,17.8,147
NTPC,5-Mar-19,28-Mar-19,162.5,4.3,15.5,147
NTPC,5-Mar-19,28-Mar-19,165,3.65,21.8,147
NTPC,5-Mar-19,28-Mar-19,167.5,3.1,19.2,147
NTPC,5-Mar-19,28-Mar-19,170,2.6,27.6,147
NTPC,5-Mar-19,28-Mar-19,172.5,0.5,23.2,147
NTPC,5-Mar-19,28-Mar-19,175,1.8,31.5,147
NTPC,5-Mar-19,28-Mar-19,177.5,1.5,27.45,147
NTPC,5-Mar-19,28-Mar-19,180,0.25,41,147
NTPC,5-Mar-19,28-Mar-19,182.5,1.05,31.85,147
NTPC,5-Mar-19,28-Mar-19,185,0.85,34.15,147
NTPC,5-Mar-19,28-Mar-19,187.5,0.7,36.45,147
NTPC,5-Mar-19,28-Mar-19,190,0.55,38.75,147
NTPC,5-Mar-19,28-Mar-19,107.5,42.85,0.05,147
NTPC,6-Mar-19,28-Mar-19,105,45.3,0.05,148.95
NTPC,6-Mar-19,28-Mar-19,192.5,0.45,41.1,148.95
NTPC,6-Mar-19,28-Mar-19,110,40.45,0.1,148.95
NTPC,6-Mar-19,28-Mar-19,112.5,38,0.15,148.95
NTPC,6-Mar-19,28-Mar-19,115,35.65,0.2,148.95
NTPC,6-Mar-19,28-Mar-19,117.5,33.3,0.3,148.95
NTPC,6-Mar-19,28-Mar-19,120,18.5,0.5,148.95
NTPC,6-Mar-19,28-Mar-19,122.5,28.7,0.6,148.95
NTPC,6-Mar-19,28-Mar-19,125,26.45,0.25,148.95
NTPC,6-Mar-19,28-Mar-19,127.5,24.3,2.5,148.95
NTPC,6-Mar-19,28-Mar-19,130,16.6,0.25,148.95
NTPC,6-Mar-19,28-Mar-19,132.5,10.95,0.3,148.95
NTPC,6-Mar-19,28-Mar-19,135,12.8,0.5,148.95
NTPC,6-Mar-19,28-Mar-19,137.5,10.5,0.75,148.95
NTPC,6-Mar-19,28-Mar-19,140,9.1,1,148.95
NTPC,6-Mar-19,28-Mar-19,142.5,7.5,1.5,148.95
NTPC,6-Mar-19,28-Mar-19,145,6,2.1,148.95
NTPC,6-Mar-19,28-Mar-19,147.5,4.4,3.05,148.95
NTPC,6-Mar-19,28-Mar-19,150,3.15,4.15,148.95
NTPC,6-Mar-19,28-Mar-19,152.5,2.15,6,148.95
NTPC,6-Mar-19,28-Mar-19,155,1.5,13.95,148.95
NTPC,6-Mar-19,28-Mar-19,157.5,1.05,17.25,148.95
NTPC,6-Mar-19,28-Mar-19,160,0.65,17.8,148.95
NTPC,6-Mar-19,28-Mar-19,162.5,4.3,15.5,148.95
NTPC,6-Mar-19,28-Mar-19,165,3.65,21.8,148.95
NTPC,6-Mar-19,28-Mar-19,167.5,3.1,19.2,148.95
NTPC,6-Mar-19,28-Mar-19,170,2.6,27.6,148.95
NTPC,6-Mar-19,28-Mar-19,172.5,0.5,23.2,148.95
NTPC,6-Mar-19,28-Mar-19,175,1.8,31.5,148.95
NTPC,6-Mar-19,28-Mar-19,177.5,1.5,27.45,148.95
NTPC,6-Mar-19,28-Mar-19,180,0.25,32,148.95
NTPC,6-Mar-19,28-Mar-19,182.5,1.05,31.85,148.95
NTPC,6-Mar-19,28-Mar-19,185,0.85,34.15,148.95
NTPC,6-Mar-19,28-Mar-19,187.5,0.7,36.45,148.95
NTPC,6-Mar-19,28-Mar-19,190,0.55,38.75,148.95
NTPC,6-Mar-19,28-Mar-19,107.5,42.85,0.05,148.95
NTPC,7-Mar-19,28-Mar-19,105,45.3,0.05,146.2
NTPC,7-Mar-19,28-Mar-19,192.5,0.45,0.05,146.2
NTPC,7-Mar-19,28-Mar-19,110,40.45,0.1,146.2
NTPC,7-Mar-19,28-Mar-19,112.5,38,0.15,146.2
NTPC,7-Mar-19,28-Mar-19,115,35.65,0.2,146.2
NTPC,7-Mar-19,28-Mar-19,117.5,33.3,0.3,146.2
NTPC,7-Mar-19,28-Mar-19,120,18.5,0.5,146.2
NTPC,7-Mar-19,28-Mar-19,122.5,28.7,0.6,146.2
NTPC,7-Mar-19,28-Mar-19,125,26.45,0.25,146.2
NTPC,7-Mar-19,28-Mar-19,127.5,24.3,2.5,146.2
NTPC,7-Mar-19,28-Mar-19,130,16.6,0.3,146.2
NTPC,7-Mar-19,28-Mar-19,132.5,10.95,0.3,146.2
NTPC,7-Mar-19,28-Mar-19,135,11,0.75,146.2
NTPC,7-Mar-19,28-Mar-19,137.5,10.5,1,146.2
NTPC,7-Mar-19,28-Mar-19,140,7.55,1.6,146.2
NTPC,7-Mar-19,28-Mar-19,142.5,6.3,2.25,146.2
NTPC,7-Mar-19,28-Mar-19,145,4.1,3.4,146.2
NTPC,7-Mar-19,28-Mar-19,147.5,3.05,4.5,146.2
NTPC,7-Mar-19,28-Mar-19,150,2.25,5.9,146.2
NTPC,7-Mar-19,28-Mar-19,152.5,1.6,7.6,146.2
NTPC,7-Mar-19,28-Mar-19,155,1.1,13.95,146.2
NTPC,7-Mar-19,28-Mar-19,157.5,0.7,17.25,146.2
NTPC,7-Mar-19,28-Mar-19,160,0.5,17.8,146.2
NTPC,7-Mar-19,28-Mar-19,162.5,0.5,15.5,146.2
NTPC,7-Mar-19,28-Mar-19,165,3.65,21.8,146.2
NTPC,7-Mar-19,28-Mar-19,167.5,3.1,19.2,146.2
NTPC,7-Mar-19,28-Mar-19,170,2.6,27.6,146.2
NTPC,7-Mar-19,28-Mar-19,172.5,0.5,23.2,146.2
NTPC,7-Mar-19,28-Mar-19,175,1.8,31.5,146.2
NTPC,7-Mar-19,28-Mar-19,177.5,1.5,27.45,146.2
NTPC,7-Mar-19,28-Mar-19,180,0.15,32,146.2
NTPC,7-Mar-19,28-Mar-19,182.5,1.05,31.85,146.2
NTPC,7-Mar-19,28-Mar-19,185,0.85,34.15,146.2
NTPC,7-Mar-19,28-Mar-19,187.5,0.7,36.45,146.2
NTPC,7-Mar-19,28-Mar-19,190,0.55,38.75,146.2
NTPC,7-Mar-19,28-Mar-19,107.5,42.85,41.1,146.2
NTPC,8-Mar-19,28-Mar-19,105,45.3,0.05,152.2
NTPC,8-Mar-19,28-Mar-19,192.5,0.45,41.1,152.2
NTPC,8-Mar-19,28-Mar-19,110,40.45,0.1,152.2
NTPC,8-Mar-19,28-Mar-19,112.5,38,0.5,152.2
NTPC,8-Mar-19,28-Mar-19,115,35.65,0.2,152.2
NTPC,8-Mar-19,28-Mar-19,117.5,33.3,0.3,152.2
NTPC,8-Mar-19,28-Mar-19,120,18.5,0.5,152.2
NTPC,8-Mar-19,28-Mar-19,122.5,28.7,0.6,152.2
NTPC,8-Mar-19,28-Mar-19,125,26.45,0.25,152.2
NTPC,8-Mar-19,28-Mar-19,127.5,24.3,2.5,152.2
NTPC,8-Mar-19,28-Mar-19,130,16.6,0.35,152.2
NTPC,8-Mar-19,28-Mar-19,132.5,16.1,0.45,152.2
NTPC,8-Mar-19,28-Mar-19,135,14.5,0.6,152.2
NTPC,8-Mar-19,28-Mar-19,137.5,12.2,0.65,152.2
NTPC,8-Mar-19,28-Mar-19,140,9.85,1.05,152.2
NTPC,8-Mar-19,28-Mar-19,142.5,7.45,1.55,152.2
NTPC,8-Mar-19,28-Mar-19,145,6.05,2.25,152.2
NTPC,8-Mar-19,28-Mar-19,147.5,4.55,3.2,152.2
NTPC,8-Mar-19,28-Mar-19,150,3.2,4.45,152.2
NTPC,8-Mar-19,28-Mar-19,152.5,2.3,5.95,152.2
NTPC,8-Mar-19,28-Mar-19,155,1.6,8,152.2
NTPC,8-Mar-19,28-Mar-19,157.5,1.1,17.25,152.2
NTPC,8-Mar-19,28-Mar-19,160,0.8,11.2,152.2
NTPC,8-Mar-19,28-Mar-19,162.5,0.5,15.5,152.2
NTPC,8-Mar-19,28-Mar-19,165,0.4,21.8,152.2
NTPC,8-Mar-19,28-Mar-19,167.5,3.1,19.2,152.2
NTPC,8-Mar-19,28-Mar-19,170,0.15,27.6,152.2
NTPC,8-Mar-19,28-Mar-19,172.5,0.5,23.2,152.2
NTPC,8-Mar-19,28-Mar-19,175,1.8,31.5,152.2
NTPC,8-Mar-19,28-Mar-19,177.5,1.5,27.45,152.2
NTPC,8-Mar-19,28-Mar-19,180,0.15,32,152.2
NTPC,8-Mar-19,28-Mar-19,182.5,1.05,31.85,152.2
NTPC,8-Mar-19,28-Mar-19,185,0.85,34.15,152.2
NTPC,8-Mar-19,28-Mar-19,187.5,0.7,36.45,152.2
NTPC,8-Mar-19,28-Mar-19,190,0.55,38.75,152.2
NTPC,8-Mar-19,28-Mar-19,107.5,42.85,0.05,152.2
NTPC,11-Mar-19,28-Mar-19,105,45.3,0.05,151.4
NTPC,11-Mar-19,28-Mar-19,192.5,0.45,41.1,151.4
NTPC,11-Mar-19,28-Mar-19,110,40.45,0.1,151.4
NTPC,11-Mar-19,28-Mar-19,112.5,38,0.5,151.4
NTPC,11-Mar-19,28-Mar-19,115,35.65,0.2,151.4
NTPC,11-Mar-19,28-Mar-19,117.5,33.3,0.3,151.4
NTPC,11-Mar-19,28-Mar-19,120,18.5,0.5,151.4
NTPC,11-Mar-19,28-Mar-19,122.5,28.7,0.6,151.4
NTPC,11-Mar-19,28-Mar-19,125,26.45,0.2,151.4
NTPC,11-Mar-19,28-Mar-19,127.5,24.3,2.5,151.4
NTPC,11-Mar-19,28-Mar-19,130,16.6,0.25,151.4
NTPC,11-Mar-19,28-Mar-19,132.5,16.1,0.3,151.4
NTPC,11-Mar-19,28-Mar-19,135,14.95,0.4,151.4
NTPC,11-Mar-19,28-Mar-19,137.5,17.55,0.5,151.4
NTPC,11-Mar-19,28-Mar-19,140,12.85,0.85,151.4
NTPC,11-Mar-19,28-Mar-19,142.5,8.75,1.15,151.4
NTPC,11-Mar-19,28-Mar-19,145,6.5,1.75,151.4
NTPC,11-Mar-19,28-Mar-19,147.5,4.8,2.45,151.4
NTPC,11-Mar-19,28-Mar-19,150,3.5,3.4,151.4
NTPC,11-Mar-19,28-Mar-19,152.5,2.7,4.65,151.4
NTPC,11-Mar-19,28-Mar-19,155,1.9,6,151.4
NTPC,11-Mar-19,28-Mar-19,157.5,1.35,7.4,151.4
NTPC,11-Mar-19,28-Mar-19,160,0.95,11.15,151.4
NTPC,11-Mar-19,28-Mar-19,162.5,0.7,13.35,151.4
NTPC,11-Mar-19,28-Mar-19,165,0.5,14.85,151.4
NTPC,11-Mar-19,28-Mar-19,167.5,0.8,19.2,151.4
NTPC,11-Mar-19,28-Mar-19,170,0.3,27.6,151.4
NTPC,11-Mar-19,28-Mar-19,172.5,0.4,23.2,151.4
NTPC,11-Mar-19,28-Mar-19,175,1.8,31.5,151.4
NTPC,11-Mar-19,28-Mar-19,177.5,1.5,27.45,151.4
NTPC,11-Mar-19,28-Mar-19,180,0.15,27,151.4
NTPC,11-Mar-19,28-Mar-19,182.5,1.05,31.85,151.4
NTPC,11-Mar-19,28-Mar-19,185,0.85,34.15,151.4
NTPC,11-Mar-19,28-Mar-19,187.5,0.7,36.45,151.4
NTPC,11-Mar-19,28-Mar-19,190,0.55,38.75,151.4
NTPC,11-Mar-19,28-Mar-19,107.5,42.85,0.05,151.4
NTPC,12-Mar-19,28-Mar-19,105,45.3,0.05,151.25
NTPC,12-Mar-19,28-Mar-19,192.5,0.45,41.1,151.25
NTPC,12-Mar-19,28-Mar-19,110,40.45,0.1,151.25
NTPC,12-Mar-19,28-Mar-19,112.5,38,0.5,151.25
NTPC,12-Mar-19,28-Mar-19,115,35.65,0.2,151.25
NTPC,12-Mar-19,28-Mar-19,117.5,33.3,0.3,151.25
NTPC,12-Mar-19,28-Mar-19,120,18.5,0.5,151.25
NTPC,12-Mar-19,28-Mar-19,122.5,28.7,0.6,151.25
NTPC,12-Mar-19,28-Mar-19,125,26.45,0.2,151.25
NTPC,12-Mar-19,28-Mar-19,127.5,24.3,2.5,151.25
NTPC,12-Mar-19,28-Mar-19,130,16.6,0.2,151.25
NTPC,12-Mar-19,28-Mar-19,132.5,16.1,0.25,151.25
NTPC,12-Mar-19,28-Mar-19,135,19,0.4,151.25
NTPC,12-Mar-19,28-Mar-19,137.5,17.55,0.45,151.25
NTPC,12-Mar-19,28-Mar-19,140,11.9,0.7,151.25
NTPC,12-Mar-19,28-Mar-19,142.5,12.2,1,151.25
NTPC,12-Mar-19,28-Mar-19,145,7.65,1.45,151.25
NTPC,12-Mar-19,28-Mar-19,147.5,5.65,2.15,151.25
NTPC,12-Mar-19,28-Mar-19,150,4.15,3.05,151.25
NTPC,12-Mar-19,28-Mar-19,152.5,3.05,4.3,151.25
NTPC,12-Mar-19,28-Mar-19,155,2.15,5.9,151.25
NTPC,12-Mar-19,28-Mar-19,157.5,1.55,7.65,151.25
NTPC,12-Mar-19,28-Mar-19,160,1.1,10.8,151.25
NTPC,12-Mar-19,28-Mar-19,162.5,0.75,13.35,151.25
NTPC,12-Mar-19,28-Mar-19,165,0.55,15.55,151.25
NTPC,12-Mar-19,28-Mar-19,167.5,0.8,19.2,151.25
NTPC,12-Mar-19,28-Mar-19,170,0.25,27.6,151.25
NTPC,12-Mar-19,28-Mar-19,172.5,0.4,23.2,151.25
NTPC,12-Mar-19,28-Mar-19,175,1.8,31.5,151.25
NTPC,12-Mar-19,28-Mar-19,177.5,1.5,27.45,151.25
NTPC,12-Mar-19,28-Mar-19,180,0.1,27,151.25
NTPC,12-Mar-19,28-Mar-19,182.5,1.05,31.85,151.25
NTPC,12-Mar-19,28-Mar-19,185,0.85,34.15,151.25
NTPC,12-Mar-19,28-Mar-19,187.5,0.7,36.45,151.25
NTPC,12-Mar-19,28-Mar-19,190,0.55,38.75,151.25
NTPC,12-Mar-19,28-Mar-19,107.5,42.85,0.05,151.25
NTPC,13-Mar-19,28-Mar-19,105,45.3,0.05,148.2
NTPC,13-Mar-19,28-Mar-19,192.5,0.45,41.1,148.2
NTPC,13-Mar-19,28-Mar-19,110,40.45,0.1,148.2
NTPC,13-Mar-19,28-Mar-19,112.5,38,0.5,148.2
NTPC,13-Mar-19,28-Mar-19,115,35.65,0.2,148.2
NTPC,13-Mar-19,28-Mar-19,117.5,33.3,0.3,148.2
NTPC,13-Mar-19,28-Mar-19,120,18.5,0.1,148.2
NTPC,13-Mar-19,28-Mar-19,122.5,28.7,0.6,148.2
NTPC,13-Mar-19,28-Mar-19,125,26.45,0.15,148.2
NTPC,13-Mar-19,28-Mar-19,127.5,24.3,2.5,148.2
NTPC,13-Mar-19,28-Mar-19,130,16.3,0.35,148.2
NTPC,13-Mar-19,28-Mar-19,132.5,16.1,0.25,148.2
NTPC,13-Mar-19,28-Mar-19,135,12,0.6,148.2
NTPC,13-Mar-19,28-Mar-19,137.5,10.9,0.8,148.2
NTPC,13-Mar-19,28-Mar-19,140,8.15,1.15,148.2
NTPC,13-Mar-19,28-Mar-19,142.5,6.1,1.7,148.2
NTPC,13-Mar-19,28-Mar-19,145,4.45,2.55,148.2
NTPC,13-Mar-19,28-Mar-19,147.5,3.4,3.65,148.2
NTPC,13-Mar-19,28-Mar-19,150,2.3,4.9,148.2
NTPC,13-Mar-19,28-Mar-19,152.5,1.55,6.5,148.2
NTPC,13-Mar-19,28-Mar-19,155,1.1,9,148.2
NTPC,13-Mar-19,28-Mar-19,157.5,0.8,11.45,148.2
NTPC,13-Mar-19,28-Mar-19,160,0.55,13.65,148.2
NTPC,13-Mar-19,28-Mar-19,162.5,0.35,13.35,148.2
NTPC,13-Mar-19,28-Mar-19,165,0.35,15.55,148.2
NTPC,13-Mar-19,28-Mar-19,167.5,0.6,19.2,148.2
NTPC,13-Mar-19,28-Mar-19,170,0.15,27.6,148.2
NTPC,13-Mar-19,28-Mar-19,172.5,0.4,23.2,148.2
NTPC,13-Mar-19,28-Mar-19,175,1.8,31.5,148.2
NTPC,13-Mar-19,28-Mar-19,177.5,1.5,27.45,148.2
NTPC,13-Mar-19,28-Mar-19,180,0.1,27,148.2
NTPC,13-Mar-19,28-Mar-19,182.5,1.05,31.85,148.2
NTPC,13-Mar-19,28-Mar-19,185,0.85,34.15,148.2
NTPC,13-Mar-19,28-Mar-19,187.5,0.7,36.45,148.2
NTPC,13-Mar-19,28-Mar-19,190,0.55,38.75,148.2
NTPC,13-Mar-19,28-Mar-19,107.5,42.85,0.05,148.2
NTPC,14-Mar-19,28-Mar-19,105,45.3,0.05,153.65
NTPC,14-Mar-19,28-Mar-19,192.5,0.45,41.1,153.65
NTPC,14-Mar-19,28-Mar-19,110,40.45,0.1,153.65
NTPC,14-Mar-19,28-Mar-19,112.5,38,0.5,153.65
NTPC,14-Mar-19,28-Mar-19,115,35.65,0.2,153.65
NTPC,14-Mar-19,28-Mar-19,117.5,33.3,2,153.65
NTPC,14-Mar-19,28-Mar-19,120,18.5,0.1,153.65
NTPC,14-Mar-19,28-Mar-19,122.5,28.7,0.6,153.65
NTPC,14-Mar-19,28-Mar-19,125,26.45,0.15,153.65
NTPC,14-Mar-19,28-Mar-19,127.5,24.3,2.5,153.65
NTPC,14-Mar-19,28-Mar-19,130,16.3,0.25,153.65
NTPC,14-Mar-19,28-Mar-19,132.5,16.1,0.25,153.65
NTPC,14-Mar-19,28-Mar-19,135,12,0.35,153.65
NTPC,14-Mar-19,28-Mar-19,137.5,14.8,0.4,153.65
NTPC,14-Mar-19,28-Mar-19,140,12.65,0.65,153.65
NTPC,14-Mar-19,28-Mar-19,142.5,6.9,0.9,153.65
NTPC,14-Mar-19,28-Mar-19,145,7.6,1.25,153.65
NTPC,14-Mar-19,28-Mar-19,147.5,6.55,1.8,153.65
NTPC,14-Mar-19,28-Mar-19,150,4.6,2.55,153.65
NTPC,14-Mar-19,28-Mar-19,152.5,3.3,3.6,153.65
NTPC,14-Mar-19,28-Mar-19,155,2.25,5.1,153.65
NTPC,14-Mar-19,28-Mar-19,157.5,1.55,8.15,153.65
NTPC,14-Mar-19,28-Mar-19,160,1,9.8,153.65
NTPC,14-Mar-19,28-Mar-19,162.5,0.7,13.35,153.65
NTPC,14-Mar-19,28-Mar-19,165,0.45,15.55,153.65
NTPC,14-Mar-19,28-Mar-19,167.5,0.6,19.2,153.65
NTPC,14-Mar-19,28-Mar-19,170,0.25,27.6,153.65
NTPC,14-Mar-19,28-Mar-19,172.5,0.4,23.2,153.65
NTPC,14-Mar-19,28-Mar-19,175,1.8,31.5,153.65
NTPC,14-Mar-19,28-Mar-19,177.5,1.5,27.45,153.65
NTPC,14-Mar-19,28-Mar-19,180,0.2,27,153.65
NTPC,14-Mar-19,28-Mar-19,182.5,1.05,31.85,153.65
NTPC,14-Mar-19,28-Mar-19,185,0.85,34.15,153.65
NTPC,14-Mar-19,28-Mar-19,187.5,0.7,36.45,153.65
NTPC,14-Mar-19,28-Mar-19,190,0.55,38.75,153.65
NTPC,14-Mar-19,28-Mar-19,107.5,42.85,0.05,153.65
NTPC,15-Mar-19,28-Mar-19,105,45.3,0.05,158.05
NTPC,15-Mar-19,28-Mar-19,192.5,0.45,41.1,158.05
NTPC,15-Mar-19,28-Mar-19,110,40.45,0.05,158.05
NTPC,15-Mar-19,28-Mar-19,112.5,38,0.5,158.05
NTPC,15-Mar-19,28-Mar-19,115,35.65,0.2,158.05
NTPC,15-Mar-19,28-Mar-19,117.5,33.3,2,158.05
NTPC,15-Mar-19,28-Mar-19,120,18.5,0.1,158.05
NTPC,15-Mar-19,28-Mar-19,122.5,28.7,0.6,158.05
NTPC,15-Mar-19,28-Mar-19,125,26.45,0.15,158.05
NTPC,15-Mar-19,28-Mar-19,127.5,24.3,2.5,158.05
NTPC,15-Mar-19,28-Mar-19,130,22,0.35,158.05
NTPC,15-Mar-19,28-Mar-19,132.5,16.1,0.25,158.05
NTPC,15-Mar-19,28-Mar-19,135,12,0.35,158.05
NTPC,15-Mar-19,28-Mar-19,137.5,14.8,0.45,158.05
NTPC,15-Mar-19,28-Mar-19,140,15.75,0.5,158.05
NTPC,15-Mar-19,28-Mar-19,142.5,6.9,0.6,158.05
NTPC,15-Mar-19,28-Mar-19,145,11.05,0.9,158.05
NTPC,15-Mar-19,28-Mar-19,147.5,8.75,1.25,158.05
NTPC,15-Mar-19,28-Mar-19,150,6.7,1.7,158.05
NTPC,15-Mar-19,28-Mar-19,152.5,5,2.4,158.05
NTPC,15-Mar-19,28-Mar-19,155,3.45,3.35,158.05
NTPC,15-Mar-19,28-Mar-19,157.5,2.4,5,158.05
NTPC,15-Mar-19,28-Mar-19,160,1.55,6.75,158.05
NTPC,15-Mar-19,28-Mar-19,162.5,1,13.35,158.05
NTPC,15-Mar-19,28-Mar-19,165,0.7,15.55,158.05
NTPC,15-Mar-19,28-Mar-19,167.5,0.35,19.2,158.05
NTPC,15-Mar-19,28-Mar-19,170,0.3,27.6,158.05
NTPC,15-Mar-19,28-Mar-19,172.5,0.4,23.2,158.05
NTPC,15-Mar-19,28-Mar-19,175,1.8,31.5,158.05
NTPC,15-Mar-19,28-Mar-19,177.5,1.5,27.45,158.05
NTPC,15-Mar-19,28-Mar-19,180,0.15,27,158.05
NTPC,15-Mar-19,28-Mar-19,182.5,1.05,31.85,158.05
NTPC,15-Mar-19,28-Mar-19,185,0.85,34.15,158.05
NTPC,15-Mar-19,28-Mar-19,187.5,0.7,36.45,158.05
NTPC,15-Mar-19,28-Mar-19,190,0.55,38.75,158.05
NTPC,15-Mar-19,28-Mar-19,107.5,42.85,0.05,158.05
NTPC,18-Mar-19,28-Mar-19,105,45.3,0.05,158.75
NTPC,18-Mar-19,28-Mar-19,107.5,42.85,41.1,158.75
NTPC,18-Mar-19,28-Mar-19,110,40.45,0.05,158.75
NTPC,18-Mar-19,28-Mar-19,112.5,38,0.5,158.75
NTPC,18-Mar-19,28-Mar-19,115,35.65,0.2,158.75
NTPC,18-Mar-19,28-Mar-19,117.5,33.3,0.05,158.75
NTPC,18-Mar-19,28-Mar-19,120,18.5,0.1,158.75
NTPC,18-Mar-19,28-Mar-19,122.5,28.7,0.6,158.75
NTPC,18-Mar-19,28-Mar-19,125,26.45,0.15,158.75
NTPC,18-Mar-19,28-Mar-19,127.5,24.3,2.5,158.75
NTPC,18-Mar-19,28-Mar-19,130,22,0.3,158.75
NTPC,18-Mar-19,28-Mar-19,132.5,16.1,0.3,158.75
NTPC,18-Mar-19,28-Mar-19,135,12,0.35,158.75
NTPC,18-Mar-19,28-Mar-19,137.5,14.8,0.45,158.75
NTPC,18-Mar-19,28-Mar-19,140,15.75,0.6,158.75
NTPC,18-Mar-19,28-Mar-19,142.5,6.9,0.65,158.75
NTPC,18-Mar-19,28-Mar-19,145,11.9,1.05,158.75
NTPC,18-Mar-19,28-Mar-19,147.5,9.6,1.3,158.75
NTPC,18-Mar-19,28-Mar-19,150,7.7,1.65,158.75
NTPC,18-Mar-19,28-Mar-19,152.5,5.5,2.2,158.75
NTPC,18-Mar-19,28-Mar-19,155,4.1,3.05,158.75
NTPC,18-Mar-19,28-Mar-19,157.5,2.8,4.05,158.75
NTPC,18-Mar-19,28-Mar-19,160,1.9,5.4,158.75
NTPC,18-Mar-19,28-Mar-19,162.5,1.2,7.85,158.75
NTPC,18-Mar-19,28-Mar-19,165,0.85,9.05,158.75
NTPC,18-Mar-19,28-Mar-19,167.5,0.35,19.2,158.75
NTPC,18-Mar-19,28-Mar-19,170,0.4,27.6,158.75
NTPC,18-Mar-19,28-Mar-19,172.5,0.4,23.2,158.75
NTPC,18-Mar-19,28-Mar-19,175,1.8,31.5,158.75
NTPC,18-Mar-19,28-Mar-19,177.5,1.5,27.45,158.75
NTPC,18-Mar-19,28-Mar-19,180,0.1,23.45,158.75
NTPC,18-Mar-19,28-Mar-19,182.5,1.05,31.85,158.75
NTPC,18-Mar-19,28-Mar-19,185,0.85,34.15,158.75
NTPC,18-Mar-19,28-Mar-19,187.5,0.7,36.45,158.75
NTPC,18-Mar-19,28-Mar-19,190,0.55,38.75,158.75
NTPC,18-Mar-19,28-Mar-19,192.5,0.45,0.05,158.75
NTPC,19-Mar-19,28-Mar-19,87.5,45.3,0.05,134.9
NTPC,19-Mar-19,28-Mar-19,160.4,0.45,41.1,134.9
NTPC,19-Mar-19,28-Mar-19,91.65,40.45,0.05,134.9
NTPC,19-Mar-19,28-Mar-19,93.75,38,0.5,134.9
NTPC,19-Mar-19,28-Mar-19,95.85,35.65,0.2,134.9
NTPC,19-Mar-19,28-Mar-19,97.9,33.3,0.05,134.9
NTPC,19-Mar-19,28-Mar-19,100,18.5,0.1,134.9
NTPC,19-Mar-19,28-Mar-19,102.1,28.7,0.6,134.9
NTPC,19-Mar-19,28-Mar-19,104.15,26.45,0.1,134.9
NTPC,19-Mar-19,28-Mar-19,106.25,24.3,2.5,134.9
NTPC,19-Mar-19,28-Mar-19,108.35,22,0.1,134.9
NTPC,19-Mar-19,28-Mar-19,110.4,16.1,0.1,134.9
NTPC,19-Mar-19,28-Mar-19,112.5,20.55,0.15,134.9
NTPC,19-Mar-19,28-Mar-19,114.6,14.8,0.25,134.9
NTPC,19-Mar-19,28-Mar-19,116.65,18,0.3,134.9
NTPC,19-Mar-19,28-Mar-19,118.75,13,0.3,134.9
NTPC,19-Mar-19,28-Mar-19,120.85,13.5,0.45,134.9
NTPC,19-Mar-19,28-Mar-19,122.9,8.55,0.6,134.9
NTPC,19-Mar-19,28-Mar-19,125,11.25,0.7,134.9
NTPC,19-Mar-19,28-Mar-19,127.1,7.5,0.95,134.9
NTPC,19-Mar-19,28-Mar-19,129.15,4.8,1.35,134.9
NTPC,19-Mar-19,28-Mar-19,131.25,3.65,2,134.9
NTPC,19-Mar-19,28-Mar-19,133.35,2.55,2.95,134.9
NTPC,19-Mar-19,28-Mar-19,135.4,1.8,4.15,134.9
NTPC,19-Mar-19,28-Mar-19,137.5,1.25,5.9,134.9
NTPC,19-Mar-19,28-Mar-19,139.6,0.9,7.25,134.9
NTPC,19-Mar-19,28-Mar-19,141.65,0.7,9.1,134.9
NTPC,19-Mar-19,28-Mar-19,143.75,0.5,23.2,134.9
NTPC,19-Mar-19,28-Mar-19,145.85,0.45,31.5,134.9
NTPC,19-Mar-19,28-Mar-19,147.9,1.5,27.45,134.9
NTPC,19-Mar-19,28-Mar-19,150,0.3,19.15,134.9
NTPC,19-Mar-19,28-Mar-19,152.1,0.4,31.85,134.9
NTPC,19-Mar-19,28-Mar-19,154.15,0.85,34.15,134.9
NTPC,19-Mar-19,28-Mar-19,156.25,0.7,36.45,134.9
NTPC,19-Mar-19,28-Mar-19,158.35,0.55,38.75,134.9
NTPC,19-Mar-19,28-Mar-19,89.6,42.85,0.05,134.9
NTPC,20-Mar-19,28-Mar-19,87.5,45.3,0.05,129.25
NTPC,20-Mar-19,28-Mar-19,160.4,0.45,41.1,129.25
NTPC,20-Mar-19,28-Mar-19,91.65,40.45,0.05,129.25
NTPC,20-Mar-19,28-Mar-19,93.75,38,0.5,129.25
NTPC,20-Mar-19,28-Mar-19,95.85,35.65,0.2,129.25
NTPC,20-Mar-19,28-Mar-19,97.9,33.3,0.05,129.25
NTPC,20-Mar-19,28-Mar-19,100,18.5,0.05,129.25
NTPC,20-Mar-19,28-Mar-19,102.1,28.7,0.6,129.25
NTPC,20-Mar-19,28-Mar-19,104.15,26.45,0.05,129.25
NTPC,20-Mar-19,28-Mar-19,106.25,24.3,2.5,129.25
NTPC,20-Mar-19,28-Mar-19,108.35,22,0.1,129.25
NTPC,20-Mar-19,28-Mar-19,110,25.1,0.05,129.25
NTPC,20-Mar-19,28-Mar-19,110.4,16.1,0.1,129.25
NTPC,20-Mar-19,28-Mar-19,112.5,16,0.1,129.25
NTPC,20-Mar-19,28-Mar-19,114.6,13.75,0.3,129.25
NTPC,20-Mar-19,28-Mar-19,115,20.15,0.1,129.25
NTPC,20-Mar-19,28-Mar-19,116.65,11.9,0.3,129.25
NTPC,20-Mar-19,28-Mar-19,117.5,17.65,0.05,129.25
NTPC,20-Mar-19,28-Mar-19,118.75,13,0.45,129.25
NTPC,20-Mar-19,28-Mar-19,120,15.2,0.1,129.25
NTPC,20-Mar-19,28-Mar-19,120.85,7.55,0.65,129.25
NTPC,20-Mar-19,28-Mar-19,122.5,12.8,0.15,129.25
NTPC,20-Mar-19,28-Mar-19,122.9,8.8,0.9,129.25
NTPC,20-Mar-19,28-Mar-19,125,4.2,1.3,129.25
NTPC,20-Mar-19,28-Mar-19,127.1,2.95,2.1,129.25
NTPC,20-Mar-19,28-Mar-19,127.5,8.3,1.5,129.25
NTPC,20-Mar-19,28-Mar-19,129.15,2.15,3.1,129.25
NTPC,20-Mar-19,28-Mar-19,130,1.85,3.65,129.25
NTPC,20-Mar-19,28-Mar-19,131.25,1.4,4.1,129.25
NTPC,20-Mar-19,28-Mar-19,132.5,1.15,5.5,129.25
NTPC,20-Mar-19,28-Mar-19,133.35,1,6.2,129.25
NTPC,20-Mar-19,28-Mar-19,135,0.7,8.3,129.25
NTPC,20-Mar-19,28-Mar-19,135.4,0.7,7.85,129.25
NTPC,20-Mar-19,28-Mar-19,137.5,0.5,9.8,129.25
NTPC,20-Mar-19,28-Mar-19,139.6,0.4,12.6,129.25
NTPC,20-Mar-19,28-Mar-19,140,0.35,6.25,129.25
NTPC,20-Mar-19,28-Mar-19,141.65,0.35,11.15,129.25
NTPC,20-Mar-19,28-Mar-19,142.5,0.85,8.2,129.25
NTPC,20-Mar-19,28-Mar-19,143.75,0.25,23.2,129.25
NTPC,20-Mar-19,28-Mar-19,145,0.5,10.35,129.25
NTPC,20-Mar-19,28-Mar-19,145.85,0.2,31.5,129.25
NTPC,20-Mar-19,28-Mar-19,147.5,0.3,12.6,129.25
NTPC,20-Mar-19,28-Mar-19,147.9,1.5,27.45,129.25
NTPC,20-Mar-19,28-Mar-19,150,0.15,19.35,129.25
NTPC,20-Mar-19,28-Mar-19,152.1,0.1,31.85,129.25
NTPC,20-Mar-19,28-Mar-19,152.5,0.1,17.4,129.25
NTPC,20-Mar-19,28-Mar-19,154.15,0.85,34.15,129.25
NTPC,20-Mar-19,28-Mar-19,155,0.5,19.85,129.25
NTPC,20-Mar-19,28-Mar-19,156.25,0.7,36.45,129.25
NTPC,20-Mar-19,28-Mar-19,157.5,0.05,22.35,129.25
NTPC,20-Mar-19,28-Mar-19,158.35,0.55,38.75,129.25
NTPC,20-Mar-19,28-Mar-19,160,0.05,24.85,129.25
NTPC,20-Mar-19,28-Mar-19,89.6,42.85,0.05,129.25
NTPC,22-Mar-19,28-Mar-19,87.5,45.3,0.05,134.65
NTPC,22-Mar-19,28-Mar-19,160.4,0.45,41.1,134.65
NTPC,22-Mar-19,28-Mar-19,91.65,40.45,0.05,134.65
NTPC,22-Mar-19,28-Mar-19,93.75,38,0.5,134.65
NTPC,22-Mar-19,28-Mar-19,95.85,35.65,0.2,134.65
NTPC,22-Mar-19,28-Mar-19,97.9,33.3,0.05,134.65
NTPC,22-Mar-19,28-Mar-19,100,18.5,0.05,134.65
NTPC,22-Mar-19,28-Mar-19,102.1,28.7,0.6,134.65
NTPC,22-Mar-19,28-Mar-19,104.15,26.45,0.05,134.65
NTPC,22-Mar-19,28-Mar-19,105,30.1,0.05,134.65
NTPC,22-Mar-19,28-Mar-19,106.25,24.3,2.5,134.65
NTPC,22-Mar-19,28-Mar-19,107.5,27.6,3,134.65
NTPC,22-Mar-19,28-Mar-19,108.35,22,0.05,134.65
NTPC,22-Mar-19,28-Mar-19,110,25.1,0.05,134.65
NTPC,22-Mar-19,28-Mar-19,110.4,16.1,0.1,134.65
NTPC,22-Mar-19,28-Mar-19,112.5,16,0.05,134.65
NTPC,22-Mar-19,28-Mar-19,114.6,13.75,0.3,134.65
NTPC,22-Mar-19,28-Mar-19,115,20.15,0.1,134.65
NTPC,22-Mar-19,28-Mar-19,116.65,16.4,0.1,134.65
NTPC,22-Mar-19,28-Mar-19,117.5,17.65,0.05,134.65
NTPC,22-Mar-19,28-Mar-19,118.75,12.2,0.15,134.65
NTPC,22-Mar-19,28-Mar-19,120,15.2,0.1,134.65
NTPC,22-Mar-19,28-Mar-19,120.85,12.2,0.2,134.65
NTPC,22-Mar-19,28-Mar-19,122.5,12.8,0.15,134.65
NTPC,22-Mar-19,28-Mar-19,122.9,9.95,0.25,134.65
NTPC,22-Mar-19,28-Mar-19,125,7.75,0.3,134.65
NTPC,22-Mar-19,28-Mar-19,127.1,6.7,0.45,134.65
NTPC,22-Mar-19,28-Mar-19,127.5,8.3,1.5,134.65
NTPC,22-Mar-19,28-Mar-19,129.15,4.7,0.8,134.65
NTPC,22-Mar-19,28-Mar-19,130,4.15,1.05,134.65
NTPC,22-Mar-19,28-Mar-19,131.25,3.15,1.4,134.65
NTPC,22-Mar-19,28-Mar-19,132.5,2.4,1.95,134.65
NTPC,22-Mar-19,28-Mar-19,133.35,2,2.35,134.65
NTPC,22-Mar-19,28-Mar-19,135,1.5,3.55,134.65
NTPC,22-Mar-19,28-Mar-19,135.4,1.35,3.2,134.65
NTPC,22-Mar-19,28-Mar-19,137.5,0.75,5.2,134.65
NTPC,22-Mar-19,28-Mar-19,139.6,0.45,6.7,134.65
NTPC,22-Mar-19,28-Mar-19,140,0.45,6.25,134.65
NTPC,22-Mar-19,28-Mar-19,141.65,0.35,9.15,134.65
NTPC,22-Mar-19,28-Mar-19,142.5,0.85,8.2,134.65
NTPC,22-Mar-19,28-Mar-19,143.75,0.15,23.2,134.65
NTPC,22-Mar-19,28-Mar-19,145,0.5,10.35,134.65
NTPC,22-Mar-19,28-Mar-19,145.85,0.15,14,134.65
NTPC,22-Mar-19,28-Mar-19,147.5,0.3,12.6,134.65
NTPC,22-Mar-19,28-Mar-19,147.9,1.5,27.45,134.65
NTPC,22-Mar-19,28-Mar-19,150,0.05,19.35,134.65
NTPC,22-Mar-19,28-Mar-19,152.1,0.1,31.85,134.65
NTPC,22-Mar-19,28-Mar-19,152.5,0.1,17.4,134.65
NTPC,22-Mar-19,28-Mar-19,154.15,0.85,34.15,134.65
NTPC,22-Mar-19,28-Mar-19,155,0.5,19.85,134.65
NTPC,22-Mar-19,28-Mar-19,156.25,0.7,36.45,134.65
NTPC,22-Mar-19,28-Mar-19,157.5,0.05,22.35,134.65
NTPC,22-Mar-19,28-Mar-19,158.35,0.55,38.75,134.65
NTPC,22-Mar-19,28-Mar-19,160,0.05,24.85,134.65
NTPC,22-Mar-19,28-Mar-19,89.6,42.85,0.05,134.65
NTPC,25-Mar-19,28-Mar-19,87.5,45.3,0.05,135.35
NTPC,25-Mar-19,28-Mar-19,160.4,0.45,41.1,135.35
NTPC,25-Mar-19,28-Mar-19,91.65,40.45,0.05,135.35
NTPC,25-Mar-19,28-Mar-19,93.75,38,0.5,135.35
NTPC,25-Mar-19,28-Mar-19,95.85,35.65,0.2,135.35
NTPC,25-Mar-19,28-Mar-19,97.9,33.3,0.05,135.35
NTPC,25-Mar-19,28-Mar-19,100,18.5,0.05,135.35
NTPC,25-Mar-19,28-Mar-19,102.1,28.7,0.6,135.35
NTPC,25-Mar-19,28-Mar-19,104.15,26.45,0.05,135.35
NTPC,25-Mar-19,28-Mar-19,105,30.1,0.05,135.35
NTPC,25-Mar-19,28-Mar-19,106.25,24.3,2.5,135.35
NTPC,25-Mar-19,28-Mar-19,107.5,27.6,0.05,135.35
NTPC,25-Mar-19,28-Mar-19,108.35,22,0.05,135.35
NTPC,25-Mar-19,28-Mar-19,110,25.1,0.05,135.35
NTPC,25-Mar-19,28-Mar-19,110.4,16.1,0.1,135.35
NTPC,25-Mar-19,28-Mar-19,112.5,24.35,0.05,135.35
NTPC,25-Mar-19,28-Mar-19,114.6,13.75,0.1,135.35
NTPC,25-Mar-19,28-Mar-19,115,20.15,0.1,135.35
NTPC,25-Mar-19,28-Mar-19,116.65,19.3,0.1,135.35
NTPC,25-Mar-19,28-Mar-19,117.5,17.65,0.05,135.35
NTPC,25-Mar-19,28-Mar-19,118.75,17,0.1,135.35
NTPC,25-Mar-19,28-Mar-19,120,15.2,0.1,135.35
NTPC,25-Mar-19,28-Mar-19,120.85,15.25,0.1,135.35
NTPC,25-Mar-19,28-Mar-19,122.5,12.8,0.15,135.35
NTPC,25-Mar-19,28-Mar-19,122.9,13.6,0.1,135.35
NTPC,25-Mar-19,28-Mar-19,125,11.5,0.15,135.35
NTPC,25-Mar-19,28-Mar-19,127.1,8.05,0.2,135.35
NTPC,25-Mar-19,28-Mar-19,127.5,8.3,0.2,135.35
NTPC,25-Mar-19,28-Mar-19,129.15,6.6,0.25,135.35
NTPC,25-Mar-19,28-Mar-19,130,6.6,0.4,135.35
NTPC,25-Mar-19,28-Mar-19,131.25,4.2,0.6,135.35
NTPC,25-Mar-19,28-Mar-19,132.5,4.1,0.8,135.35
NTPC,25-Mar-19,28-Mar-19,133.35,2.85,1.1,135.35
NTPC,25-Mar-19,28-Mar-19,135,2.15,1.75,135.35
NTPC,25-Mar-19,28-Mar-19,135.4,1.95,1.85,135.35
NTPC,25-Mar-19,28-Mar-19,137.5,1.1,3.45,135.35
NTPC,25-Mar-19,28-Mar-19,139.6,0.6,4.75,135.35
NTPC,25-Mar-19,28-Mar-19,140,0.55,4.4,135.35
NTPC,25-Mar-19,28-Mar-19,141.65,0.4,5.9,135.35
NTPC,25-Mar-19,28-Mar-19,142.5,0.85,8.2,135.35
NTPC,25-Mar-19,28-Mar-19,143.75,0.25,23.2,135.35
NTPC,25-Mar-19,28-Mar-19,145,0.3,10.35,135.35
NTPC,25-Mar-19,28-Mar-19,145.85,0.2,9.4,135.35
NTPC,25-Mar-19,28-Mar-19,147.5,0.3,12.6,135.35
NTPC,25-Mar-19,28-Mar-19,147.9,1.5,27.45,135.35
NTPC,25-Mar-19,28-Mar-19,150,0.1,19.35,135.35
NTPC,25-Mar-19,28-Mar-19,152.1,0.1,31.85,135.35
NTPC,25-Mar-19,28-Mar-19,152.5,0.1,17.4,135.35
NTPC,25-Mar-19,28-Mar-19,154.15,0.85,34.15,135.35
NTPC,25-Mar-19,28-Mar-19,155,0.5,19.85,135.35
NTPC,25-Mar-19,28-Mar-19,156.25,0.7,36.45,135.35
NTPC,25-Mar-19,28-Mar-19,157.5,0.05,22.35,135.35
NTPC,25-Mar-19,28-Mar-19,158.35,0.55,38.75,135.35
NTPC,25-Mar-19,28-Mar-19,160,0.05,24.85,135.35
NTPC,25-Mar-19,28-Mar-19,89.6,42.85,0.05,135.35
NTPC,26-Mar-19,28-Mar-19,87.5,45.3,0.05,140.8
NTPC,26-Mar-19,28-Mar-19,160.4,0.45,41.1,140.8
NTPC,26-Mar-19,28-Mar-19,91.65,40.45,0.05,140.8
NTPC,26-Mar-19,28-Mar-19,93.75,38,0.5,140.8
NTPC,26-Mar-19,28-Mar-19,95.85,35.65,0.2,140.8
NTPC,26-Mar-19,28-Mar-19,97.9,33.3,0.05,140.8
NTPC,26-Mar-19,28-Mar-19,100,18.5,0.05,140.8
NTPC,26-Mar-19,28-Mar-19,102.1,28.7,0.6,140.8
NTPC,26-Mar-19,28-Mar-19,104.15,26.45,0.05,140.8
NTPC,26-Mar-19,28-Mar-19,105,30.1,0.05,140.8
NTPC,26-Mar-19,28-Mar-19,106.25,24.3,0.05,140.8
NTPC,26-Mar-19,28-Mar-19,107.5,27.6,0.05,140.8
NTPC,26-Mar-19,28-Mar-19,108.35,22,0.05,140.8
NTPC,26-Mar-19,28-Mar-19,110,25.1,0.05,140.8
NTPC,26-Mar-19,28-Mar-19,110.4,16.1,0.05,140.8
NTPC,26-Mar-19,28-Mar-19,112.5,24.8,0.05,140.8
NTPC,26-Mar-19,28-Mar-19,114.6,13.75,0.05,140.8
NTPC,26-Mar-19,28-Mar-19,115,20.15,0.05,140.8
NTPC,26-Mar-19,28-Mar-19,116.65,19.3,0.05,140.8
NTPC,26-Mar-19,28-Mar-19,117.5,17.65,0.05,140.8
NTPC,26-Mar-19,28-Mar-19,118.75,17,0.05,140.8
NTPC,26-Mar-19,28-Mar-19,120,15.2,0.1,140.8
NTPC,26-Mar-19,28-Mar-19,120.85,15.25,0.1,140.8
NTPC,26-Mar-19,28-Mar-19,122.5,12.8,0.15,140.8
NTPC,26-Mar-19,28-Mar-19,122.9,13.6,0.05,140.8
NTPC,26-Mar-19,28-Mar-19,125,14.95,0.1,140.8
NTPC,26-Mar-19,28-Mar-19,127.1,12.7,0.1,140.8
NTPC,26-Mar-19,28-Mar-19,127.5,8.3,0.15,140.8
NTPC,26-Mar-19,28-Mar-19,129.15,10.75,0.15,140.8
NTPC,26-Mar-19,28-Mar-19,130,9,0.15,140.8
NTPC,26-Mar-19,28-Mar-19,131.25,8.25,0.15,140.8
NTPC,26-Mar-19,28-Mar-19,132.5,7.4,0.2,140.8
NTPC,26-Mar-19,28-Mar-19,133.35,6.75,0.25,140.8
NTPC,26-Mar-19,28-Mar-19,135,5.6,0.4,140.8
NTPC,26-Mar-19,28-Mar-19,135.4,4.65,0.45,140.8
NTPC,26-Mar-19,28-Mar-19,137.5,3.15,0.8,140.8
NTPC,26-Mar-19,28-Mar-19,139.6,1.7,1.45,140.8
NTPC,26-Mar-19,28-Mar-19,140,1.6,1.55,140.8
NTPC,26-Mar-19,28-Mar-19,141.65,0.95,2.65,140.8
NTPC,26-Mar-19,28-Mar-19,142.5,0.8,8.2,140.8
NTPC,26-Mar-19,28-Mar-19,143.75,0.55,23.2,140.8
NTPC,26-Mar-19,28-Mar-19,145,0.45,10.35,140.8
NTPC,26-Mar-19,28-Mar-19,145.85,0.3,9.4,140.8
NTPC,26-Mar-19,28-Mar-19,147.5,0.3,12.6,140.8
NTPC,26-Mar-19,28-Mar-19,147.9,1.5,27.45,140.8
NTPC,26-Mar-19,28-Mar-19,150,0.1,19.35,140.8
NTPC,26-Mar-19,28-Mar-19,152.1,0.1,31.85,140.8
NTPC,26-Mar-19,28-Mar-19,152.5,0.1,17.4,140.8
NTPC,26-Mar-19,28-Mar-19,154.15,0.85,34.15,140.8
NTPC,26-Mar-19,28-Mar-19,155,0.5,19.85,140.8
NTPC,26-Mar-19,28-Mar-19,156.25,0.7,36.45,140.8
NTPC,26-Mar-19,28-Mar-19,157.5,0.05,22.35,140.8
NTPC,26-Mar-19,28-Mar-19,158.35,0.55,38.75,140.8
NTPC,26-Mar-19,28-Mar-19,160,0.05,24.85,140.8
NTPC,26-Mar-19,28-Mar-19,89.6,42.85,0.05,140.8
NTPC,27-Mar-19,28-Mar-19,87.5,45.3,0.05,137
NTPC,27-Mar-19,28-Mar-19,165,0.05,29.85,137
NTPC,27-Mar-19,28-Mar-19,91.65,40.45,0.05,137
NTPC,27-Mar-19,28-Mar-19,93.75,38,0.5,137
NTPC,27-Mar-19,28-Mar-19,95.85,35.65,0.2,137
NTPC,27-Mar-19,28-Mar-19,97.9,33.3,0.05,137
NTPC,27-Mar-19,28-Mar-19,100,18.5,0.05,137
NTPC,27-Mar-19,28-Mar-19,102.1,28.7,0.6,137
NTPC,27-Mar-19,28-Mar-19,104.15,26.45,0.05,137
NTPC,27-Mar-19,28-Mar-19,105,30.1,0.05,137
NTPC,27-Mar-19,28-Mar-19,106.25,24.3,0.05,137
NTPC,27-Mar-19,28-Mar-19,107.5,27.6,0.05,137
NTPC,27-Mar-19,28-Mar-19,108.35,28.65,0.2,137
NTPC,27-Mar-19,28-Mar-19,110,25.1,0.05,137
NTPC,27-Mar-19,28-Mar-19,110.4,16.1,0.05,137
NTPC,27-Mar-19,28-Mar-19,112.5,25.75,0.05,137
NTPC,27-Mar-19,28-Mar-19,114.6,13.75,0.05,137
NTPC,27-Mar-19,28-Mar-19,115,20.15,0.05,137
NTPC,27-Mar-19,28-Mar-19,116.65,21.2,0.05,137
NTPC,27-Mar-19,28-Mar-19,117.5,17.65,0.05,137
NTPC,27-Mar-19,28-Mar-19,118.75,17,0.05,137
NTPC,27-Mar-19,28-Mar-19,120,15.2,0.1,137
NTPC,27-Mar-19,28-Mar-19,120.85,18.2,0.1,137
NTPC,27-Mar-19,28-Mar-19,122.5,12.8,0.15,137
NTPC,27-Mar-19,28-Mar-19,122.9,17,0.05,137
NTPC,27-Mar-19,28-Mar-19,125,11.95,0.05,137
NTPC,27-Mar-19,28-Mar-19,127.1,10.3,0.1,137
NTPC,27-Mar-19,28-Mar-19,127.5,8.3,0.15,137
NTPC,27-Mar-19,28-Mar-19,129.15,7.5,0.1,137
NTPC,27-Mar-19,28-Mar-19,130,7.5,0.1,137
NTPC,27-Mar-19,28-Mar-19,131.25,8,0.1,137
NTPC,27-Mar-19,28-Mar-19,132.5,4.5,0.2,137
NTPC,27-Mar-19,28-Mar-19,133.35,3.65,0.3,137
NTPC,27-Mar-19,28-Mar-19,135,2.25,0.5,137
NTPC,27-Mar-19,28-Mar-19,135.4,1.95,0.65,137
NTPC,27-Mar-19,28-Mar-19,137.5,0.9,1.55,137
NTPC,27-Mar-19,28-Mar-19,139.6,0.35,3.15,137
NTPC,27-Mar-19,28-Mar-19,140,0.35,3.3,137
NTPC,27-Mar-19,28-Mar-19,141.65,0.2,3.75,137
NTPC,27-Mar-19,28-Mar-19,142.5,0.2,8.2,137
NTPC,27-Mar-19,28-Mar-19,143.75,0.1,23.2,137
NTPC,27-Mar-19,28-Mar-19,145,0.1,10.35,137
NTPC,27-Mar-19,28-Mar-19,145.85,0.1,9.4,137
NTPC,27-Mar-19,28-Mar-19,147.5,0.3,12.6,137
NTPC,27-Mar-19,28-Mar-19,147.9,0.1,27.45,137
NTPC,27-Mar-19,28-Mar-19,150,0.05,19.35,137
NTPC,27-Mar-19,28-Mar-19,152.1,0.1,31.85,137
NTPC,27-Mar-19,28-Mar-19,152.5,0.1,17.4,137
NTPC,27-Mar-19,28-Mar-19,154.15,0.85,34.15,137
NTPC,27-Mar-19,28-Mar-19,155,0.5,19.85,137
NTPC,27-Mar-19,28-Mar-19,156.25,0.7,36.45,137
NTPC,27-Mar-19,28-Mar-19,157.5,0.05,22.35,137
NTPC,27-Mar-19,28-Mar-19,158.35,0.55,38.75,137
NTPC,27-Mar-19,28-Mar-19,160,0.05,24.85,137
NTPC,27-Mar-19,28-Mar-19,160.4,0.45,41.1,137
NTPC,27-Mar-19,28-Mar-19,162.5,0.4,43.5,137
NTPC,27-Mar-19,28-Mar-19,89.6,42.85,0.05,137
HCLTECH,1-Mar-19,28-Mar-19,740,228.2,5.75,1052.6
HCLTECH,1-Mar-19,28-Mar-19,1280,6.45,314.05,1052.6
HCLTECH,1-Mar-19,28-Mar-19,780,193.75,10.55,1052.6
HCLTECH,1-Mar-19,28-Mar-19,800,177.4,13.85,1052.6
HCLTECH,1-Mar-19,28-Mar-19,820,161.7,17.8,1052.6
HCLTECH,1-Mar-19,28-Mar-19,840,146.85,22.55,1052.6
HCLTECH,1-Mar-19,28-Mar-19,860,132.7,28.05,1052.6
HCLTECH,1-Mar-19,28-Mar-19,880,119.35,34.35,1052.6
HCLTECH,1-Mar-19,28-Mar-19,900,162.1,41.55,1052.6
HCLTECH,1-Mar-19,28-Mar-19,920,95.4,49.65,1052.6
HCLTECH,1-Mar-19,28-Mar-19,940,84.75,2.2,1052.6
HCLTECH,1-Mar-19,28-Mar-19,960,103.9,68.45,1052.6
HCLTECH,1-Mar-19,28-Mar-19,980,76,4.5,1052.6
HCLTECH,1-Mar-19,28-Mar-19,1000,68,7.15,1052.6
HCLTECH,1-Mar-19,28-Mar-19,1020,53,11.4,1052.6
HCLTECH,1-Mar-19,28-Mar-19,1040,37,17.1,1052.6
HCLTECH,1-Mar-19,28-Mar-19,1060,25.95,25.2,1052.6
HCLTECH,1-Mar-19,28-Mar-19,1080,17.15,36.85,1052.6
HCLTECH,1-Mar-19,28-Mar-19,1100,11.45,57.45,1052.6
HCLTECH,1-Mar-19,28-Mar-19,1120,7.05,64.85,1052.6
HCLTECH,1-Mar-19,28-Mar-19,1140,4.1,191.1,1052.6
HCLTECH,1-Mar-19,28-Mar-19,1160,2.75,207.65,1052.6
HCLTECH,1-Mar-19,28-Mar-19,1180,15.15,224.6,1052.6
HCLTECH,1-Mar-19,28-Mar-19,1200,1.15,241.95,1052.6
HCLTECH,1-Mar-19,28-Mar-19,1220,10.85,259.55,1052.6
HCLTECH,1-Mar-19,28-Mar-19,1240,9.15,277.5,1052.6
HCLTECH,1-Mar-19,28-Mar-19,1260,7.7,295.65,1052.6
HCLTECH,1-Mar-19,28-Mar-19,760,210.7,7.9,1052.6
HCLTECH,5-Mar-19,28-Mar-19,740,228.2,5.75,1052.55
HCLTECH,5-Mar-19,28-Mar-19,1280,6.45,314.05,1052.55
HCLTECH,5-Mar-19,28-Mar-19,780,193.75,10.55,1052.55
HCLTECH,5-Mar-19,28-Mar-19,800,177.4,13.85,1052.55
HCLTECH,5-Mar-19,28-Mar-19,820,161.7,17.8,1052.55
HCLTECH,5-Mar-19,28-Mar-19,840,146.85,22.55,1052.55
HCLTECH,5-Mar-19,28-Mar-19,860,132.7,28.05,1052.55
HCLTECH,5-Mar-19,28-Mar-19,880,119.35,34.35,1052.55
HCLTECH,5-Mar-19,28-Mar-19,900,162.1,41.55,1052.55
HCLTECH,5-Mar-19,28-Mar-19,920,95.4,49.65,1052.55
HCLTECH,5-Mar-19,28-Mar-19,940,84.75,2.2,1052.55
HCLTECH,5-Mar-19,28-Mar-19,960,103.9,68.45,1052.55
HCLTECH,5-Mar-19,28-Mar-19,980,76,3.95,1052.55
HCLTECH,5-Mar-19,28-Mar-19,1000,61,6.5,1052.55
HCLTECH,5-Mar-19,28-Mar-19,1020,53,10.65,1052.55
HCLTECH,5-Mar-19,28-Mar-19,1040,33,16.7,1052.55
HCLTECH,5-Mar-19,28-Mar-19,1060,22.7,25.7,1052.55
HCLTECH,5-Mar-19,28-Mar-19,1080,14.6,39.2,1052.55
HCLTECH,5-Mar-19,28-Mar-19,1100,9,53.4,1052.55
HCLTECH,5-Mar-19,28-Mar-19,1120,5.55,64.85,1052.55
HCLTECH,5-Mar-19,28-Mar-19,1140,3.4,191.1,1052.55
HCLTECH,5-Mar-19,28-Mar-19,1160,2.1,207.65,1052.55
HCLTECH,5-Mar-19,28-Mar-19,1180,15.15,224.6,1052.55
HCLTECH,5-Mar-19,28-Mar-19,1200,1.15,241.95,1052.55
HCLTECH,5-Mar-19,28-Mar-19,1220,10.85,259.55,1052.55
HCLTECH,5-Mar-19,28-Mar-19,1240,9.15,277.5,1052.55
HCLTECH,5-Mar-19,28-Mar-19,1260,7.7,295.65,1052.55
HCLTECH,5-Mar-19,28-Mar-19,760,210.7,7.9,1052.55
HCLTECH,6-Mar-19,28-Mar-19,740,228.2,5.75,1043.25
HCLTECH,6-Mar-19,28-Mar-19,1280,6.45,314.05,1043.25
HCLTECH,6-Mar-19,28-Mar-19,780,193.75,10.55,1043.25
HCLTECH,6-Mar-19,28-Mar-19,800,177.4,13.85,1043.25
HCLTECH,6-Mar-19,28-Mar-19,820,161.7,17.8,1043.25
HCLTECH,6-Mar-19,28-Mar-19,840,146.85,22.55,1043.25
HCLTECH,6-Mar-19,28-Mar-19,860,132.7,28.05,1043.25
HCLTECH,6-Mar-19,28-Mar-19,880,119.35,34.35,1043.25
HCLTECH,6-Mar-19,28-Mar-19,900,162.1,41.55,1043.25
HCLTECH,6-Mar-19,28-Mar-19,920,95.4,49.65,1043.25
HCLTECH,6-Mar-19,28-Mar-19,940,84.75,2.2,1043.25
HCLTECH,6-Mar-19,28-Mar-19,960,102,2.8,1043.25
HCLTECH,6-Mar-19,28-Mar-19,980,73.5,5.05,1043.25
HCLTECH,6-Mar-19,28-Mar-19,1000,57,8.4,1043.25
HCLTECH,6-Mar-19,28-Mar-19,1020,53,13.65,1043.25
HCLTECH,6-Mar-19,28-Mar-19,1040,31.45,21.05,1043.25
HCLTECH,6-Mar-19,28-Mar-19,1060,21.15,31.15,1043.25
HCLTECH,6-Mar-19,28-Mar-19,1080,14.1,43.05,1043.25
HCLTECH,6-Mar-19,28-Mar-19,1100,9.25,56,1043.25
HCLTECH,6-Mar-19,28-Mar-19,1120,6.25,64.85,1043.25
HCLTECH,6-Mar-19,28-Mar-19,1140,3.8,191.1,1043.25
HCLTECH,6-Mar-19,28-Mar-19,1160,2.75,207.65,1043.25
HCLTECH,6-Mar-19,28-Mar-19,1180,1.6,224.6,1043.25
HCLTECH,6-Mar-19,28-Mar-19,1200,1.15,241.95,1043.25
HCLTECH,6-Mar-19,28-Mar-19,1220,10.85,259.55,1043.25
HCLTECH,6-Mar-19,28-Mar-19,1240,9.15,277.5,1043.25
HCLTECH,6-Mar-19,28-Mar-19,1260,7.7,295.65,1043.25
HCLTECH,6-Mar-19,28-Mar-19,760,210.7,7.9,1043.25
HCLTECH,7-Mar-19,28-Mar-19,740,228.2,5.75,1034.55
HCLTECH,7-Mar-19,28-Mar-19,1280,6.45,314.05,1034.55
HCLTECH,7-Mar-19,28-Mar-19,780,193.75,10.55,1034.55
HCLTECH,7-Mar-19,28-Mar-19,800,177.4,13.85,1034.55
HCLTECH,7-Mar-19,28-Mar-19,820,161.7,17.8,1034.55
HCLTECH,7-Mar-19,28-Mar-19,840,146.85,22.55,1034.55
HCLTECH,7-Mar-19,28-Mar-19,860,132.7,28.05,1034.55
HCLTECH,7-Mar-19,28-Mar-19,880,119.35,34.35,1034.55
HCLTECH,7-Mar-19,28-Mar-19,900,162.1,41.55,1034.55
HCLTECH,7-Mar-19,28-Mar-19,920,95.4,49.65,1034.55
HCLTECH,7-Mar-19,28-Mar-19,940,84.75,2.2,1034.55
HCLTECH,7-Mar-19,28-Mar-19,960,102,2.8,1034.55
HCLTECH,7-Mar-19,28-Mar-19,980,73.5,6.4,1034.55
HCLTECH,7-Mar-19,28-Mar-19,1000,52,10.05,1034.55
HCLTECH,7-Mar-19,28-Mar-19,1020,37.1,15.75,1034.55
HCLTECH,7-Mar-19,28-Mar-19,1040,25.5,24.4,1034.55
HCLTECH,7-Mar-19,28-Mar-19,1060,16.85,35.7,1034.55
HCLTECH,7-Mar-19,28-Mar-19,1080,10.75,49.35,1034.55
HCLTECH,7-Mar-19,28-Mar-19,1100,7.05,62.85,1034.55
HCLTECH,7-Mar-19,28-Mar-19,1120,4.55,64.85,1034.55
HCLTECH,7-Mar-19,28-Mar-19,1140,2.9,191.1,1034.55
HCLTECH,7-Mar-19,28-Mar-19,1160,1.95,207.65,1034.55
HCLTECH,7-Mar-19,28-Mar-19,1180,1.6,224.6,1034.55
HCLTECH,7-Mar-19,28-Mar-19,1200,1.15,241.95,1034.55
HCLTECH,7-Mar-19,28-Mar-19,1220,10.85,259.55,1034.55
HCLTECH,7-Mar-19,28-Mar-19,1240,9.15,277.5,1034.55
HCLTECH,7-Mar-19,28-Mar-19,1260,7.7,295.65,1034.55
HCLTECH,7-Mar-19,28-Mar-19,760,210.7,7.9,1034.55
HCLTECH,8-Mar-19,28-Mar-19,740,228.2,5.75,1009.05
HCLTECH,8-Mar-19,28-Mar-19,1280,6.45,7.9,1009.05
HCLTECH,8-Mar-19,28-Mar-19,780,193.75,10.55,1009.05
HCLTECH,8-Mar-19,28-Mar-19,800,177.4,13.85,1009.05
HCLTECH,8-Mar-19,28-Mar-19,820,161.7,17.8,1009.05
HCLTECH,8-Mar-19,28-Mar-19,840,146.85,22.55,1009.05
HCLTECH,8-Mar-19,28-Mar-19,860,132.7,28.05,1009.05
HCLTECH,8-Mar-19,28-Mar-19,880,119.35,34.35,1009.05
HCLTECH,8-Mar-19,28-Mar-19,900,162.1,41.55,1009.05
HCLTECH,8-Mar-19,28-Mar-19,920,95.4,49.65,1009.05
HCLTECH,8-Mar-19,28-Mar-19,940,84.75,3,1009.05
HCLTECH,8-Mar-19,28-Mar-19,960,102,6.8,1009.05
HCLTECH,8-Mar-19,28-Mar-19,980,73.5,11.2,1009.05
HCLTECH,8-Mar-19,28-Mar-19,1000,31.45,17.5,1009.05
HCLTECH,8-Mar-19,28-Mar-19,1020,21.75,26.85,1009.05
HCLTECH,8-Mar-19,28-Mar-19,1040,13.95,39.2,1009.05
HCLTECH,8-Mar-19,28-Mar-19,1060,8.85,54.45,1009.05
HCLTECH,8-Mar-19,28-Mar-19,1080,5.6,66.95,1009.05
HCLTECH,8-Mar-19,28-Mar-19,1100,3.75,62.85,1009.05
HCLTECH,8-Mar-19,28-Mar-19,1120,2.45,64.85,1009.05
HCLTECH,8-Mar-19,28-Mar-19,1140,1.8,191.1,1009.05
HCLTECH,8-Mar-19,28-Mar-19,1160,1.35,207.65,1009.05
HCLTECH,8-Mar-19,28-Mar-19,1180,1.6,224.6,1009.05
HCLTECH,8-Mar-19,28-Mar-19,1200,1.15,241.95,1009.05
HCLTECH,8-Mar-19,28-Mar-19,1220,10.85,259.55,1009.05
HCLTECH,8-Mar-19,28-Mar-19,1240,9.15,277.5,1009.05
HCLTECH,8-Mar-19,28-Mar-19,1260,7.7,295.65,1009.05
HCLTECH,8-Mar-19,28-Mar-19,760,210.7,314.05,1009.05
HCLTECH,11-Mar-19,28-Mar-19,740,228.2,5.75,1004.4
HCLTECH,11-Mar-19,28-Mar-19,760,210.7,314.05,1004.4
HCLTECH,11-Mar-19,28-Mar-19,780,193.75,10.55,1004.4
HCLTECH,11-Mar-19,28-Mar-19,800,177.4,13.85,1004.4
HCLTECH,11-Mar-19,28-Mar-19,820,161.7,17.8,1004.4
HCLTECH,11-Mar-19,28-Mar-19,840,146.85,22.55,1004.4
HCLTECH,11-Mar-19,28-Mar-19,860,132.7,28.05,1004.4
HCLTECH,11-Mar-19,28-Mar-19,880,119.35,34.35,1004.4
HCLTECH,11-Mar-19,28-Mar-19,900,162.1,41.55,1004.4
HCLTECH,11-Mar-19,28-Mar-19,920,95.4,49.65,1004.4
HCLTECH,11-Mar-19,28-Mar-19,940,84.75,3.2,1004.4
HCLTECH,11-Mar-19,28-Mar-19,960,55.1,5.95,1004.4
HCLTECH,11-Mar-19,28-Mar-19,980,73.5,10.35,1004.4
HCLTECH,11-Mar-19,28-Mar-19,1000,27.5,17.2,1004.4
HCLTECH,11-Mar-19,28-Mar-19,1020,17.8,26.9,1004.4
HCLTECH,11-Mar-19,28-Mar-19,1040,10.95,40.3,1004.4
HCLTECH,11-Mar-19,28-Mar-19,1060,6.8,58.25,1004.4
HCLTECH,11-Mar-19,28-Mar-19,1080,4.1,66.95,1004.4
HCLTECH,11-Mar-19,28-Mar-19,1100,2.75,90,1004.4
HCLTECH,11-Mar-19,28-Mar-19,1120,1.8,64.85,1004.4
HCLTECH,11-Mar-19,28-Mar-19,1140,1.25,191.1,1004.4
HCLTECH,11-Mar-19,28-Mar-19,1160,1.05,207.65,1004.4
HCLTECH,11-Mar-19,28-Mar-19,1180,1.6,224.6,1004.4
HCLTECH,11-Mar-19,28-Mar-19,1200,1.15,241.95,1004.4
HCLTECH,11-Mar-19,28-Mar-19,1220,10.85,259.55,1004.4
HCLTECH,11-Mar-19,28-Mar-19,1240,9.15,277.5,1004.4
HCLTECH,11-Mar-19,28-Mar-19,1260,7.7,295.65,1004.4
HCLTECH,11-Mar-19,28-Mar-19,1280,6.45,7.9,1004.4
HCLTECH,12-Mar-19,28-Mar-19,740,228.2,5.75,1013.35
HCLTECH,12-Mar-19,28-Mar-19,1280,6.45,314.05,1013.35
HCLTECH,12-Mar-19,28-Mar-19,780,193.75,10.55,1013.35
HCLTECH,12-Mar-19,28-Mar-19,800,177.4,13.85,1013.35
HCLTECH,12-Mar-19,28-Mar-19,820,161.7,17.8,1013.35
HCLTECH,12-Mar-19,28-Mar-19,840,146.85,22.55,1013.35
HCLTECH,12-Mar-19,28-Mar-19,860,132.7,28.05,1013.35
HCLTECH,12-Mar-19,28-Mar-19,880,119.35,34.35,1013.35
HCLTECH,12-Mar-19,28-Mar-19,900,162.1,41.55,1013.35
HCLTECH,12-Mar-19,28-Mar-19,920,95.4,49.65,1013.35
HCLTECH,12-Mar-19,28-Mar-19,940,84.75,3.5,1013.35
HCLTECH,12-Mar-19,28-Mar-19,960,55.1,5.3,1013.35
HCLTECH,12-Mar-19,28-Mar-19,980,43.8,8.45,1013.35
HCLTECH,12-Mar-19,28-Mar-19,1000,31.2,14.4,1013.35
HCLTECH,12-Mar-19,28-Mar-19,1020,20.5,22.8,1013.35
HCLTECH,12-Mar-19,28-Mar-19,1040,12.5,35.95,1013.35
HCLTECH,12-Mar-19,28-Mar-19,1060,7.55,51.9,1013.35
HCLTECH,12-Mar-19,28-Mar-19,1080,4.45,68.9,1013.35
HCLTECH,12-Mar-19,28-Mar-19,1100,2.75,84.95,1013.35
HCLTECH,12-Mar-19,28-Mar-19,1120,1.85,64.85,1013.35
HCLTECH,12-Mar-19,28-Mar-19,1140,1.3,191.1,1013.35
HCLTECH,12-Mar-19,28-Mar-19,1160,0.75,207.65,1013.35
HCLTECH,12-Mar-19,28-Mar-19,1180,1.6,224.6,1013.35
HCLTECH,12-Mar-19,28-Mar-19,1200,1.15,241.95,1013.35
HCLTECH,12-Mar-19,28-Mar-19,1220,10.85,259.55,1013.35
HCLTECH,12-Mar-19,28-Mar-19,1240,9.15,277.5,1013.35
HCLTECH,12-Mar-19,28-Mar-19,1260,7.7,295.65,1013.35
HCLTECH,12-Mar-19,28-Mar-19,760,210.7,7.9,1013.35
HCLTECH,13-Mar-19,28-Mar-19,740,228.2,5.75,1028.35
HCLTECH,13-Mar-19,28-Mar-19,1280,6.45,314.05,1028.35
HCLTECH,13-Mar-19,28-Mar-19,780,193.75,10.55,1028.35
HCLTECH,13-Mar-19,28-Mar-19,800,177.4,13.85,1028.35
HCLTECH,13-Mar-19,28-Mar-19,820,161.7,17.8,1028.35
HCLTECH,13-Mar-19,28-Mar-19,840,146.85,22.55,1028.35
HCLTECH,13-Mar-19,28-Mar-19,860,132.7,28.05,1028.35
HCLTECH,13-Mar-19,28-Mar-19,880,119.35,34.35,1028.35
HCLTECH,13-Mar-19,28-Mar-19,900,162.1,41.55,1028.35
HCLTECH,13-Mar-19,28-Mar-19,920,95.4,49.65,1028.35
HCLTECH,13-Mar-19,28-Mar-19,940,84.75,2.9,1028.35
HCLTECH,13-Mar-19,28-Mar-19,960,55.1,3.8,1028.35
HCLTECH,13-Mar-19,28-Mar-19,980,58,6.45,1028.35
HCLTECH,13-Mar-19,28-Mar-19,1000,39.75,10.9,1028.35
HCLTECH,13-Mar-19,28-Mar-19,1020,27.25,17.35,1028.35
HCLTECH,13-Mar-19,28-Mar-19,1040,17.35,27.2,1028.35
HCLTECH,13-Mar-19,28-Mar-19,1060,10.7,39.75,1028.35
HCLTECH,13-Mar-19,28-Mar-19,1080,6.3,68.9,1028.35
HCLTECH,13-Mar-19,28-Mar-19,1100,4,61.7,1028.35
HCLTECH,13-Mar-19,28-Mar-19,1120,2.4,64.85,1028.35
HCLTECH,13-Mar-19,28-Mar-19,1140,2.25,191.1,1028.35
HCLTECH,13-Mar-19,28-Mar-19,1160,1.05,207.65,1028.35
HCLTECH,13-Mar-19,28-Mar-19,1180,1.6,224.6,1028.35
HCLTECH,13-Mar-19,28-Mar-19,1200,1.15,241.95,1028.35
HCLTECH,13-Mar-19,28-Mar-19,1220,10.85,259.55,1028.35
HCLTECH,13-Mar-19,28-Mar-19,1240,9.15,277.5,1028.35
HCLTECH,13-Mar-19,28-Mar-19,1260,7.7,295.65,1028.35
HCLTECH,13-Mar-19,28-Mar-19,760,210.7,7.9,1028.35
HCLTECH,14-Mar-19,28-Mar-19,740,228.2,5.75,1006.75
HCLTECH,14-Mar-19,28-Mar-19,1280,6.45,314.05,1006.75
HCLTECH,14-Mar-19,28-Mar-19,780,193.75,10.55,1006.75
HCLTECH,14-Mar-19,28-Mar-19,800,177.4,13.85,1006.75
HCLTECH,14-Mar-19,28-Mar-19,820,161.7,17.8,1006.75
HCLTECH,14-Mar-19,28-Mar-19,840,146.85,22.55,1006.75
HCLTECH,14-Mar-19,28-Mar-19,860,132.7,28.05,1006.75
HCLTECH,14-Mar-19,28-Mar-19,880,119.35,34.35,1006.75
HCLTECH,14-Mar-19,28-Mar-19,900,162.1,0.65,1006.75
HCLTECH,14-Mar-19,28-Mar-19,920,95.4,1.2,1006.75
HCLTECH,14-Mar-19,28-Mar-19,940,84.75,3.6,1006.75
HCLTECH,14-Mar-19,28-Mar-19,960,55.1,6.1,1006.75
HCLTECH,14-Mar-19,28-Mar-19,980,57.9,10.1,1006.75
HCLTECH,14-Mar-19,28-Mar-19,1000,28.95,16.6,1006.75
HCLTECH,14-Mar-19,28-Mar-19,1020,19.05,26.2,1006.75
HCLTECH,14-Mar-19,28-Mar-19,1040,12.2,40,1006.75
HCLTECH,14-Mar-19,28-Mar-19,1060,7.75,54.2,1006.75
HCLTECH,14-Mar-19,28-Mar-19,1080,4.85,62.4,1006.75
HCLTECH,14-Mar-19,28-Mar-19,1100,3.3,80.5,1006.75
HCLTECH,14-Mar-19,28-Mar-19,1120,2.25,64.85,1006.75
HCLTECH,14-Mar-19,28-Mar-19,1140,1.95,191.1,1006.75
HCLTECH,14-Mar-19,28-Mar-19,1160,1.5,207.65,1006.75
HCLTECH,14-Mar-19,28-Mar-19,1180,1,224.6,1006.75
HCLTECH,14-Mar-19,28-Mar-19,1200,1.15,241.95,1006.75
HCLTECH,14-Mar-19,28-Mar-19,1220,10.85,259.55,1006.75
HCLTECH,14-Mar-19,28-Mar-19,1240,9.15,277.5,1006.75
HCLTECH,14-Mar-19,28-Mar-19,1260,7.7,295.65,1006.75
HCLTECH,14-Mar-19,28-Mar-19,760,210.7,7.9,1006.75
HCLTECH,15-Mar-19,28-Mar-19,740,228.2,5.75,1029.3
HCLTECH,15-Mar-19,28-Mar-19,1280,6.45,314.05,1029.3
HCLTECH,15-Mar-19,28-Mar-19,780,193.75,10.55,1029.3
HCLTECH,15-Mar-19,28-Mar-19,800,177.4,13.85,1029.3
HCLTECH,15-Mar-19,28-Mar-19,820,161.7,17.8,1029.3
HCLTECH,15-Mar-19,28-Mar-19,840,146.85,22.55,1029.3
HCLTECH,15-Mar-19,28-Mar-19,860,132.7,28.05,1029.3
HCLTECH,15-Mar-19,28-Mar-19,880,119.35,34.35,1029.3
HCLTECH,15-Mar-19,28-Mar-19,900,162.1,0.65,1029.3
HCLTECH,15-Mar-19,28-Mar-19,920,95.4,1.2,1029.3
HCLTECH,15-Mar-19,28-Mar-19,940,84.75,1.6,1029.3
HCLTECH,15-Mar-19,28-Mar-19,960,55.1,2.3,1029.3
HCLTECH,15-Mar-19,28-Mar-19,980,49.4,4.1,1029.3
HCLTECH,15-Mar-19,28-Mar-19,1000,43.3,7.75,1029.3
HCLTECH,15-Mar-19,28-Mar-19,1020,27.8,13.4,1029.3
HCLTECH,15-Mar-19,28-Mar-19,1040,18.1,23.05,1029.3
HCLTECH,15-Mar-19,28-Mar-19,1060,10.95,36.65,1029.3
HCLTECH,15-Mar-19,28-Mar-19,1080,6.4,53.4,1029.3
HCLTECH,15-Mar-19,28-Mar-19,1100,4,71.35,1029.3
HCLTECH,15-Mar-19,28-Mar-19,1120,2.4,64.85,1029.3
HCLTECH,15-Mar-19,28-Mar-19,1140,1.8,191.1,1029.3
HCLTECH,15-Mar-19,28-Mar-19,1160,1.45,207.65,1029.3
HCLTECH,15-Mar-19,28-Mar-19,1180,1,224.6,1029.3
HCLTECH,15-Mar-19,28-Mar-19,1200,1.15,241.95,1029.3
HCLTECH,15-Mar-19,28-Mar-19,1220,10.85,259.55,1029.3
HCLTECH,15-Mar-19,28-Mar-19,1240,9.15,277.5,1029.3
HCLTECH,15-Mar-19,28-Mar-19,1260,7.7,295.65,1029.3
HCLTECH,15-Mar-19,28-Mar-19,760,210.7,7.9,1029.3
HCLTECH,18-Mar-19,28-Mar-19,740,228.2,5.75,1012
HCLTECH,18-Mar-19,28-Mar-19,1280,6.45,314.05,1012
HCLTECH,18-Mar-19,28-Mar-19,780,193.75,10.55,1012
HCLTECH,18-Mar-19,28-Mar-19,800,177.4,13.85,1012
HCLTECH,18-Mar-19,28-Mar-19,820,161.7,17.8,1012
HCLTECH,18-Mar-19,28-Mar-19,840,146.85,22.55,1012
HCLTECH,18-Mar-19,28-Mar-19,860,132.7,28.05,1012
HCLTECH,18-Mar-19,28-Mar-19,880,119.35,34.35,1012
HCLTECH,18-Mar-19,28-Mar-19,900,162.1,0.65,1012
HCLTECH,18-Mar-19,28-Mar-19,920,95.4,1.2,1012
HCLTECH,18-Mar-19,28-Mar-19,940,84.75,2.35,1012
HCLTECH,18-Mar-19,28-Mar-19,960,55.1,4.3,1012
HCLTECH,18-Mar-19,28-Mar-19,980,64.85,7.6,1012
HCLTECH,18-Mar-19,28-Mar-19,1000,30.3,13.35,1012
HCLTECH,18-Mar-19,28-Mar-19,1020,19.3,22.2,1012
HCLTECH,18-Mar-19,28-Mar-19,1040,12,33.7,1012
HCLTECH,18-Mar-19,28-Mar-19,1060,7.45,48.45,1012
HCLTECH,18-Mar-19,28-Mar-19,1080,4.3,53.4,1012
HCLTECH,18-Mar-19,28-Mar-19,1100,2.85,79,1012
HCLTECH,18-Mar-19,28-Mar-19,1120,1.8,64.85,1012
HCLTECH,18-Mar-19,28-Mar-19,1140,1.5,191.1,1012
HCLTECH,18-Mar-19,28-Mar-19,1160,0.85,207.65,1012
HCLTECH,18-Mar-19,28-Mar-19,1180,1,224.6,1012
HCLTECH,18-Mar-19,28-Mar-19,1200,1.15,241.95,1012
HCLTECH,18-Mar-19,28-Mar-19,1220,10.85,259.55,1012
HCLTECH,18-Mar-19,28-Mar-19,1240,9.15,277.5,1012
HCLTECH,18-Mar-19,28-Mar-19,1260,7.7,295.65,1012
HCLTECH,18-Mar-19,28-Mar-19,760,210.7,7.9,1012
HCLTECH,19-Mar-19,28-Mar-19,740,228.2,5.75,1036.2
HCLTECH,19-Mar-19,28-Mar-19,1280,6.45,314.05,1036.2
HCLTECH,19-Mar-19,28-Mar-19,780,193.75,10.55,1036.2
HCLTECH,19-Mar-19,28-Mar-19,800,177.4,13.85,1036.2
HCLTECH,19-Mar-19,28-Mar-19,820,161.7,17.8,1036.2
HCLTECH,19-Mar-19,28-Mar-19,840,146.85,22.55,1036.2
HCLTECH,19-Mar-19,28-Mar-19,860,132.7,28.05,1036.2
HCLTECH,19-Mar-19,28-Mar-19,880,119.35,34.35,1036.2
HCLTECH,19-Mar-19,28-Mar-19,900,162.1,0.65,1036.2
HCLTECH,19-Mar-19,28-Mar-19,920,95.4,1.2,1036.2
HCLTECH,19-Mar-19,28-Mar-19,940,84.75,1,1036.2
HCLTECH,19-Mar-19,28-Mar-19,960,55.1,1.65,1036.2
HCLTECH,19-Mar-19,28-Mar-19,980,44.65,2.85,1036.2
HCLTECH,19-Mar-19,28-Mar-19,1000,44.45,6,1036.2
HCLTECH,19-Mar-19,28-Mar-19,1020,29.2,10.4,1036.2
HCLTECH,19-Mar-19,28-Mar-19,1040,18.15,18.05,1036.2
HCLTECH,19-Mar-19,28-Mar-19,1060,10.2,29.4,1036.2
HCLTECH,19-Mar-19,28-Mar-19,1080,5.65,53.4,1036.2
HCLTECH,19-Mar-19,28-Mar-19,1100,3.15,75,1036.2
HCLTECH,19-Mar-19,28-Mar-19,1120,1.65,64.85,1036.2
HCLTECH,19-Mar-19,28-Mar-19,1140,1.1,191.1,1036.2
HCLTECH,19-Mar-19,28-Mar-19,1160,1,207.65,1036.2
HCLTECH,19-Mar-19,28-Mar-19,1180,1,224.6,1036.2
HCLTECH,19-Mar-19,28-Mar-19,1200,1.15,241.95,1036.2
HCLTECH,19-Mar-19,28-Mar-19,1220,10.85,259.55,1036.2
HCLTECH,19-Mar-19,28-Mar-19,1240,9.15,277.5,1036.2
HCLTECH,19-Mar-19,28-Mar-19,1260,7.7,295.65,1036.2
HCLTECH,19-Mar-19,28-Mar-19,760,210.7,7.9,1036.2
HCLTECH,20-Mar-19,28-Mar-19,740,228.2,5.75,1037.95
HCLTECH,20-Mar-19,28-Mar-19,1280,6.45,314.05,1037.95
HCLTECH,20-Mar-19,28-Mar-19,780,193.75,10.55,1037.95
HCLTECH,20-Mar-19,28-Mar-19,800,177.4,13.85,1037.95
HCLTECH,20-Mar-19,28-Mar-19,820,161.7,17.8,1037.95
HCLTECH,20-Mar-19,28-Mar-19,840,146.85,22.55,1037.95
HCLTECH,20-Mar-19,28-Mar-19,860,132.7,28.05,1037.95
HCLTECH,20-Mar-19,28-Mar-19,880,119.35,34.35,1037.95
HCLTECH,20-Mar-19,28-Mar-19,900,162.1,0.65,1037.95
HCLTECH,20-Mar-19,28-Mar-19,920,95.4,1.2,1037.95
HCLTECH,20-Mar-19,28-Mar-19,940,84.75,0.7,1037.95
HCLTECH,20-Mar-19,28-Mar-19,960,55.1,0.95,1037.95
HCLTECH,20-Mar-19,28-Mar-19,980,60.45,2,1037.95
HCLTECH,20-Mar-19,28-Mar-19,1000,42.6,4.2,1037.95
HCLTECH,20-Mar-19,28-Mar-19,1020,29,8.2,1037.95
HCLTECH,20-Mar-19,28-Mar-19,1040,17.85,15.15,1037.95
HCLTECH,20-Mar-19,28-Mar-19,1060,10,27.6,1037.95
HCLTECH,20-Mar-19,28-Mar-19,1080,5.4,53.4,1037.95
HCLTECH,20-Mar-19,28-Mar-19,1100,2.95,63.1,1037.95
HCLTECH,20-Mar-19,28-Mar-19,1120,1.6,82.8,1037.95
HCLTECH,20-Mar-19,28-Mar-19,1140,0.75,191.1,1037.95
HCLTECH,20-Mar-19,28-Mar-19,1160,0.75,207.65,1037.95
HCLTECH,20-Mar-19,28-Mar-19,1180,1,224.6,1037.95
HCLTECH,20-Mar-19,28-Mar-19,1200,1.15,241.95,1037.95
HCLTECH,20-Mar-19,28-Mar-19,1220,10.85,259.55,1037.95
HCLTECH,20-Mar-19,28-Mar-19,1240,9.15,277.5,1037.95
HCLTECH,20-Mar-19,28-Mar-19,1260,7.7,295.65,1037.95
HCLTECH,20-Mar-19,28-Mar-19,760,210.7,7.9,1037.95
HCLTECH,22-Mar-19,28-Mar-19,740,228.2,5.75,1024.85
HCLTECH,22-Mar-19,28-Mar-19,1280,6.45,314.05,1024.85
HCLTECH,22-Mar-19,28-Mar-19,780,193.75,10.55,1024.85
HCLTECH,22-Mar-19,28-Mar-19,800,177.4,13.85,1024.85
HCLTECH,22-Mar-19,28-Mar-19,820,161.7,17.8,1024.85
HCLTECH,22-Mar-19,28-Mar-19,840,146.85,22.55,1024.85
HCLTECH,22-Mar-19,28-Mar-19,860,132.7,28.05,1024.85
HCLTECH,22-Mar-19,28-Mar-19,880,119.35,34.35,1024.85
HCLTECH,22-Mar-19,28-Mar-19,900,123.1,0.5,1024.85
HCLTECH,22-Mar-19,28-Mar-19,920,95.4,1.2,1024.85
HCLTECH,22-Mar-19,28-Mar-19,940,84.75,0.65,1024.85
HCLTECH,22-Mar-19,28-Mar-19,960,67.7,0.9,1024.85
HCLTECH,22-Mar-19,28-Mar-19,980,66.75,2.3,1024.85
HCLTECH,22-Mar-19,28-Mar-19,1000,33.75,5.05,1024.85
HCLTECH,22-Mar-19,28-Mar-19,1020,19.2,10.4,1024.85
HCLTECH,22-Mar-19,28-Mar-19,1040,10.15,21.15,1024.85
HCLTECH,22-Mar-19,28-Mar-19,1060,5.6,34.05,1024.85
HCLTECH,22-Mar-19,28-Mar-19,1080,2.95,51.35,1024.85
HCLTECH,22-Mar-19,28-Mar-19,1100,1.65,59,1024.85
HCLTECH,22-Mar-19,28-Mar-19,1120,1.1,82.8,1024.85
HCLTECH,22-Mar-19,28-Mar-19,1140,0.9,191.1,1024.85
HCLTECH,22-Mar-19,28-Mar-19,1160,0.8,207.65,1024.85
HCLTECH,22-Mar-19,28-Mar-19,1180,1,224.6,1024.85
HCLTECH,22-Mar-19,28-Mar-19,1200,0.65,241.95,1024.85
HCLTECH,22-Mar-19,28-Mar-19,1220,10.85,259.55,1024.85
HCLTECH,22-Mar-19,28-Mar-19,1240,9.15,277.5,1024.85
HCLTECH,22-Mar-19,28-Mar-19,1260,7.7,295.65,1024.85
HCLTECH,22-Mar-19,28-Mar-19,760,210.7,7.9,1024.85
HCLTECH,25-Mar-19,28-Mar-19,740,228.2,5.75,1017.65
HCLTECH,25-Mar-19,28-Mar-19,1280,6.45,314.05,1017.65
HCLTECH,25-Mar-19,28-Mar-19,780,193.75,10.55,1017.65
HCLTECH,25-Mar-19,28-Mar-19,800,177.4,13.85,1017.65
HCLTECH,25-Mar-19,28-Mar-19,820,161.7,17.8,1017.65
HCLTECH,25-Mar-19,28-Mar-19,840,146.85,22.55,1017.65
HCLTECH,25-Mar-19,28-Mar-19,860,132.7,28.05,1017.65
HCLTECH,25-Mar-19,28-Mar-19,880,119.35,34.35,1017.65
HCLTECH,25-Mar-19,28-Mar-19,900,123.1,0.5,1017.65
HCLTECH,25-Mar-19,28-Mar-19,920,95.4,1.2,1017.65
HCLTECH,25-Mar-19,28-Mar-19,940,84.75,0.85,1017.65
HCLTECH,25-Mar-19,28-Mar-19,960,64,0.6,1017.65
HCLTECH,25-Mar-19,28-Mar-19,980,41.2,1.4,1017.65
HCLTECH,25-Mar-19,28-Mar-19,1000,23.45,4.05,1017.65
HCLTECH,25-Mar-19,28-Mar-19,1020,11.15,10.75,1017.65
HCLTECH,25-Mar-19,28-Mar-19,1040,4.95,24.15,1017.65
HCLTECH,25-Mar-19,28-Mar-19,1060,2.1,43,1017.65
HCLTECH,25-Mar-19,28-Mar-19,1080,1.15,63.5,1017.65
HCLTECH,25-Mar-19,28-Mar-19,1100,0.85,59,1017.65
HCLTECH,25-Mar-19,28-Mar-19,1120,0.75,82.8,1017.65
HCLTECH,25-Mar-19,28-Mar-19,1140,0.6,191.1,1017.65
HCLTECH,25-Mar-19,28-Mar-19,1160,0.5,207.65,1017.65
HCLTECH,25-Mar-19,28-Mar-19,1180,0.3,224.6,1017.65
HCLTECH,25-Mar-19,28-Mar-19,1200,0.65,241.95,1017.65
HCLTECH,25-Mar-19,28-Mar-19,1220,10.85,259.55,1017.65
HCLTECH,25-Mar-19,28-Mar-19,1240,9.15,277.5,1017.65
HCLTECH,25-Mar-19,28-Mar-19,1260,7.7,295.65,1017.65
HCLTECH,25-Mar-19,28-Mar-19,760,210.7,7.9,1017.65
HCLTECH,26-Mar-19,28-Mar-19,740,228.2,5.75,1034.6
HCLTECH,26-Mar-19,28-Mar-19,1280,6.45,314.05,1034.6
HCLTECH,26-Mar-19,28-Mar-19,780,193.75,10.55,1034.6
HCLTECH,26-Mar-19,28-Mar-19,800,177.4,13.85,1034.6
HCLTECH,26-Mar-19,28-Mar-19,820,161.7,17.8,1034.6
HCLTECH,26-Mar-19,28-Mar-19,840,146.85,22.55,1034.6
HCLTECH,26-Mar-19,28-Mar-19,860,132.7,28.05,1034.6
HCLTECH,26-Mar-19,28-Mar-19,880,119.35,34.35,1034.6
HCLTECH,26-Mar-19,28-Mar-19,900,123.1,0.5,1034.6
HCLTECH,26-Mar-19,28-Mar-19,920,95.4,1.2,1034.6
HCLTECH,26-Mar-19,28-Mar-19,940,84.75,0.25,1034.6
HCLTECH,26-Mar-19,28-Mar-19,960,64,0.35,1034.6
HCLTECH,26-Mar-19,28-Mar-19,980,41.2,0.35,1034.6
HCLTECH,26-Mar-19,28-Mar-19,1000,35.5,0.65,1034.6
HCLTECH,26-Mar-19,28-Mar-19,1020,20.4,2.35,1034.6
HCLTECH,26-Mar-19,28-Mar-19,1040,8.9,7.8,1034.6
HCLTECH,26-Mar-19,28-Mar-19,1060,3.15,20.7,1034.6
HCLTECH,26-Mar-19,28-Mar-19,1080,1.3,64.8,1034.6
HCLTECH,26-Mar-19,28-Mar-19,1100,0.6,63.3,1034.6
HCLTECH,26-Mar-19,28-Mar-19,1120,0.45,82.8,1034.6
HCLTECH,26-Mar-19,28-Mar-19,1140,0.5,191.1,1034.6
HCLTECH,26-Mar-19,28-Mar-19,1160,0.5,207.65,1034.6
HCLTECH,26-Mar-19,28-Mar-19,1180,0.3,224.6,1034.6
HCLTECH,26-Mar-19,28-Mar-19,1200,0.65,241.95,1034.6
HCLTECH,26-Mar-19,28-Mar-19,1220,10.85,259.55,1034.6
HCLTECH,26-Mar-19,28-Mar-19,1240,9.15,277.5,1034.6
HCLTECH,26-Mar-19,28-Mar-19,1260,7.7,295.65,1034.6
HCLTECH,26-Mar-19,28-Mar-19,760,210.7,7.9,1034.6
HCLTECH,27-Mar-19,28-Mar-19,740,228.2,5.75,1043.15
HCLTECH,27-Mar-19,28-Mar-19,1280,6.45,314.05,1043.15
HCLTECH,27-Mar-19,28-Mar-19,780,193.75,10.55,1043.15
HCLTECH,27-Mar-19,28-Mar-19,800,177.4,13.85,1043.15
HCLTECH,27-Mar-19,28-Mar-19,820,161.7,17.8,1043.15
HCLTECH,27-Mar-19,28-Mar-19,840,146.85,22.55,1043.15
HCLTECH,27-Mar-19,28-Mar-19,860,132.7,28.05,1043.15
HCLTECH,27-Mar-19,28-Mar-19,880,119.35,34.35,1043.15
HCLTECH,27-Mar-19,28-Mar-19,900,123.1,0.1,1043.15
HCLTECH,27-Mar-19,28-Mar-19,920,95.4,1.2,1043.15
HCLTECH,27-Mar-19,28-Mar-19,940,84.75,0.25,1043.15
HCLTECH,27-Mar-19,28-Mar-19,960,84.6,0.2,1043.15
HCLTECH,27-Mar-19,28-Mar-19,980,41.2,0.15,1043.15
HCLTECH,27-Mar-19,28-Mar-19,1000,46.8,0.1,1043.15
HCLTECH,27-Mar-19,28-Mar-19,1020,25.9,1.4,1043.15
HCLTECH,27-Mar-19,28-Mar-19,1040,7.05,4.1,1043.15
HCLTECH,27-Mar-19,28-Mar-19,1060,2.1,15,1043.15
HCLTECH,27-Mar-19,28-Mar-19,1080,1,25.6,1043.15
HCLTECH,27-Mar-19,28-Mar-19,1100,0.5,56.25,1043.15
HCLTECH,27-Mar-19,28-Mar-19,1120,0.45,82.8,1043.15
HCLTECH,27-Mar-19,28-Mar-19,1140,0.45,191.1,1043.15
HCLTECH,27-Mar-19,28-Mar-19,1160,0.15,207.65,1043.15
HCLTECH,27-Mar-19,28-Mar-19,1180,0.3,224.6,1043.15
HCLTECH,27-Mar-19,28-Mar-19,1200,0.65,241.95,1043.15
HCLTECH,27-Mar-19,28-Mar-19,1220,10.85,259.55,1043.15
HCLTECH,27-Mar-19,28-Mar-19,1240,9.15,277.5,1043.15
HCLTECH,27-Mar-19,28-Mar-19,1260,7.7,295.65,1043.15
HCLTECH,27-Mar-19,28-Mar-19,760,210.7,7.9,1043.15
ADANIPORTS,1-Mar-19,28-Mar-19,350,7,0.35,333.2
ADANIPORTS,1-Mar-19,28-Mar-19,260,129.7,96.35,333.2
ADANIPORTS,1-Mar-19,28-Mar-19,290,102.4,0.5,333.2
ADANIPORTS,1-Mar-19,28-Mar-19,460,12.65,0.75,333.2
ADANIPORTS,1-Mar-19,28-Mar-19,340,10.65,1.2,333.2
ADANIPORTS,1-Mar-19,28-Mar-19,450,14.75,1.7,333.2
ADANIPORTS,1-Mar-19,28-Mar-19,240,148.75,2.85,333.2
ADANIPORTS,1-Mar-19,28-Mar-19,440,1.3,4.3,333.2
ADANIPORTS,1-Mar-19,28-Mar-19,330,15.9,6.9,333.2
ADANIPORTS,1-Mar-19,28-Mar-19,430,0.25,10.45,333.2
ADANIPORTS,1-Mar-19,28-Mar-19,280,111.3,15.3,333.2
ADANIPORTS,1-Mar-19,28-Mar-19,420,22.95,21.2,333.2
ADANIPORTS,1-Mar-19,28-Mar-19,250,139.2,35.05,333.2
ADANIPORTS,1-Mar-19,28-Mar-19,320,23.35,36.15,333.2
ADANIPORTS,1-Mar-19,28-Mar-19,410,26.4,41.25,333.2
ADANIPORTS,1-Mar-19,28-Mar-19,400,0.7,60,333.2
ADANIPORTS,1-Mar-19,28-Mar-19,270,120.4,71,333.2
ADANIPORTS,1-Mar-19,28-Mar-19,390,1.2,44.85,333.2
ADANIPORTS,1-Mar-19,28-Mar-19,310,85.55,51.2,333.2
ADANIPORTS,1-Mar-19,28-Mar-19,380,1.75,57.9,333.2
ADANIPORTS,1-Mar-19,28-Mar-19,480,9.2,65,333.2
ADANIPORTS,1-Mar-19,28-Mar-19,370,2.8,72.45,333.2
ADANIPORTS,1-Mar-19,28-Mar-19,300,93.8,80.15,333.2
ADANIPORTS,1-Mar-19,28-Mar-19,360,4.55,88.1,333.2
ADANIPORTS,1-Mar-19,28-Mar-19,470,10.75,0.6,333.2
ADANIPORTS,5-Mar-19,28-Mar-19,480,9.2,0.35,339.25
ADANIPORTS,5-Mar-19,28-Mar-19,470,10.75,96.35,339.25
ADANIPORTS,5-Mar-19,28-Mar-19,460,12.65,0.5,339.25
ADANIPORTS,5-Mar-19,28-Mar-19,450,14.75,0.75,339.25
ADANIPORTS,5-Mar-19,28-Mar-19,440,1.3,0.55,339.25
ADANIPORTS,5-Mar-19,28-Mar-19,430,0.25,1.1,339.25
ADANIPORTS,5-Mar-19,28-Mar-19,420,22.95,1.6,339.25
ADANIPORTS,5-Mar-19,28-Mar-19,410,0.6,2.7,339.25
ADANIPORTS,5-Mar-19,28-Mar-19,400,0.75,4.45,339.25
ADANIPORTS,5-Mar-19,28-Mar-19,390,1.2,7.1,339.25
ADANIPORTS,5-Mar-19,28-Mar-19,380,1.85,11.2,339.25
ADANIPORTS,5-Mar-19,28-Mar-19,370,3.1,16.3,339.25
ADANIPORTS,5-Mar-19,28-Mar-19,360,5.25,23.15,339.25
ADANIPORTS,5-Mar-19,28-Mar-19,350,8.4,32.5,339.25
ADANIPORTS,5-Mar-19,28-Mar-19,340,12.95,41.25,339.25
ADANIPORTS,5-Mar-19,28-Mar-19,330,18.8,60,339.25
ADANIPORTS,5-Mar-19,28-Mar-19,320,25.55,71,339.25
ADANIPORTS,5-Mar-19,28-Mar-19,310,85.55,44.85,339.25
ADANIPORTS,5-Mar-19,28-Mar-19,300,93.8,51.2,339.25
ADANIPORTS,5-Mar-19,28-Mar-19,290,102.4,57.9,339.25
ADANIPORTS,5-Mar-19,28-Mar-19,280,111.3,65,339.25
ADANIPORTS,5-Mar-19,28-Mar-19,270,120.4,72.45,339.25
ADANIPORTS,5-Mar-19,28-Mar-19,260,129.7,80.15,339.25
ADANIPORTS,5-Mar-19,28-Mar-19,250,139.2,88.1,339.25
ADANIPORTS,5-Mar-19,28-Mar-19,240,148.75,0.6,339.25
ADANIPORTS,6-Mar-19,28-Mar-19,240,148.75,0.35,337.05
ADANIPORTS,6-Mar-19,28-Mar-19,250,139.2,96.35,337.05
ADANIPORTS,6-Mar-19,28-Mar-19,260,129.7,0.5,337.05
ADANIPORTS,6-Mar-19,28-Mar-19,270,120.4,0.75,337.05
ADANIPORTS,6-Mar-19,28-Mar-19,280,111.3,0.55,337.05
ADANIPORTS,6-Mar-19,28-Mar-19,290,102.4,1.25,337.05
ADANIPORTS,6-Mar-19,28-Mar-19,300,93.8,2.05,337.05
ADANIPORTS,6-Mar-19,28-Mar-19,310,85.55,3.35,337.05
ADANIPORTS,6-Mar-19,28-Mar-19,320,24.25,5.35,337.05
ADANIPORTS,6-Mar-19,28-Mar-19,330,17.4,8.6,337.05
ADANIPORTS,6-Mar-19,28-Mar-19,340,12.5,13.3,337.05
ADANIPORTS,6-Mar-19,28-Mar-19,350,8.15,19.2,337.05
ADANIPORTS,6-Mar-19,28-Mar-19,360,5.25,22.85,337.05
ADANIPORTS,6-Mar-19,28-Mar-19,370,3.05,26.55,337.05
ADANIPORTS,6-Mar-19,28-Mar-19,380,1.9,41.3,337.05
ADANIPORTS,6-Mar-19,28-Mar-19,390,1.15,60,337.05
ADANIPORTS,6-Mar-19,28-Mar-19,400,0.65,53,337.05
ADANIPORTS,6-Mar-19,28-Mar-19,410,0.6,44.85,337.05
ADANIPORTS,6-Mar-19,28-Mar-19,420,22.95,51.2,337.05
ADANIPORTS,6-Mar-19,28-Mar-19,430,0.25,57.9,337.05
ADANIPORTS,6-Mar-19,28-Mar-19,440,1.3,65,337.05
ADANIPORTS,6-Mar-19,28-Mar-19,450,14.75,72.45,337.05
ADANIPORTS,6-Mar-19,28-Mar-19,460,12.65,80.15,337.05
ADANIPORTS,6-Mar-19,28-Mar-19,470,10.75,88.1,337.05
ADANIPORTS,6-Mar-19,28-Mar-19,480,9.2,0.6,337.05
ADANIPORTS,7-Mar-19,28-Mar-19,240,148.75,0.35,340.9
ADANIPORTS,7-Mar-19,28-Mar-19,480,9.2,96.35,340.9
ADANIPORTS,7-Mar-19,28-Mar-19,260,129.7,0.5,340.9
ADANIPORTS,7-Mar-19,28-Mar-19,270,120.4,0.75,340.9
ADANIPORTS,7-Mar-19,28-Mar-19,280,111.3,0.45,340.9
ADANIPORTS,7-Mar-19,28-Mar-19,290,102.4,0.75,340.9
ADANIPORTS,7-Mar-19,28-Mar-19,300,93.8,1.3,340.9
ADANIPORTS,7-Mar-19,28-Mar-19,310,85.55,2.3,340.9
ADANIPORTS,7-Mar-19,28-Mar-19,320,28.2,3.85,340.9
ADANIPORTS,7-Mar-19,28-Mar-19,330,19.35,6.35,340.9
ADANIPORTS,7-Mar-19,28-Mar-19,340,13.2,10,340.9
ADANIPORTS,7-Mar-19,28-Mar-19,350,8.45,15.15,340.9
ADANIPORTS,7-Mar-19,28-Mar-19,360,5.15,22.2,340.9
ADANIPORTS,7-Mar-19,28-Mar-19,370,3,29.4,340.9
ADANIPORTS,7-Mar-19,28-Mar-19,380,1.75,39.5,340.9
ADANIPORTS,7-Mar-19,28-Mar-19,390,1,60,340.9
ADANIPORTS,7-Mar-19,28-Mar-19,400,0.65,53,340.9
ADANIPORTS,7-Mar-19,28-Mar-19,410,0.6,44.85,340.9
ADANIPORTS,7-Mar-19,28-Mar-19,420,22.95,51.2,340.9
ADANIPORTS,7-Mar-19,28-Mar-19,430,0.25,57.9,340.9
ADANIPORTS,7-Mar-19,28-Mar-19,440,1.3,65,340.9
ADANIPORTS,7-Mar-19,28-Mar-19,450,14.75,72.45,340.9
ADANIPORTS,7-Mar-19,28-Mar-19,460,12.65,80.15,340.9
ADANIPORTS,7-Mar-19,28-Mar-19,470,10.75,88.1,340.9
ADANIPORTS,7-Mar-19,28-Mar-19,250,139.2,0.6,340.9
ADANIPORTS,8-Mar-19,28-Mar-19,240,148.75,0.35,342.15
ADANIPORTS,8-Mar-19,28-Mar-19,480,9.2,96.35,342.15
ADANIPORTS,8-Mar-19,28-Mar-19,260,129.7,0.5,342.15
ADANIPORTS,8-Mar-19,28-Mar-19,270,120.4,0.75,342.15
ADANIPORTS,8-Mar-19,28-Mar-19,280,111.3,0.4,342.15
ADANIPORTS,8-Mar-19,28-Mar-19,290,102.4,0.7,342.15
ADANIPORTS,8-Mar-19,28-Mar-19,300,93.8,1.25,342.15
ADANIPORTS,8-Mar-19,28-Mar-19,310,85.55,2.05,342.15
ADANIPORTS,8-Mar-19,28-Mar-19,320,26.3,3.6,342.15
ADANIPORTS,8-Mar-19,28-Mar-19,330,19.75,5.9,342.15
ADANIPORTS,8-Mar-19,28-Mar-19,340,13.5,9.4,342.15
ADANIPORTS,8-Mar-19,28-Mar-19,350,8.7,14.2,342.15
ADANIPORTS,8-Mar-19,28-Mar-19,360,5.2,20.5,342.15
ADANIPORTS,8-Mar-19,28-Mar-19,370,3.05,29.4,342.15
ADANIPORTS,8-Mar-19,28-Mar-19,380,1.7,39.5,342.15
ADANIPORTS,8-Mar-19,28-Mar-19,390,0.85,60,342.15
ADANIPORTS,8-Mar-19,28-Mar-19,400,0.65,53,342.15
ADANIPORTS,8-Mar-19,28-Mar-19,410,0.6,44.85,342.15
ADANIPORTS,8-Mar-19,28-Mar-19,420,22.95,51.2,342.15
ADANIPORTS,8-Mar-19,28-Mar-19,430,0.25,57.9,342.15
ADANIPORTS,8-Mar-19,28-Mar-19,440,1.3,65,342.15
ADANIPORTS,8-Mar-19,28-Mar-19,450,14.75,72.45,342.15
ADANIPORTS,8-Mar-19,28-Mar-19,460,12.65,80.15,342.15
ADANIPORTS,8-Mar-19,28-Mar-19,470,10.75,88.1,342.15
ADANIPORTS,8-Mar-19,28-Mar-19,250,139.2,0.6,342.15
ADANIPORTS,11-Mar-19,28-Mar-19,240,148.75,0.35,351.3
ADANIPORTS,11-Mar-19,28-Mar-19,480,9.2,0.6,351.3
ADANIPORTS,11-Mar-19,28-Mar-19,260,129.7,0.5,351.3
ADANIPORTS,11-Mar-19,28-Mar-19,270,120.4,0.75,351.3
ADANIPORTS,11-Mar-19,28-Mar-19,280,111.3,0.4,351.3
ADANIPORTS,11-Mar-19,28-Mar-19,290,102.4,0.4,351.3
ADANIPORTS,11-Mar-19,28-Mar-19,300,93.8,0.55,351.3
ADANIPORTS,11-Mar-19,28-Mar-19,310,85.55,0.85,351.3
ADANIPORTS,11-Mar-19,28-Mar-19,320,35.85,1.65,351.3
ADANIPORTS,11-Mar-19,28-Mar-19,330,25.4,3,351.3
ADANIPORTS,11-Mar-19,28-Mar-19,340,17.75,5.15,351.3
ADANIPORTS,11-Mar-19,28-Mar-19,350,11.45,8.2,351.3
ADANIPORTS,11-Mar-19,28-Mar-19,360,6.9,13.65,351.3
ADANIPORTS,11-Mar-19,28-Mar-19,370,3.85,21,351.3
ADANIPORTS,11-Mar-19,28-Mar-19,380,2.05,31.5,351.3
ADANIPORTS,11-Mar-19,28-Mar-19,390,1.05,60,351.3
ADANIPORTS,11-Mar-19,28-Mar-19,400,0.6,53,351.3
ADANIPORTS,11-Mar-19,28-Mar-19,410,0.6,44.85,351.3
ADANIPORTS,11-Mar-19,28-Mar-19,420,22.95,51.2,351.3
ADANIPORTS,11-Mar-19,28-Mar-19,430,0.25,57.9,351.3
ADANIPORTS,11-Mar-19,28-Mar-19,440,1.3,65,351.3
ADANIPORTS,11-Mar-19,28-Mar-19,450,14.75,72.45,351.3
ADANIPORTS,11-Mar-19,28-Mar-19,460,12.65,80.15,351.3
ADANIPORTS,11-Mar-19,28-Mar-19,470,10.75,88.1,351.3
ADANIPORTS,11-Mar-19,28-Mar-19,250,139.2,96.35,351.3
ADANIPORTS,12-Mar-19,28-Mar-19,240,148.75,0.35,361.05
ADANIPORTS,12-Mar-19,28-Mar-19,480,9.2,96.35,361.05
ADANIPORTS,12-Mar-19,28-Mar-19,260,129.7,0.2,361.05
ADANIPORTS,12-Mar-19,28-Mar-19,270,120.4,0.75,361.05
ADANIPORTS,12-Mar-19,28-Mar-19,280,111.3,0.3,361.05
ADANIPORTS,12-Mar-19,28-Mar-19,290,102.4,0.3,361.05
ADANIPORTS,12-Mar-19,28-Mar-19,300,93.8,0.6,361.05
ADANIPORTS,12-Mar-19,28-Mar-19,310,85.55,0.8,361.05
ADANIPORTS,12-Mar-19,28-Mar-19,320,43.5,1.15,361.05
ADANIPORTS,12-Mar-19,28-Mar-19,330,36,1.95,361.05
ADANIPORTS,12-Mar-19,28-Mar-19,340,26.15,3.25,361.05
ADANIPORTS,12-Mar-19,28-Mar-19,350,18.5,5.7,361.05
ADANIPORTS,12-Mar-19,28-Mar-19,360,12.4,9.3,361.05
ADANIPORTS,12-Mar-19,28-Mar-19,370,7.75,14.55,361.05
ADANIPORTS,12-Mar-19,28-Mar-19,380,4.55,19.6,361.05
ADANIPORTS,12-Mar-19,28-Mar-19,390,2.5,60,361.05
ADANIPORTS,12-Mar-19,28-Mar-19,400,1.4,53,361.05
ADANIPORTS,12-Mar-19,28-Mar-19,410,0.6,44.85,361.05
ADANIPORTS,12-Mar-19,28-Mar-19,420,22.95,51.2,361.05
ADANIPORTS,12-Mar-19,28-Mar-19,430,0.2,57.9,361.05
ADANIPORTS,12-Mar-19,28-Mar-19,440,1.3,65,361.05
ADANIPORTS,12-Mar-19,28-Mar-19,450,14.75,72.45,361.05
ADANIPORTS,12-Mar-19,28-Mar-19,460,12.65,80.15,361.05
ADANIPORTS,12-Mar-19,28-Mar-19,470,10.75,88.1,361.05
ADANIPORTS,12-Mar-19,28-Mar-19,250,139.2,0.6,361.05
ADANIPORTS,13-Mar-19,28-Mar-19,240,148.75,0.35,367.15
ADANIPORTS,13-Mar-19,28-Mar-19,480,9.2,96.35,367.15
ADANIPORTS,13-Mar-19,28-Mar-19,260,129.7,0.25,367.15
ADANIPORTS,13-Mar-19,28-Mar-19,270,120.4,0.75,367.15
ADANIPORTS,13-Mar-19,28-Mar-19,280,111.3,0.3,367.15
ADANIPORTS,13-Mar-19,28-Mar-19,290,102.4,0.3,367.15
ADANIPORTS,13-Mar-19,28-Mar-19,300,93.8,0.55,367.15
ADANIPORTS,13-Mar-19,28-Mar-19,310,85.55,0.65,367.15
ADANIPORTS,13-Mar-19,28-Mar-19,320,48.45,1.1,367.15
ADANIPORTS,13-Mar-19,28-Mar-19,330,38.65,1.65,367.15
ADANIPORTS,13-Mar-19,28-Mar-19,340,29.4,2.6,367.15
ADANIPORTS,13-Mar-19,28-Mar-19,350,22.6,4.45,367.15
ADANIPORTS,13-Mar-19,28-Mar-19,360,15.65,7.2,367.15
ADANIPORTS,13-Mar-19,28-Mar-19,370,10,11.7,367.15
ADANIPORTS,13-Mar-19,28-Mar-19,380,6,18.3,367.15
ADANIPORTS,13-Mar-19,28-Mar-19,390,3.4,60,367.15
ADANIPORTS,13-Mar-19,28-Mar-19,400,1.8,36.55,367.15
ADANIPORTS,13-Mar-19,28-Mar-19,410,1.3,44.85,367.15
ADANIPORTS,13-Mar-19,28-Mar-19,420,22.95,51.2,367.15
ADANIPORTS,13-Mar-19,28-Mar-19,430,0.2,57.9,367.15
ADANIPORTS,13-Mar-19,28-Mar-19,440,1.3,65,367.15
ADANIPORTS,13-Mar-19,28-Mar-19,450,14.75,72.45,367.15
ADANIPORTS,13-Mar-19,28-Mar-19,460,12.65,80.15,367.15
ADANIPORTS,13-Mar-19,28-Mar-19,470,10.75,88.1,367.15
ADANIPORTS,13-Mar-19,28-Mar-19,250,139.2,0.6,367.15
ADANIPORTS,14-Mar-19,28-Mar-19,240,148.75,0.35,366
ADANIPORTS,14-Mar-19,28-Mar-19,480,9.2,96.35,366
ADANIPORTS,14-Mar-19,28-Mar-19,260,129.7,0.45,366
ADANIPORTS,14-Mar-19,28-Mar-19,270,120.4,0.75,366
ADANIPORTS,14-Mar-19,28-Mar-19,280,111.3,0.3,366
ADANIPORTS,14-Mar-19,28-Mar-19,290,102.4,0.4,366
ADANIPORTS,14-Mar-19,28-Mar-19,300,93.8,0.6,366
ADANIPORTS,14-Mar-19,28-Mar-19,310,85.55,0.65,366
ADANIPORTS,14-Mar-19,28-Mar-19,320,48.45,0.95,366
ADANIPORTS,14-Mar-19,28-Mar-19,330,35.15,1.75,366
ADANIPORTS,14-Mar-19,28-Mar-19,340,29.05,2.6,366
ADANIPORTS,14-Mar-19,28-Mar-19,350,20.9,4.5,366
ADANIPORTS,14-Mar-19,28-Mar-19,360,14.15,7.25,366
ADANIPORTS,14-Mar-19,28-Mar-19,370,8.7,12.15,366
ADANIPORTS,14-Mar-19,28-Mar-19,380,4.9,16,366
ADANIPORTS,14-Mar-19,28-Mar-19,390,2.6,60,366
ADANIPORTS,14-Mar-19,28-Mar-19,400,1.4,35.35,366
ADANIPORTS,14-Mar-19,28-Mar-19,410,0.75,44.85,366
ADANIPORTS,14-Mar-19,28-Mar-19,420,22.95,51.2,366
ADANIPORTS,14-Mar-19,28-Mar-19,430,0.2,57.9,366
ADANIPORTS,14-Mar-19,28-Mar-19,440,1.3,65,366
ADANIPORTS,14-Mar-19,28-Mar-19,450,14.75,72.45,366
ADANIPORTS,14-Mar-19,28-Mar-19,460,12.65,80.15,366
ADANIPORTS,14-Mar-19,28-Mar-19,470,10.75,88.1,366
ADANIPORTS,14-Mar-19,28-Mar-19,250,139.2,0.6,366
ADANIPORTS,15-Mar-19,28-Mar-19,240,148.75,0.35,367.1
ADANIPORTS,15-Mar-19,28-Mar-19,480,9.2,96.35,367.1
ADANIPORTS,15-Mar-19,28-Mar-19,260,129.7,0.45,367.1
ADANIPORTS,15-Mar-19,28-Mar-19,270,120.4,0.75,367.1
ADANIPORTS,15-Mar-19,28-Mar-19,280,111.3,0.3,367.1
ADANIPORTS,15-Mar-19,28-Mar-19,290,102.4,0.4,367.1
ADANIPORTS,15-Mar-19,28-Mar-19,300,93.8,0.6,367.1
ADANIPORTS,15-Mar-19,28-Mar-19,310,85.55,0.75,367.1
ADANIPORTS,15-Mar-19,28-Mar-19,320,48.3,1,367.1
ADANIPORTS,15-Mar-19,28-Mar-19,330,39.35,1.5,367.1
ADANIPORTS,15-Mar-19,28-Mar-19,340,30,2.45,367.1
ADANIPORTS,15-Mar-19,28-Mar-19,350,21.6,4.15,367.1
ADANIPORTS,15-Mar-19,28-Mar-19,360,13.9,6.55,367.1
ADANIPORTS,15-Mar-19,28-Mar-19,370,8.45,10.5,367.1
ADANIPORTS,15-Mar-19,28-Mar-19,380,4.5,16.75,367.1
ADANIPORTS,15-Mar-19,28-Mar-19,390,2.3,24.8,367.1
ADANIPORTS,15-Mar-19,28-Mar-19,400,1.1,35.35,367.1
ADANIPORTS,15-Mar-19,28-Mar-19,410,0.6,44.85,367.1
ADANIPORTS,15-Mar-19,28-Mar-19,420,22.95,51.2,367.1
ADANIPORTS,15-Mar-19,28-Mar-19,430,0.2,57.9,367.1
ADANIPORTS,15-Mar-19,28-Mar-19,440,1.3,65,367.1
ADANIPORTS,15-Mar-19,28-Mar-19,450,14.75,72.45,367.1
ADANIPORTS,15-Mar-19,28-Mar-19,460,12.65,80.15,367.1
ADANIPORTS,15-Mar-19,28-Mar-19,470,10.75,88.1,367.1
ADANIPORTS,15-Mar-19,28-Mar-19,250,139.2,0.6,367.1
ADANIPORTS,18-Mar-19,28-Mar-19,240,148.75,0.35,369
ADANIPORTS,18-Mar-19,28-Mar-19,480,9.2,96.35,369
ADANIPORTS,18-Mar-19,28-Mar-19,260,129.7,0.45,369
ADANIPORTS,18-Mar-19,28-Mar-19,270,120.4,0.1,369
ADANIPORTS,18-Mar-19,28-Mar-19,280,111.3,0.25,369
ADANIPORTS,18-Mar-19,28-Mar-19,290,102.4,0.3,369
ADANIPORTS,18-Mar-19,28-Mar-19,300,93.8,0.5,369
ADANIPORTS,18-Mar-19,28-Mar-19,310,85.55,0.7,369
ADANIPORTS,18-Mar-19,28-Mar-19,320,51.5,0.9,369
ADANIPORTS,18-Mar-19,28-Mar-19,330,42.55,1.4,369
ADANIPORTS,18-Mar-19,28-Mar-19,340,31.85,2.1,369
ADANIPORTS,18-Mar-19,28-Mar-19,350,24.55,3.55,369
ADANIPORTS,18-Mar-19,28-Mar-19,360,16.05,5.8,369
ADANIPORTS,18-Mar-19,28-Mar-19,370,9.8,9.35,369
ADANIPORTS,18-Mar-19,28-Mar-19,380,5.45,15.5,369
ADANIPORTS,18-Mar-19,28-Mar-19,390,2.9,21.4,369
ADANIPORTS,18-Mar-19,28-Mar-19,400,1.5,35.35,369
ADANIPORTS,18-Mar-19,28-Mar-19,410,0.7,44.85,369
ADANIPORTS,18-Mar-19,28-Mar-19,420,0.6,51.2,369
ADANIPORTS,18-Mar-19,28-Mar-19,430,0.5,57.9,369
ADANIPORTS,18-Mar-19,28-Mar-19,440,1.3,65,369
ADANIPORTS,18-Mar-19,28-Mar-19,450,14.75,72.45,369
ADANIPORTS,18-Mar-19,28-Mar-19,460,12.65,80.15,369
ADANIPORTS,18-Mar-19,28-Mar-19,470,10.75,88.1,369
ADANIPORTS,18-Mar-19,28-Mar-19,250,139.2,0.6,369
ADANIPORTS,19-Mar-19,28-Mar-19,240,148.75,0.35,365.75
ADANIPORTS,19-Mar-19,28-Mar-19,480,9.2,96.35,365.75
ADANIPORTS,19-Mar-19,28-Mar-19,260,129.7,0.45,365.75
ADANIPORTS,19-Mar-19,28-Mar-19,270,120.4,0.1,365.75
ADANIPORTS,19-Mar-19,28-Mar-19,280,111.3,0.25,365.75
ADANIPORTS,19-Mar-19,28-Mar-19,290,102.4,0.3,365.75
ADANIPORTS,19-Mar-19,28-Mar-19,300,93.8,0.35,365.75
ADANIPORTS,19-Mar-19,28-Mar-19,310,85.55,0.6,365.75
ADANIPORTS,19-Mar-19,28-Mar-19,320,51.5,0.65,365.75
ADANIPORTS,19-Mar-19,28-Mar-19,330,39,1.05,365.75
ADANIPORTS,19-Mar-19,28-Mar-19,340,28.7,1.65,365.75
ADANIPORTS,19-Mar-19,28-Mar-19,350,20.25,3.2,365.75
ADANIPORTS,19-Mar-19,28-Mar-19,360,13.05,5.6,365.75
ADANIPORTS,19-Mar-19,28-Mar-19,370,7.25,9.7,365.75
ADANIPORTS,19-Mar-19,28-Mar-19,380,3.75,15.5,365.75
ADANIPORTS,19-Mar-19,28-Mar-19,390,1.85,24,365.75
ADANIPORTS,19-Mar-19,28-Mar-19,400,0.85,35.35,365.75
ADANIPORTS,19-Mar-19,28-Mar-19,410,0.5,44.85,365.75
ADANIPORTS,19-Mar-19,28-Mar-19,420,0.6,51.2,365.75
ADANIPORTS,19-Mar-19,28-Mar-19,430,0.3,57.9,365.75
ADANIPORTS,19-Mar-19,28-Mar-19,440,1.3,65,365.75
ADANIPORTS,19-Mar-19,28-Mar-19,450,14.75,72.45,365.75
ADANIPORTS,19-Mar-19,28-Mar-19,460,12.65,80.15,365.75
ADANIPORTS,19-Mar-19,28-Mar-19,470,10.75,88.1,365.75
ADANIPORTS,19-Mar-19,28-Mar-19,250,139.2,0.6,365.75
ADANIPORTS,20-Mar-19,28-Mar-19,240,148.75,0.35,360.6
ADANIPORTS,20-Mar-19,28-Mar-19,480,9.2,96.35,360.6
ADANIPORTS,20-Mar-19,28-Mar-19,260,129.7,0.45,360.6
ADANIPORTS,20-Mar-19,28-Mar-19,270,120.4,0.2,360.6
ADANIPORTS,20-Mar-19,28-Mar-19,280,111.3,0.25,360.6
ADANIPORTS,20-Mar-19,28-Mar-19,290,102.4,0.15,360.6
ADANIPORTS,20-Mar-19,28-Mar-19,300,93.8,0.3,360.6
ADANIPORTS,20-Mar-19,28-Mar-19,310,85.55,0.5,360.6
ADANIPORTS,20-Mar-19,28-Mar-19,320,51.5,0.6,360.6
ADANIPORTS,20-Mar-19,28-Mar-19,330,39,1.15,360.6
ADANIPORTS,20-Mar-19,28-Mar-19,340,23,1.9,360.6
ADANIPORTS,20-Mar-19,28-Mar-19,350,15.5,3.6,360.6
ADANIPORTS,20-Mar-19,28-Mar-19,360,8.75,6.65,360.6
ADANIPORTS,20-Mar-19,28-Mar-19,370,4.25,12.3,360.6
ADANIPORTS,20-Mar-19,28-Mar-19,380,1.9,17.85,360.6
ADANIPORTS,20-Mar-19,28-Mar-19,390,0.85,27.8,360.6
ADANIPORTS,20-Mar-19,28-Mar-19,400,0.55,35.25,360.6
ADANIPORTS,20-Mar-19,28-Mar-19,410,0.35,44.85,360.6
ADANIPORTS,20-Mar-19,28-Mar-19,420,0.4,51.2,360.6
ADANIPORTS,20-Mar-19,28-Mar-19,430,0.3,57.9,360.6
ADANIPORTS,20-Mar-19,28-Mar-19,440,1.3,65,360.6
ADANIPORTS,20-Mar-19,28-Mar-19,450,14.75,72.45,360.6
ADANIPORTS,20-Mar-19,28-Mar-19,460,12.65,80.15,360.6
ADANIPORTS,20-Mar-19,28-Mar-19,470,10.75,88.1,360.6
ADANIPORTS,20-Mar-19,28-Mar-19,250,139.2,0.6,360.6
ADANIPORTS,22-Mar-19,28-Mar-19,240,148.75,0.35,360.75
ADANIPORTS,22-Mar-19,28-Mar-19,480,9.2,96.35,360.75
ADANIPORTS,22-Mar-19,28-Mar-19,260,129.7,0.45,360.75
ADANIPORTS,22-Mar-19,28-Mar-19,270,120.4,0.2,360.75
ADANIPORTS,22-Mar-19,28-Mar-19,280,111.3,0.1,360.75
ADANIPORTS,22-Mar-19,28-Mar-19,290,102.4,0.1,360.75
ADANIPORTS,22-Mar-19,28-Mar-19,300,93.8,0.25,360.75
ADANIPORTS,22-Mar-19,28-Mar-19,310,85.55,0.4,360.75
ADANIPORTS,22-Mar-19,28-Mar-19,320,51.5,0.55,360.75
ADANIPORTS,22-Mar-19,28-Mar-19,330,30.5,0.85,360.75
ADANIPORTS,22-Mar-19,28-Mar-19,340,22.5,1.35,360.75
ADANIPORTS,22-Mar-19,28-Mar-19,350,13.7,2.65,360.75
ADANIPORTS,22-Mar-19,28-Mar-19,360,7.2,5.45,360.75
ADANIPORTS,22-Mar-19,28-Mar-19,370,2.9,11,360.75
ADANIPORTS,22-Mar-19,28-Mar-19,380,1.1,23.8,360.75
ADANIPORTS,22-Mar-19,28-Mar-19,390,0.5,31,360.75
ADANIPORTS,22-Mar-19,28-Mar-19,400,0.4,39.05,360.75
ADANIPORTS,22-Mar-19,28-Mar-19,410,0.25,44.85,360.75
ADANIPORTS,22-Mar-19,28-Mar-19,420,0.15,51.2,360.75
ADANIPORTS,22-Mar-19,28-Mar-19,430,0.3,57.9,360.75
ADANIPORTS,22-Mar-19,28-Mar-19,440,1.3,65,360.75
ADANIPORTS,22-Mar-19,28-Mar-19,450,14.75,72.45,360.75
ADANIPORTS,22-Mar-19,28-Mar-19,460,12.65,80.15,360.75
ADANIPORTS,22-Mar-19,28-Mar-19,470,10.75,88.1,360.75
ADANIPORTS,22-Mar-19,28-Mar-19,250,139.2,0.6,360.75
ADANIPORTS,25-Mar-19,28-Mar-19,240,148.75,0.35,361.35
ADANIPORTS,25-Mar-19,28-Mar-19,480,9.2,96.35,361.35
ADANIPORTS,25-Mar-19,28-Mar-19,260,129.7,0.1,361.35
ADANIPORTS,25-Mar-19,28-Mar-19,270,120.4,0.2,361.35
ADANIPORTS,25-Mar-19,28-Mar-19,280,111.3,0.1,361.35
ADANIPORTS,25-Mar-19,28-Mar-19,290,102.4,0.1,361.35
ADANIPORTS,25-Mar-19,28-Mar-19,300,93.8,0.1,361.35
ADANIPORTS,25-Mar-19,28-Mar-19,310,85.55,0.2,361.35
ADANIPORTS,25-Mar-19,28-Mar-19,320,41.35,0.4,361.35
ADANIPORTS,25-Mar-19,28-Mar-19,330,32,0.5,361.35
ADANIPORTS,25-Mar-19,28-Mar-19,340,22.45,0.75,361.35
ADANIPORTS,25-Mar-19,28-Mar-19,350,13.5,1.6,361.35
ADANIPORTS,25-Mar-19,28-Mar-19,360,6.05,3.8,361.35
ADANIPORTS,25-Mar-19,28-Mar-19,370,2.05,10.5,361.35
ADANIPORTS,25-Mar-19,28-Mar-19,380,0.55,21.55,361.35
ADANIPORTS,25-Mar-19,28-Mar-19,390,0.35,31,361.35
ADANIPORTS,25-Mar-19,28-Mar-19,400,0.25,37.4,361.35
ADANIPORTS,25-Mar-19,28-Mar-19,410,0.25,44.85,361.35
ADANIPORTS,25-Mar-19,28-Mar-19,420,0.15,51.2,361.35
ADANIPORTS,25-Mar-19,28-Mar-19,430,0.3,57.9,361.35
ADANIPORTS,25-Mar-19,28-Mar-19,440,0.1,65,361.35
ADANIPORTS,25-Mar-19,28-Mar-19,450,14.75,72.45,361.35
ADANIPORTS,25-Mar-19,28-Mar-19,460,12.65,80.15,361.35
ADANIPORTS,25-Mar-19,28-Mar-19,470,10.75,88.1,361.35
ADANIPORTS,25-Mar-19,28-Mar-19,250,139.2,0.6,361.35
ADANIPORTS,26-Mar-19,28-Mar-19,240,148.75,0.35,368.6
ADANIPORTS,26-Mar-19,28-Mar-19,480,9.2,96.35,368.6
ADANIPORTS,26-Mar-19,28-Mar-19,260,129.7,0.1,368.6
ADANIPORTS,26-Mar-19,28-Mar-19,270,120.4,0.2,368.6
ADANIPORTS,26-Mar-19,28-Mar-19,280,111.3,0.1,368.6
ADANIPORTS,26-Mar-19,28-Mar-19,290,102.4,0.1,368.6
ADANIPORTS,26-Mar-19,28-Mar-19,300,93.8,0.05,368.6
ADANIPORTS,26-Mar-19,28-Mar-19,310,85.55,0.1,368.6
ADANIPORTS,26-Mar-19,28-Mar-19,320,47.05,0.2,368.6
ADANIPORTS,26-Mar-19,28-Mar-19,330,39.1,0.2,368.6
ADANIPORTS,26-Mar-19,28-Mar-19,340,29.9,0.3,368.6
ADANIPORTS,26-Mar-19,28-Mar-19,350,19.5,0.55,368.6
ADANIPORTS,26-Mar-19,28-Mar-19,360,9.95,0.85,368.6
ADANIPORTS,26-Mar-19,28-Mar-19,370,3.6,3.85,368.6
ADANIPORTS,26-Mar-19,28-Mar-19,380,0.75,12,368.6
ADANIPORTS,26-Mar-19,28-Mar-19,390,0.3,24.4,368.6
ADANIPORTS,26-Mar-19,28-Mar-19,400,0.25,37.4,368.6
ADANIPORTS,26-Mar-19,28-Mar-19,410,0.2,44.85,368.6
ADANIPORTS,26-Mar-19,28-Mar-19,420,0.2,51.2,368.6
ADANIPORTS,26-Mar-19,28-Mar-19,430,0.05,57.9,368.6
ADANIPORTS,26-Mar-19,28-Mar-19,440,0.1,65,368.6
ADANIPORTS,26-Mar-19,28-Mar-19,450,14.75,72.45,368.6
ADANIPORTS,26-Mar-19,28-Mar-19,460,12.65,80.15,368.6
ADANIPORTS,26-Mar-19,28-Mar-19,470,10.75,88.1,368.6
ADANIPORTS,26-Mar-19,28-Mar-19,250,139.2,0.6,368.6
ADANIPORTS,27-Mar-19,28-Mar-19,240,148.75,0.35,366.3
ADANIPORTS,27-Mar-19,28-Mar-19,480,9.2,96.35,366.3
ADANIPORTS,27-Mar-19,28-Mar-19,260,129.7,0.1,366.3
ADANIPORTS,27-Mar-19,28-Mar-19,270,120.4,0.2,366.3
ADANIPORTS,27-Mar-19,28-Mar-19,280,111.3,0.1,366.3
ADANIPORTS,27-Mar-19,28-Mar-19,290,102.4,0.05,366.3
ADANIPORTS,27-Mar-19,28-Mar-19,300,93.8,0.05,366.3
ADANIPORTS,27-Mar-19,28-Mar-19,310,85.55,0.15,366.3
ADANIPORTS,27-Mar-19,28-Mar-19,320,47.05,0.15,366.3
ADANIPORTS,27-Mar-19,28-Mar-19,330,36,0.25,366.3
ADANIPORTS,27-Mar-19,28-Mar-19,340,26.65,0.25,366.3
ADANIPORTS,27-Mar-19,28-Mar-19,350,17,0.4,366.3
ADANIPORTS,27-Mar-19,28-Mar-19,360,7.15,0.75,366.3
ADANIPORTS,27-Mar-19,28-Mar-19,370,1.65,4.55,366.3
ADANIPORTS,27-Mar-19,28-Mar-19,380,0.4,11.1,366.3
ADANIPORTS,27-Mar-19,28-Mar-19,390,0.15,24.4,366.3
ADANIPORTS,27-Mar-19,28-Mar-19,400,0.1,31.45,366.3
ADANIPORTS,27-Mar-19,28-Mar-19,410,0.05,44.85,366.3
ADANIPORTS,27-Mar-19,28-Mar-19,420,0.05,51.2,366.3
ADANIPORTS,27-Mar-19,28-Mar-19,430,0.05,57.9,366.3
ADANIPORTS,27-Mar-19,28-Mar-19,440,0.1,65,366.3
ADANIPORTS,27-Mar-19,28-Mar-19,450,14.75,72.45,366.3
ADANIPORTS,27-Mar-19,28-Mar-19,460,12.65,80.15,366.3
ADANIPORTS,27-Mar-19,28-Mar-19,470,10.75,88.1,366.3
ADANIPORTS,27-Mar-19,28-Mar-19,250,139.2,0.6,366.3
